,Name,Distance,Rating,Station Name
0,De Binnenkomer,599.4072940907039,4.7,Alkmaar
1,Vers Eten & Drinken,77.34336015072499,4.5,Alkmaar
2,Daikichi,54.04131208278735,4.0,Alkmaar
3,Burger King,38.753209797124605,3.0,Alkmaar
4,Deli,1009.748379483375,4.8,Alkmaar
5,Anne & Max,1050.9389047964175,4.8,Alkmaar
6,De Buren,1060.7939670377473,4.1,Alkmaar
7,King Sing,212.2733144925375,3.0,Alkmaar
8,Aloha,852.7449434363177,4.0,Alkmaar
9,Stadsstrand de Kade,620.6513341917654,5.0,Alkmaar
10,Alkmaars Koffiehuis,723.9196172713763,5.0,Alkmaar
11,Schots Restaurant Hielander,1008.5839781538273,3.8,Alkmaar
12,Saladebar Oogst,479.2986157354422,5.0,Alkmaar
13,Irish Pub Gunnery's,1101.3625315377635,5.0,Alkmaar
14,Mojo's,942.0027393749233,5.0,Alkmaar
15,Het Grand Cafeetje,935.7281656931732,4.0,Alkmaar
16,Horecacentrum De Studio,516.498093746401,5.0,Alkmaar
17,Vito,1485.8453538466451,4.3,Alkmaar
18,Abby's,852.017140325663,4.3,Alkmaar
19,Proeflokaal Bregje,525.2107427451322,2.3,Alkmaar
20,restaurant zegels,744.6440355872974,4.7,Alkmaar
21,Meat & Co,1020.6355087576528,4.3,Alkmaar
22,Fresh Food,93.87041630226362,0.0,Alkmaar
23,Petershoek Café,90.49918999393957,0.0,Alkmaar
24,Burgers & Zo,566.070511391871,3.5,Alkmaar
25,Pizzeria Ristorante La Famiglia,499.8180731679537,4.0,Alkmaar
26,Heeren van Sonoy,811.7969541676354,3.0,Alkmaar
27,Gulden Vlies,749.6198242086455,4.0,Alkmaar
28,La Cubanita Alkmaar,1019.1139257354848,5.0,Alkmaar
29,SuperThai Restaurant ,749.6106910535735,3.3,Alkmaar
30,Café-Bar Odeon,1117.6786219087742,4.0,Alkmaar
31,Grand Café Klunder,491.1964571528282,0.0,Alkmaar
32,1480 Food Bar,1019.4541370951409,4.0,Alkmaar
33,Restaurant Tapas &,1057.2459116972116,5.0,Alkmaar
34,Happy Italy,518.4117475871739,3.3,Alkmaar
35,Granada Grand Cafe & Restaurant,597.1834813755764,5.0,Alkmaar
36,Proeflokaal De Boom,942.184391949158,0.0,Alkmaar
37,Kunchai,994.5218072237367,4.5,Alkmaar
38,Cafe De Pilaren,1085.9413393183647,5.0,Alkmaar
39,Moeke,484.4824365505958,0.0,Alkmaar
40,De Amstelhoek,967.9020076874574,4.0,Alkmaar
41,Il Colosseo,738.3859911669595,5.0,Alkmaar
42,Rue de la Plume,789.023446360917,5.0,Alkmaar
43,'t Friethuys,937.8352468571736,5.0,Alkmaar
44,Taormina,1149.6070313784464,5.0,Alkmaar
45,Ristobar Italica,1083.0744620729238,2.4,Alkmaar
46,Le Bon,1008.7088239418918,4.0,Alkmaar
47,De Bonte Bengel,574.7221520255662,2.8,Alkmaar
48,Subway,861.8243738210845,5.0,Alkmaar
49,Cafe Bali,920.3244724023469,3.7,Alkmaar
50,De Binnenkomer,599.4072940907039,4.7,Amsterdam Noord
51,Vers Eten & Drinken,77.34336015072499,4.5,Amsterdam Noord
52,Daikichi,54.04131208278735,4.0,Amsterdam Noord
53,Burger King,38.753209797124605,3.0,Amsterdam Noord
54,Deli,1009.748379483375,4.8,Amsterdam Noord
55,Anne & Max,1050.9389047964175,4.8,Amsterdam Noord
56,De Buren,1060.7939670377473,4.1,Amsterdam Noord
57,King Sing,212.2733144925375,3.0,Amsterdam Noord
58,Aloha,852.7449434363177,4.0,Amsterdam Noord
59,Stadsstrand de Kade,620.6513341917654,5.0,Amsterdam Noord
60,Alkmaars Koffiehuis,723.9196172713763,5.0,Amsterdam Noord
61,Schots Restaurant Hielander,1008.5839781538273,3.8,Amsterdam Noord
62,Saladebar Oogst,479.2986157354422,5.0,Amsterdam Noord
63,Irish Pub Gunnery's,1101.3625315377635,5.0,Amsterdam Noord
64,Mojo's,942.0027393749233,5.0,Amsterdam Noord
65,Het Grand Cafeetje,935.7281656931732,4.0,Amsterdam Noord
66,Horecacentrum De Studio,516.498093746401,5.0,Amsterdam Noord
67,Vito,1485.8453538466451,4.3,Amsterdam Noord
68,Abby's,852.017140325663,4.3,Amsterdam Noord
69,Proeflokaal Bregje,525.2107427451322,2.3,Amsterdam Noord
70,restaurant zegels,744.6440355872974,4.7,Amsterdam Noord
71,Meat & Co,1020.6355087576528,4.3,Amsterdam Noord
72,Fresh Food,93.87041630226362,0.0,Amsterdam Noord
73,Petershoek Café,90.49918999393957,0.0,Amsterdam Noord
74,Burgers & Zo,566.070511391871,3.5,Amsterdam Noord
75,Pizzeria Ristorante La Famiglia,499.8180731679537,4.0,Amsterdam Noord
76,Heeren van Sonoy,811.7969541676354,3.0,Amsterdam Noord
77,Gulden Vlies,749.6198242086455,4.0,Amsterdam Noord
78,La Cubanita Alkmaar,1019.1139257354848,5.0,Amsterdam Noord
79,SuperThai Restaurant ,749.6106910535735,3.3,Amsterdam Noord
80,Café-Bar Odeon,1117.6786219087742,4.0,Amsterdam Noord
81,Grand Café Klunder,491.1964571528282,0.0,Amsterdam Noord
82,1480 Food Bar,1019.4541370951409,4.0,Amsterdam Noord
83,Restaurant Tapas &,1057.2459116972116,5.0,Amsterdam Noord
84,Happy Italy,518.4117475871739,3.3,Amsterdam Noord
85,Granada Grand Cafe & Restaurant,597.1834813755764,5.0,Amsterdam Noord
86,Proeflokaal De Boom,942.184391949158,0.0,Amsterdam Noord
87,Kunchai,994.5218072237367,4.5,Amsterdam Noord
88,Cafe De Pilaren,1085.9413393183647,5.0,Amsterdam Noord
89,Moeke,484.4824365505958,0.0,Amsterdam Noord
90,De Amstelhoek,967.9020076874574,4.0,Amsterdam Noord
91,Il Colosseo,738.3859911669595,5.0,Amsterdam Noord
92,Rue de la Plume,789.023446360917,5.0,Amsterdam Noord
93,'t Friethuys,937.8352468571736,5.0,Amsterdam Noord
94,Taormina,1149.6070313784464,5.0,Amsterdam Noord
95,Ristobar Italica,1083.0744620729238,2.4,Amsterdam Noord
96,Le Bon,1008.7088239418918,4.0,Amsterdam Noord
97,De Bonte Bengel,574.7221520255662,2.8,Amsterdam Noord
98,Subway,861.8243738210845,5.0,Amsterdam Noord
99,Cafe Bali,920.3244724023469,3.7,Amsterdam Noord
100,De Binnenkomer,599.4072940907039,4.7,Hoogeveen
101,Vers Eten & Drinken,77.34336015072499,4.5,Hoogeveen
102,Daikichi,54.04131208278735,4.0,Hoogeveen
103,Burger King,38.753209797124605,3.0,Hoogeveen
104,Deli,1009.748379483375,4.8,Hoogeveen
105,Anne & Max,1050.9389047964175,4.8,Hoogeveen
106,De Buren,1060.7939670377473,4.1,Hoogeveen
107,King Sing,212.2733144925375,3.0,Hoogeveen
108,Aloha,852.7449434363177,4.0,Hoogeveen
109,Stadsstrand de Kade,620.6513341917654,5.0,Hoogeveen
110,Alkmaars Koffiehuis,723.9196172713763,5.0,Hoogeveen
111,Schots Restaurant Hielander,1008.5839781538273,3.8,Hoogeveen
112,Saladebar Oogst,479.2986157354422,5.0,Hoogeveen
113,Irish Pub Gunnery's,1101.3625315377635,5.0,Hoogeveen
114,Mojo's,942.0027393749233,5.0,Hoogeveen
115,Het Grand Cafeetje,935.7281656931732,4.0,Hoogeveen
116,Horecacentrum De Studio,516.498093746401,5.0,Hoogeveen
117,Vito,1485.8453538466451,4.3,Hoogeveen
118,Abby's,852.017140325663,4.3,Hoogeveen
119,Proeflokaal Bregje,525.2107427451322,2.3,Hoogeveen
120,restaurant zegels,744.6440355872974,4.7,Hoogeveen
121,Meat & Co,1020.6355087576528,4.3,Hoogeveen
122,Fresh Food,93.87041630226362,0.0,Hoogeveen
123,Petershoek Café,90.49918999393957,0.0,Hoogeveen
124,Burgers & Zo,566.070511391871,3.5,Hoogeveen
125,Pizzeria Ristorante La Famiglia,499.8180731679537,4.0,Hoogeveen
126,Heeren van Sonoy,811.7969541676354,3.0,Hoogeveen
127,Gulden Vlies,749.6198242086455,4.0,Hoogeveen
128,La Cubanita Alkmaar,1019.1139257354848,5.0,Hoogeveen
129,SuperThai Restaurant ,749.6106910535735,3.3,Hoogeveen
130,Café-Bar Odeon,1117.6786219087742,4.0,Hoogeveen
131,Grand Café Klunder,491.1964571528282,0.0,Hoogeveen
132,1480 Food Bar,1019.4541370951409,4.0,Hoogeveen
133,Restaurant Tapas &,1057.2459116972116,5.0,Hoogeveen
134,Happy Italy,518.4117475871739,3.3,Hoogeveen
135,Granada Grand Cafe & Restaurant,597.1834813755764,5.0,Hoogeveen
136,Proeflokaal De Boom,942.184391949158,0.0,Hoogeveen
137,Kunchai,994.5218072237367,4.5,Hoogeveen
138,Cafe De Pilaren,1085.9413393183647,5.0,Hoogeveen
139,Moeke,484.4824365505958,0.0,Hoogeveen
140,De Amstelhoek,967.9020076874574,4.0,Hoogeveen
141,Il Colosseo,738.3859911669595,5.0,Hoogeveen
142,Rue de la Plume,789.023446360917,5.0,Hoogeveen
143,'t Friethuys,937.8352468571736,5.0,Hoogeveen
144,Taormina,1149.6070313784464,5.0,Hoogeveen
145,Ristobar Italica,1083.0744620729238,2.4,Hoogeveen
146,Le Bon,1008.7088239418918,4.0,Hoogeveen
147,De Bonte Bengel,574.7221520255662,2.8,Hoogeveen
148,Subway,861.8243738210845,5.0,Hoogeveen
149,Cafe Bali,920.3244724023469,3.7,Hoogeveen
150,De Binnenkomer,599.4072940907039,4.7,Zoetermeer Driemanspolder
151,Vers Eten & Drinken,77.34336015072499,4.5,Zoetermeer Driemanspolder
152,Daikichi,54.04131208278735,4.0,Zoetermeer Driemanspolder
153,Burger King,38.753209797124605,3.0,Zoetermeer Driemanspolder
154,Deli,1009.748379483375,4.8,Zoetermeer Driemanspolder
155,Anne & Max,1050.9389047964175,4.8,Zoetermeer Driemanspolder
156,De Buren,1060.7939670377473,4.1,Zoetermeer Driemanspolder
157,King Sing,212.2733144925375,3.0,Zoetermeer Driemanspolder
158,Aloha,852.7449434363177,4.0,Zoetermeer Driemanspolder
159,Stadsstrand de Kade,620.6513341917654,5.0,Zoetermeer Driemanspolder
160,Alkmaars Koffiehuis,723.9196172713763,5.0,Zoetermeer Driemanspolder
161,Schots Restaurant Hielander,1008.5839781538273,3.8,Zoetermeer Driemanspolder
162,Saladebar Oogst,479.2986157354422,5.0,Zoetermeer Driemanspolder
163,Irish Pub Gunnery's,1101.3625315377635,5.0,Zoetermeer Driemanspolder
164,Mojo's,942.0027393749233,5.0,Zoetermeer Driemanspolder
165,Het Grand Cafeetje,935.7281656931732,4.0,Zoetermeer Driemanspolder
166,Horecacentrum De Studio,516.498093746401,5.0,Zoetermeer Driemanspolder
167,Vito,1485.8453538466451,4.3,Zoetermeer Driemanspolder
168,Abby's,852.017140325663,4.3,Zoetermeer Driemanspolder
169,Proeflokaal Bregje,525.2107427451322,2.3,Zoetermeer Driemanspolder
170,restaurant zegels,744.6440355872974,4.7,Zoetermeer Driemanspolder
171,Meat & Co,1020.6355087576528,4.3,Zoetermeer Driemanspolder
172,Fresh Food,93.87041630226362,0.0,Zoetermeer Driemanspolder
173,Petershoek Café,90.49918999393957,0.0,Zoetermeer Driemanspolder
174,Burgers & Zo,566.070511391871,3.5,Zoetermeer Driemanspolder
175,Pizzeria Ristorante La Famiglia,499.8180731679537,4.0,Zoetermeer Driemanspolder
176,Heeren van Sonoy,811.7969541676354,3.0,Zoetermeer Driemanspolder
177,Gulden Vlies,749.6198242086455,4.0,Zoetermeer Driemanspolder
178,La Cubanita Alkmaar,1019.1139257354848,5.0,Zoetermeer Driemanspolder
179,SuperThai Restaurant ,749.6106910535735,3.3,Zoetermeer Driemanspolder
180,Café-Bar Odeon,1117.6786219087742,4.0,Zoetermeer Driemanspolder
181,Grand Café Klunder,491.1964571528282,0.0,Zoetermeer Driemanspolder
182,1480 Food Bar,1019.4541370951409,4.0,Zoetermeer Driemanspolder
183,Restaurant Tapas &,1057.2459116972116,5.0,Zoetermeer Driemanspolder
184,Happy Italy,518.4117475871739,3.3,Zoetermeer Driemanspolder
185,Granada Grand Cafe & Restaurant,597.1834813755764,5.0,Zoetermeer Driemanspolder
186,Proeflokaal De Boom,942.184391949158,0.0,Zoetermeer Driemanspolder
187,Kunchai,994.5218072237367,4.5,Zoetermeer Driemanspolder
188,Cafe De Pilaren,1085.9413393183647,5.0,Zoetermeer Driemanspolder
189,Moeke,484.4824365505958,0.0,Zoetermeer Driemanspolder
190,De Amstelhoek,967.9020076874574,4.0,Zoetermeer Driemanspolder
191,Il Colosseo,738.3859911669595,5.0,Zoetermeer Driemanspolder
192,Rue de la Plume,789.023446360917,5.0,Zoetermeer Driemanspolder
193,'t Friethuys,937.8352468571736,5.0,Zoetermeer Driemanspolder
194,Taormina,1149.6070313784464,5.0,Zoetermeer Driemanspolder
195,Ristobar Italica,1083.0744620729238,2.4,Zoetermeer Driemanspolder
196,Le Bon,1008.7088239418918,4.0,Zoetermeer Driemanspolder
197,De Bonte Bengel,574.7221520255662,2.8,Zoetermeer Driemanspolder
198,Subway,861.8243738210845,5.0,Zoetermeer Driemanspolder
199,Cafe Bali,920.3244724023469,3.7,Zoetermeer Driemanspolder
200,De Binnenkomer,599.4072940907039,4.7,Veenendaal Centrum
201,Vers Eten & Drinken,77.34336015072499,4.5,Veenendaal Centrum
202,Daikichi,54.04131208278735,4.0,Veenendaal Centrum
203,Burger King,38.753209797124605,3.0,Veenendaal Centrum
204,Deli,1009.748379483375,4.8,Veenendaal Centrum
205,Anne & Max,1050.9389047964175,4.8,Veenendaal Centrum
206,De Buren,1060.7939670377473,4.1,Veenendaal Centrum
207,King Sing,212.2733144925375,3.0,Veenendaal Centrum
208,Aloha,852.7449434363177,4.0,Veenendaal Centrum
209,Stadsstrand de Kade,620.6513341917654,5.0,Veenendaal Centrum
210,Alkmaars Koffiehuis,723.9196172713763,5.0,Veenendaal Centrum
211,Schots Restaurant Hielander,1008.5839781538273,3.8,Veenendaal Centrum
212,Saladebar Oogst,479.2986157354422,5.0,Veenendaal Centrum
213,Irish Pub Gunnery's,1101.3625315377635,5.0,Veenendaal Centrum
214,Mojo's,942.0027393749233,5.0,Veenendaal Centrum
215,Het Grand Cafeetje,935.7281656931732,4.0,Veenendaal Centrum
216,Horecacentrum De Studio,516.498093746401,5.0,Veenendaal Centrum
217,Vito,1485.8453538466451,4.3,Veenendaal Centrum
218,Abby's,852.017140325663,4.3,Veenendaal Centrum
219,Proeflokaal Bregje,525.2107427451322,2.3,Veenendaal Centrum
220,restaurant zegels,744.6440355872974,4.7,Veenendaal Centrum
221,Meat & Co,1020.6355087576528,4.3,Veenendaal Centrum
222,Fresh Food,93.87041630226362,0.0,Veenendaal Centrum
223,Petershoek Café,90.49918999393957,0.0,Veenendaal Centrum
224,Burgers & Zo,566.070511391871,3.5,Veenendaal Centrum
225,Pizzeria Ristorante La Famiglia,499.8180731679537,4.0,Veenendaal Centrum
226,Heeren van Sonoy,811.7969541676354,3.0,Veenendaal Centrum
227,Gulden Vlies,749.6198242086455,4.0,Veenendaal Centrum
228,La Cubanita Alkmaar,1019.1139257354848,5.0,Veenendaal Centrum
229,SuperThai Restaurant ,749.6106910535735,3.3,Veenendaal Centrum
230,Café-Bar Odeon,1117.6786219087742,4.0,Veenendaal Centrum
231,Grand Café Klunder,491.1964571528282,0.0,Veenendaal Centrum
232,1480 Food Bar,1019.4541370951409,4.0,Veenendaal Centrum
233,Restaurant Tapas &,1057.2459116972116,5.0,Veenendaal Centrum
234,Happy Italy,518.4117475871739,3.3,Veenendaal Centrum
235,Granada Grand Cafe & Restaurant,597.1834813755764,5.0,Veenendaal Centrum
236,Proeflokaal De Boom,942.184391949158,0.0,Veenendaal Centrum
237,Kunchai,994.5218072237367,4.5,Veenendaal Centrum
238,Cafe De Pilaren,1085.9413393183647,5.0,Veenendaal Centrum
239,Moeke,484.4824365505958,0.0,Veenendaal Centrum
240,De Amstelhoek,967.9020076874574,4.0,Veenendaal Centrum
241,Il Colosseo,738.3859911669595,5.0,Veenendaal Centrum
242,Rue de la Plume,789.023446360917,5.0,Veenendaal Centrum
243,'t Friethuys,937.8352468571736,5.0,Veenendaal Centrum
244,Taormina,1149.6070313784464,5.0,Veenendaal Centrum
245,Ristobar Italica,1083.0744620729238,2.4,Veenendaal Centrum
246,Le Bon,1008.7088239418918,4.0,Veenendaal Centrum
247,De Bonte Bengel,574.7221520255662,2.8,Veenendaal Centrum
248,Subway,861.8243738210845,5.0,Veenendaal Centrum
249,Cafe Bali,920.3244724023469,3.7,Veenendaal Centrum
250,De Binnenkomer,599.4072940907039,4.7,Sneek
251,Vers Eten & Drinken,77.34336015072499,4.5,Sneek
252,Daikichi,54.04131208278735,4.0,Sneek
253,Burger King,38.753209797124605,3.0,Sneek
254,Deli,1009.748379483375,4.8,Sneek
255,Anne & Max,1050.9389047964175,4.8,Sneek
256,De Buren,1060.7939670377473,4.1,Sneek
257,King Sing,212.2733144925375,3.0,Sneek
258,Aloha,852.7449434363177,4.0,Sneek
259,Stadsstrand de Kade,620.6513341917654,5.0,Sneek
260,Alkmaars Koffiehuis,723.9196172713763,5.0,Sneek
261,Schots Restaurant Hielander,1008.5839781538273,3.8,Sneek
262,Saladebar Oogst,479.2986157354422,5.0,Sneek
263,Irish Pub Gunnery's,1101.3625315377635,5.0,Sneek
264,Mojo's,942.0027393749233,5.0,Sneek
265,Het Grand Cafeetje,935.7281656931732,4.0,Sneek
266,Horecacentrum De Studio,516.498093746401,5.0,Sneek
267,Vito,1485.8453538466451,4.3,Sneek
268,Abby's,852.017140325663,4.3,Sneek
269,Proeflokaal Bregje,525.2107427451322,2.3,Sneek
270,restaurant zegels,744.6440355872974,4.7,Sneek
271,Meat & Co,1020.6355087576528,4.3,Sneek
272,Fresh Food,93.87041630226362,0.0,Sneek
273,Petershoek Café,90.49918999393957,0.0,Sneek
274,Burgers & Zo,566.070511391871,3.5,Sneek
275,Pizzeria Ristorante La Famiglia,499.8180731679537,4.0,Sneek
276,Heeren van Sonoy,811.7969541676354,3.0,Sneek
277,Gulden Vlies,749.6198242086455,4.0,Sneek
278,La Cubanita Alkmaar,1019.1139257354848,5.0,Sneek
279,SuperThai Restaurant ,749.6106910535735,3.3,Sneek
280,Café-Bar Odeon,1117.6786219087742,4.0,Sneek
281,Grand Café Klunder,491.1964571528282,0.0,Sneek
282,1480 Food Bar,1019.4541370951409,4.0,Sneek
283,Restaurant Tapas &,1057.2459116972116,5.0,Sneek
284,Happy Italy,518.4117475871739,3.3,Sneek
285,Granada Grand Cafe & Restaurant,597.1834813755764,5.0,Sneek
286,Proeflokaal De Boom,942.184391949158,0.0,Sneek
287,Kunchai,994.5218072237367,4.5,Sneek
288,Cafe De Pilaren,1085.9413393183647,5.0,Sneek
289,Moeke,484.4824365505958,0.0,Sneek
290,De Amstelhoek,967.9020076874574,4.0,Sneek
291,Il Colosseo,738.3859911669595,5.0,Sneek
292,Rue de la Plume,789.023446360917,5.0,Sneek
293,'t Friethuys,937.8352468571736,5.0,Sneek
294,Taormina,1149.6070313784464,5.0,Sneek
295,Ristobar Italica,1083.0744620729238,2.4,Sneek
296,Le Bon,1008.7088239418918,4.0,Sneek
297,De Bonte Bengel,574.7221520255662,2.8,Sneek
298,Subway,861.8243738210845,5.0,Sneek
299,Cafe Bali,920.3244724023469,3.7,Sneek
300,De Binnenkomer,599.4072940907039,4.7,Voorburg
301,Vers Eten & Drinken,77.34336015072499,4.5,Voorburg
302,Daikichi,54.04131208278735,4.0,Voorburg
303,Burger King,38.753209797124605,3.0,Voorburg
304,Deli,1009.748379483375,4.8,Voorburg
305,Anne & Max,1050.9389047964175,4.8,Voorburg
306,De Buren,1060.7939670377473,4.1,Voorburg
307,King Sing,212.2733144925375,3.0,Voorburg
308,Aloha,852.7449434363177,4.0,Voorburg
309,Stadsstrand de Kade,620.6513341917654,5.0,Voorburg
310,Alkmaars Koffiehuis,723.9196172713763,5.0,Voorburg
311,Schots Restaurant Hielander,1008.5839781538273,3.8,Voorburg
312,Saladebar Oogst,479.2986157354422,5.0,Voorburg
313,Irish Pub Gunnery's,1101.3625315377635,5.0,Voorburg
314,Mojo's,942.0027393749233,5.0,Voorburg
315,Het Grand Cafeetje,935.7281656931732,4.0,Voorburg
316,Horecacentrum De Studio,516.498093746401,5.0,Voorburg
317,Vito,1485.8453538466451,4.3,Voorburg
318,Abby's,852.017140325663,4.3,Voorburg
319,Proeflokaal Bregje,525.2107427451322,2.3,Voorburg
320,restaurant zegels,744.6440355872974,4.7,Voorburg
321,Meat & Co,1020.6355087576528,4.3,Voorburg
322,Fresh Food,93.87041630226362,0.0,Voorburg
323,Petershoek Café,90.49918999393957,0.0,Voorburg
324,Burgers & Zo,566.070511391871,3.5,Voorburg
325,Pizzeria Ristorante La Famiglia,499.8180731679537,4.0,Voorburg
326,Heeren van Sonoy,811.7969541676354,3.0,Voorburg
327,Gulden Vlies,749.6198242086455,4.0,Voorburg
328,La Cubanita Alkmaar,1019.1139257354848,5.0,Voorburg
329,SuperThai Restaurant ,749.6106910535735,3.3,Voorburg
330,Café-Bar Odeon,1117.6786219087742,4.0,Voorburg
331,Grand Café Klunder,491.1964571528282,0.0,Voorburg
332,1480 Food Bar,1019.4541370951409,4.0,Voorburg
333,Restaurant Tapas &,1057.2459116972116,5.0,Voorburg
334,Happy Italy,518.4117475871739,3.3,Voorburg
335,Granada Grand Cafe & Restaurant,597.1834813755764,5.0,Voorburg
336,Proeflokaal De Boom,942.184391949158,0.0,Voorburg
337,Kunchai,994.5218072237367,4.5,Voorburg
338,Cafe De Pilaren,1085.9413393183647,5.0,Voorburg
339,Moeke,484.4824365505958,0.0,Voorburg
340,De Amstelhoek,967.9020076874574,4.0,Voorburg
341,Il Colosseo,738.3859911669595,5.0,Voorburg
342,Rue de la Plume,789.023446360917,5.0,Voorburg
343,'t Friethuys,937.8352468571736,5.0,Voorburg
344,Taormina,1149.6070313784464,5.0,Voorburg
345,Ristobar Italica,1083.0744620729238,2.4,Voorburg
346,Le Bon,1008.7088239418918,4.0,Voorburg
347,De Bonte Bengel,574.7221520255662,2.8,Voorburg
348,Subway,861.8243738210845,5.0,Voorburg
349,Cafe Bali,920.3244724023469,3.7,Voorburg
350,De Binnenkomer,599.4072940907039,4.7,Oss
351,Vers Eten & Drinken,77.34336015072499,4.5,Oss
352,Daikichi,54.04131208278735,4.0,Oss
353,Burger King,38.753209797124605,3.0,Oss
354,Deli,1009.748379483375,4.8,Oss
355,Anne & Max,1050.9389047964175,4.8,Oss
356,De Buren,1060.7939670377473,4.1,Oss
357,King Sing,212.2733144925375,3.0,Oss
358,Aloha,852.7449434363177,4.0,Oss
359,Stadsstrand de Kade,620.6513341917654,5.0,Oss
360,Alkmaars Koffiehuis,723.9196172713763,5.0,Oss
361,Schots Restaurant Hielander,1008.5839781538273,3.8,Oss
362,Saladebar Oogst,479.2986157354422,5.0,Oss
363,Irish Pub Gunnery's,1101.3625315377635,5.0,Oss
364,Mojo's,942.0027393749233,5.0,Oss
365,Het Grand Cafeetje,935.7281656931732,4.0,Oss
366,Horecacentrum De Studio,516.498093746401,5.0,Oss
367,Vito,1485.8453538466451,4.3,Oss
368,Abby's,852.017140325663,4.3,Oss
369,Proeflokaal Bregje,525.2107427451322,2.3,Oss
370,restaurant zegels,744.6440355872974,4.7,Oss
371,Meat & Co,1020.6355087576528,4.3,Oss
372,Fresh Food,93.87041630226362,0.0,Oss
373,Petershoek Café,90.49918999393957,0.0,Oss
374,Burgers & Zo,566.070511391871,3.5,Oss
375,Pizzeria Ristorante La Famiglia,499.8180731679537,4.0,Oss
376,Heeren van Sonoy,811.7969541676354,3.0,Oss
377,Gulden Vlies,749.6198242086455,4.0,Oss
378,La Cubanita Alkmaar,1019.1139257354848,5.0,Oss
379,SuperThai Restaurant ,749.6106910535735,3.3,Oss
380,Café-Bar Odeon,1117.6786219087742,4.0,Oss
381,Grand Café Klunder,491.1964571528282,0.0,Oss
382,1480 Food Bar,1019.4541370951409,4.0,Oss
383,Restaurant Tapas &,1057.2459116972116,5.0,Oss
384,Happy Italy,518.4117475871739,3.3,Oss
385,Granada Grand Cafe & Restaurant,597.1834813755764,5.0,Oss
386,Proeflokaal De Boom,942.184391949158,0.0,Oss
387,Kunchai,994.5218072237367,4.5,Oss
388,Cafe De Pilaren,1085.9413393183647,5.0,Oss
389,Moeke,484.4824365505958,0.0,Oss
390,De Amstelhoek,967.9020076874574,4.0,Oss
391,Il Colosseo,738.3859911669595,5.0,Oss
392,Rue de la Plume,789.023446360917,5.0,Oss
393,'t Friethuys,937.8352468571736,5.0,Oss
394,Taormina,1149.6070313784464,5.0,Oss
395,Ristobar Italica,1083.0744620729238,2.4,Oss
396,Le Bon,1008.7088239418918,4.0,Oss
397,De Bonte Bengel,574.7221520255662,2.8,Oss
398,Subway,861.8243738210845,5.0,Oss
399,Cafe Bali,920.3244724023469,3.7,Oss
400,De Binnenkomer,599.4072940907039,4.7,Bussum Zuid
401,Vers Eten & Drinken,77.34336015072499,4.5,Bussum Zuid
402,Daikichi,54.04131208278735,4.0,Bussum Zuid
403,Burger King,38.753209797124605,3.0,Bussum Zuid
404,Deli,1009.748379483375,4.8,Bussum Zuid
405,Anne & Max,1050.9389047964175,4.8,Bussum Zuid
406,De Buren,1060.7939670377473,4.1,Bussum Zuid
407,King Sing,212.2733144925375,3.0,Bussum Zuid
408,Aloha,852.7449434363177,4.0,Bussum Zuid
409,Stadsstrand de Kade,620.6513341917654,5.0,Bussum Zuid
410,Alkmaars Koffiehuis,723.9196172713763,5.0,Bussum Zuid
411,Schots Restaurant Hielander,1008.5839781538273,3.8,Bussum Zuid
412,Saladebar Oogst,479.2986157354422,5.0,Bussum Zuid
413,Irish Pub Gunnery's,1101.3625315377635,5.0,Bussum Zuid
414,Mojo's,942.0027393749233,5.0,Bussum Zuid
415,Het Grand Cafeetje,935.7281656931732,4.0,Bussum Zuid
416,Horecacentrum De Studio,516.498093746401,5.0,Bussum Zuid
417,Vito,1485.8453538466451,4.3,Bussum Zuid
418,Abby's,852.017140325663,4.3,Bussum Zuid
419,Proeflokaal Bregje,525.2107427451322,2.3,Bussum Zuid
420,restaurant zegels,744.6440355872974,4.7,Bussum Zuid
421,Meat & Co,1020.6355087576528,4.3,Bussum Zuid
422,Fresh Food,93.87041630226362,0.0,Bussum Zuid
423,Petershoek Café,90.49918999393957,0.0,Bussum Zuid
424,Burgers & Zo,566.070511391871,3.5,Bussum Zuid
425,Pizzeria Ristorante La Famiglia,499.8180731679537,4.0,Bussum Zuid
426,Heeren van Sonoy,811.7969541676354,3.0,Bussum Zuid
427,Gulden Vlies,749.6198242086455,4.0,Bussum Zuid
428,La Cubanita Alkmaar,1019.1139257354848,5.0,Bussum Zuid
429,SuperThai Restaurant ,749.6106910535735,3.3,Bussum Zuid
430,Café-Bar Odeon,1117.6786219087742,4.0,Bussum Zuid
431,Grand Café Klunder,491.1964571528282,0.0,Bussum Zuid
432,1480 Food Bar,1019.4541370951409,4.0,Bussum Zuid
433,Restaurant Tapas &,1057.2459116972116,5.0,Bussum Zuid
434,Happy Italy,518.4117475871739,3.3,Bussum Zuid
435,Granada Grand Cafe & Restaurant,597.1834813755764,5.0,Bussum Zuid
436,Proeflokaal De Boom,942.184391949158,0.0,Bussum Zuid
437,Kunchai,994.5218072237367,4.5,Bussum Zuid
438,Cafe De Pilaren,1085.9413393183647,5.0,Bussum Zuid
439,Moeke,484.4824365505958,0.0,Bussum Zuid
440,De Amstelhoek,967.9020076874574,4.0,Bussum Zuid
441,Il Colosseo,738.3859911669595,5.0,Bussum Zuid
442,Rue de la Plume,789.023446360917,5.0,Bussum Zuid
443,'t Friethuys,937.8352468571736,5.0,Bussum Zuid
444,Taormina,1149.6070313784464,5.0,Bussum Zuid
445,Ristobar Italica,1083.0744620729238,2.4,Bussum Zuid
446,Le Bon,1008.7088239418918,4.0,Bussum Zuid
447,De Bonte Bengel,574.7221520255662,2.8,Bussum Zuid
448,Subway,861.8243738210845,5.0,Bussum Zuid
449,Cafe Bali,920.3244724023469,3.7,Bussum Zuid
450,De Binnenkomer,599.4072940907039,4.7,Boxmeer
451,Vers Eten & Drinken,77.34336015072499,4.5,Boxmeer
452,Daikichi,54.04131208278735,4.0,Boxmeer
453,Burger King,38.753209797124605,3.0,Boxmeer
454,Deli,1009.748379483375,4.8,Boxmeer
455,Anne & Max,1050.9389047964175,4.8,Boxmeer
456,De Buren,1060.7939670377473,4.1,Boxmeer
457,King Sing,212.2733144925375,3.0,Boxmeer
458,Aloha,852.7449434363177,4.0,Boxmeer
459,Stadsstrand de Kade,620.6513341917654,5.0,Boxmeer
460,Alkmaars Koffiehuis,723.9196172713763,5.0,Boxmeer
461,Schots Restaurant Hielander,1008.5839781538273,3.8,Boxmeer
462,Saladebar Oogst,479.2986157354422,5.0,Boxmeer
463,Irish Pub Gunnery's,1101.3625315377635,5.0,Boxmeer
464,Mojo's,942.0027393749233,5.0,Boxmeer
465,Het Grand Cafeetje,935.7281656931732,4.0,Boxmeer
466,Horecacentrum De Studio,516.498093746401,5.0,Boxmeer
467,Vito,1485.8453538466451,4.3,Boxmeer
468,Abby's,852.017140325663,4.3,Boxmeer
469,Proeflokaal Bregje,525.2107427451322,2.3,Boxmeer
470,restaurant zegels,744.6440355872974,4.7,Boxmeer
471,Meat & Co,1020.6355087576528,4.3,Boxmeer
472,Fresh Food,93.87041630226362,0.0,Boxmeer
473,Petershoek Café,90.49918999393957,0.0,Boxmeer
474,Burgers & Zo,566.070511391871,3.5,Boxmeer
475,Pizzeria Ristorante La Famiglia,499.8180731679537,4.0,Boxmeer
476,Heeren van Sonoy,811.7969541676354,3.0,Boxmeer
477,Gulden Vlies,749.6198242086455,4.0,Boxmeer
478,La Cubanita Alkmaar,1019.1139257354848,5.0,Boxmeer
479,SuperThai Restaurant ,749.6106910535735,3.3,Boxmeer
480,Café-Bar Odeon,1117.6786219087742,4.0,Boxmeer
481,Grand Café Klunder,491.1964571528282,0.0,Boxmeer
482,1480 Food Bar,1019.4541370951409,4.0,Boxmeer
483,Restaurant Tapas &,1057.2459116972116,5.0,Boxmeer
484,Happy Italy,518.4117475871739,3.3,Boxmeer
485,Granada Grand Cafe & Restaurant,597.1834813755764,5.0,Boxmeer
486,Proeflokaal De Boom,942.184391949158,0.0,Boxmeer
487,Kunchai,994.5218072237367,4.5,Boxmeer
488,Cafe De Pilaren,1085.9413393183647,5.0,Boxmeer
489,Moeke,484.4824365505958,0.0,Boxmeer
490,De Amstelhoek,967.9020076874574,4.0,Boxmeer
491,Il Colosseo,738.3859911669595,5.0,Boxmeer
492,Rue de la Plume,789.023446360917,5.0,Boxmeer
493,'t Friethuys,937.8352468571736,5.0,Boxmeer
494,Taormina,1149.6070313784464,5.0,Boxmeer
495,Ristobar Italica,1083.0744620729238,2.4,Boxmeer
496,Le Bon,1008.7088239418918,4.0,Boxmeer
497,De Bonte Bengel,574.7221520255662,2.8,Boxmeer
498,Subway,861.8243738210845,5.0,Boxmeer
499,Cafe Bali,920.3244724023469,3.7,Boxmeer
500,De Binnenkomer,599.4072940907039,4.7,Didam
501,Vers Eten & Drinken,77.34336015072499,4.5,Didam
502,Daikichi,54.04131208278735,4.0,Didam
503,Burger King,38.753209797124605,3.0,Didam
504,Deli,1009.748379483375,4.8,Didam
505,Anne & Max,1050.9389047964175,4.8,Didam
506,De Buren,1060.7939670377473,4.1,Didam
507,King Sing,212.2733144925375,3.0,Didam
508,Aloha,852.7449434363177,4.0,Didam
509,Stadsstrand de Kade,620.6513341917654,5.0,Didam
510,Alkmaars Koffiehuis,723.9196172713763,5.0,Didam
511,Schots Restaurant Hielander,1008.5839781538273,3.8,Didam
512,Saladebar Oogst,479.2986157354422,5.0,Didam
513,Irish Pub Gunnery's,1101.3625315377635,5.0,Didam
514,Mojo's,942.0027393749233,5.0,Didam
515,Het Grand Cafeetje,935.7281656931732,4.0,Didam
516,Horecacentrum De Studio,516.498093746401,5.0,Didam
517,Vito,1485.8453538466451,4.3,Didam
518,Abby's,852.017140325663,4.3,Didam
519,Proeflokaal Bregje,525.2107427451322,2.3,Didam
520,restaurant zegels,744.6440355872974,4.7,Didam
521,Meat & Co,1020.6355087576528,4.3,Didam
522,Fresh Food,93.87041630226362,0.0,Didam
523,Petershoek Café,90.49918999393957,0.0,Didam
524,Burgers & Zo,566.070511391871,3.5,Didam
525,Pizzeria Ristorante La Famiglia,499.8180731679537,4.0,Didam
526,Heeren van Sonoy,811.7969541676354,3.0,Didam
527,Gulden Vlies,749.6198242086455,4.0,Didam
528,La Cubanita Alkmaar,1019.1139257354848,5.0,Didam
529,SuperThai Restaurant ,749.6106910535735,3.3,Didam
530,Café-Bar Odeon,1117.6786219087742,4.0,Didam
531,Grand Café Klunder,491.1964571528282,0.0,Didam
532,1480 Food Bar,1019.4541370951409,4.0,Didam
533,Restaurant Tapas &,1057.2459116972116,5.0,Didam
534,Happy Italy,518.4117475871739,3.3,Didam
535,Granada Grand Cafe & Restaurant,597.1834813755764,5.0,Didam
536,Proeflokaal De Boom,942.184391949158,0.0,Didam
537,Kunchai,994.5218072237367,4.5,Didam
538,Cafe De Pilaren,1085.9413393183647,5.0,Didam
539,Moeke,484.4824365505958,0.0,Didam
540,De Amstelhoek,967.9020076874574,4.0,Didam
541,Il Colosseo,738.3859911669595,5.0,Didam
542,Rue de la Plume,789.023446360917,5.0,Didam
543,'t Friethuys,937.8352468571736,5.0,Didam
544,Taormina,1149.6070313784464,5.0,Didam
545,Ristobar Italica,1083.0744620729238,2.4,Didam
546,Le Bon,1008.7088239418918,4.0,Didam
547,De Bonte Bengel,574.7221520255662,2.8,Didam
548,Subway,861.8243738210845,5.0,Didam
549,Cafe Bali,920.3244724023469,3.7,Didam
550,De Binnenkomer,599.4072940907039,4.7,Delfzijl
551,Vers Eten & Drinken,77.34336015072499,4.5,Delfzijl
552,Daikichi,54.04131208278735,4.0,Delfzijl
553,Burger King,38.753209797124605,3.0,Delfzijl
554,Deli,1009.748379483375,4.8,Delfzijl
555,Anne & Max,1050.9389047964175,4.8,Delfzijl
556,De Buren,1060.7939670377473,4.1,Delfzijl
557,King Sing,212.2733144925375,3.0,Delfzijl
558,Aloha,852.7449434363177,4.0,Delfzijl
559,Stadsstrand de Kade,620.6513341917654,5.0,Delfzijl
560,Alkmaars Koffiehuis,723.9196172713763,5.0,Delfzijl
561,Schots Restaurant Hielander,1008.5839781538273,3.8,Delfzijl
562,Saladebar Oogst,479.2986157354422,5.0,Delfzijl
563,Irish Pub Gunnery's,1101.3625315377635,5.0,Delfzijl
564,Mojo's,942.0027393749233,5.0,Delfzijl
565,Het Grand Cafeetje,935.7281656931732,4.0,Delfzijl
566,Horecacentrum De Studio,516.498093746401,5.0,Delfzijl
567,Vito,1485.8453538466451,4.3,Delfzijl
568,Abby's,852.017140325663,4.3,Delfzijl
569,Proeflokaal Bregje,525.2107427451322,2.3,Delfzijl
570,restaurant zegels,744.6440355872974,4.7,Delfzijl
571,Meat & Co,1020.6355087576528,4.3,Delfzijl
572,Fresh Food,93.87041630226362,0.0,Delfzijl
573,Petershoek Café,90.49918999393957,0.0,Delfzijl
574,Burgers & Zo,566.070511391871,3.5,Delfzijl
575,Pizzeria Ristorante La Famiglia,499.8180731679537,4.0,Delfzijl
576,Heeren van Sonoy,811.7969541676354,3.0,Delfzijl
577,Gulden Vlies,749.6198242086455,4.0,Delfzijl
578,La Cubanita Alkmaar,1019.1139257354848,5.0,Delfzijl
579,SuperThai Restaurant ,749.6106910535735,3.3,Delfzijl
580,Café-Bar Odeon,1117.6786219087742,4.0,Delfzijl
581,Grand Café Klunder,491.1964571528282,0.0,Delfzijl
582,1480 Food Bar,1019.4541370951409,4.0,Delfzijl
583,Restaurant Tapas &,1057.2459116972116,5.0,Delfzijl
584,Happy Italy,518.4117475871739,3.3,Delfzijl
585,Granada Grand Cafe & Restaurant,597.1834813755764,5.0,Delfzijl
586,Proeflokaal De Boom,942.184391949158,0.0,Delfzijl
587,Kunchai,994.5218072237367,4.5,Delfzijl
588,Cafe De Pilaren,1085.9413393183647,5.0,Delfzijl
589,Moeke,484.4824365505958,0.0,Delfzijl
590,De Amstelhoek,967.9020076874574,4.0,Delfzijl
591,Il Colosseo,738.3859911669595,5.0,Delfzijl
592,Rue de la Plume,789.023446360917,5.0,Delfzijl
593,'t Friethuys,937.8352468571736,5.0,Delfzijl
594,Taormina,1149.6070313784464,5.0,Delfzijl
595,Ristobar Italica,1083.0744620729238,2.4,Delfzijl
596,Le Bon,1008.7088239418918,4.0,Delfzijl
597,De Bonte Bengel,574.7221520255662,2.8,Delfzijl
598,Subway,861.8243738210845,5.0,Delfzijl
599,Cafe Bali,920.3244724023469,3.7,Delfzijl
600,De Binnenkomer,599.4072940907039,4.7,Pijnacker Zuid
601,Vers Eten & Drinken,77.34336015072499,4.5,Pijnacker Zuid
602,Daikichi,54.04131208278735,4.0,Pijnacker Zuid
603,Burger King,38.753209797124605,3.0,Pijnacker Zuid
604,Deli,1009.748379483375,4.8,Pijnacker Zuid
605,Anne & Max,1050.9389047964175,4.8,Pijnacker Zuid
606,De Buren,1060.7939670377473,4.1,Pijnacker Zuid
607,King Sing,212.2733144925375,3.0,Pijnacker Zuid
608,Aloha,852.7449434363177,4.0,Pijnacker Zuid
609,Stadsstrand de Kade,620.6513341917654,5.0,Pijnacker Zuid
610,Alkmaars Koffiehuis,723.9196172713763,5.0,Pijnacker Zuid
611,Schots Restaurant Hielander,1008.5839781538273,3.8,Pijnacker Zuid
612,Saladebar Oogst,479.2986157354422,5.0,Pijnacker Zuid
613,Irish Pub Gunnery's,1101.3625315377635,5.0,Pijnacker Zuid
614,Mojo's,942.0027393749233,5.0,Pijnacker Zuid
615,Het Grand Cafeetje,935.7281656931732,4.0,Pijnacker Zuid
616,Horecacentrum De Studio,516.498093746401,5.0,Pijnacker Zuid
617,Vito,1485.8453538466451,4.3,Pijnacker Zuid
618,Abby's,852.017140325663,4.3,Pijnacker Zuid
619,Proeflokaal Bregje,525.2107427451322,2.3,Pijnacker Zuid
620,restaurant zegels,744.6440355872974,4.7,Pijnacker Zuid
621,Meat & Co,1020.6355087576528,4.3,Pijnacker Zuid
622,Fresh Food,93.87041630226362,0.0,Pijnacker Zuid
623,Petershoek Café,90.49918999393957,0.0,Pijnacker Zuid
624,Burgers & Zo,566.070511391871,3.5,Pijnacker Zuid
625,Pizzeria Ristorante La Famiglia,499.8180731679537,4.0,Pijnacker Zuid
626,Heeren van Sonoy,811.7969541676354,3.0,Pijnacker Zuid
627,Gulden Vlies,749.6198242086455,4.0,Pijnacker Zuid
628,La Cubanita Alkmaar,1019.1139257354848,5.0,Pijnacker Zuid
629,SuperThai Restaurant ,749.6106910535735,3.3,Pijnacker Zuid
630,Café-Bar Odeon,1117.6786219087742,4.0,Pijnacker Zuid
631,Grand Café Klunder,491.1964571528282,0.0,Pijnacker Zuid
632,1480 Food Bar,1019.4541370951409,4.0,Pijnacker Zuid
633,Restaurant Tapas &,1057.2459116972116,5.0,Pijnacker Zuid
634,Happy Italy,518.4117475871739,3.3,Pijnacker Zuid
635,Granada Grand Cafe & Restaurant,597.1834813755764,5.0,Pijnacker Zuid
636,Proeflokaal De Boom,942.184391949158,0.0,Pijnacker Zuid
637,Kunchai,994.5218072237367,4.5,Pijnacker Zuid
638,Cafe De Pilaren,1085.9413393183647,5.0,Pijnacker Zuid
639,Moeke,484.4824365505958,0.0,Pijnacker Zuid
640,De Amstelhoek,967.9020076874574,4.0,Pijnacker Zuid
641,Il Colosseo,738.3859911669595,5.0,Pijnacker Zuid
642,Rue de la Plume,789.023446360917,5.0,Pijnacker Zuid
643,'t Friethuys,937.8352468571736,5.0,Pijnacker Zuid
644,Taormina,1149.6070313784464,5.0,Pijnacker Zuid
645,Ristobar Italica,1083.0744620729238,2.4,Pijnacker Zuid
646,Le Bon,1008.7088239418918,4.0,Pijnacker Zuid
647,De Bonte Bengel,574.7221520255662,2.8,Pijnacker Zuid
648,Subway,861.8243738210845,5.0,Pijnacker Zuid
649,Cafe Bali,920.3244724023469,3.7,Pijnacker Zuid
650,De Binnenkomer,599.4072940907039,4.7,Maassluis
651,Vers Eten & Drinken,77.34336015072499,4.5,Maassluis
652,Daikichi,54.04131208278735,4.0,Maassluis
653,Burger King,38.753209797124605,3.0,Maassluis
654,Deli,1009.748379483375,4.8,Maassluis
655,Anne & Max,1050.9389047964175,4.8,Maassluis
656,De Buren,1060.7939670377473,4.1,Maassluis
657,King Sing,212.2733144925375,3.0,Maassluis
658,Aloha,852.7449434363177,4.0,Maassluis
659,Stadsstrand de Kade,620.6513341917654,5.0,Maassluis
660,Alkmaars Koffiehuis,723.9196172713763,5.0,Maassluis
661,Schots Restaurant Hielander,1008.5839781538273,3.8,Maassluis
662,Saladebar Oogst,479.2986157354422,5.0,Maassluis
663,Irish Pub Gunnery's,1101.3625315377635,5.0,Maassluis
664,Mojo's,942.0027393749233,5.0,Maassluis
665,Het Grand Cafeetje,935.7281656931732,4.0,Maassluis
666,Horecacentrum De Studio,516.498093746401,5.0,Maassluis
667,Vito,1485.8453538466451,4.3,Maassluis
668,Abby's,852.017140325663,4.3,Maassluis
669,Proeflokaal Bregje,525.2107427451322,2.3,Maassluis
670,restaurant zegels,744.6440355872974,4.7,Maassluis
671,Meat & Co,1020.6355087576528,4.3,Maassluis
672,Fresh Food,93.87041630226362,0.0,Maassluis
673,Petershoek Café,90.49918999393957,0.0,Maassluis
674,Burgers & Zo,566.070511391871,3.5,Maassluis
675,Pizzeria Ristorante La Famiglia,499.8180731679537,4.0,Maassluis
676,Heeren van Sonoy,811.7969541676354,3.0,Maassluis
677,Gulden Vlies,749.6198242086455,4.0,Maassluis
678,La Cubanita Alkmaar,1019.1139257354848,5.0,Maassluis
679,SuperThai Restaurant ,749.6106910535735,3.3,Maassluis
680,Café-Bar Odeon,1117.6786219087742,4.0,Maassluis
681,Grand Café Klunder,491.1964571528282,0.0,Maassluis
682,1480 Food Bar,1019.4541370951409,4.0,Maassluis
683,Restaurant Tapas &,1057.2459116972116,5.0,Maassluis
684,Happy Italy,518.4117475871739,3.3,Maassluis
685,Granada Grand Cafe & Restaurant,597.1834813755764,5.0,Maassluis
686,Proeflokaal De Boom,942.184391949158,0.0,Maassluis
687,Kunchai,994.5218072237367,4.5,Maassluis
688,Cafe De Pilaren,1085.9413393183647,5.0,Maassluis
689,Moeke,484.4824365505958,0.0,Maassluis
690,De Amstelhoek,967.9020076874574,4.0,Maassluis
691,Il Colosseo,738.3859911669595,5.0,Maassluis
692,Rue de la Plume,789.023446360917,5.0,Maassluis
693,'t Friethuys,937.8352468571736,5.0,Maassluis
694,Taormina,1149.6070313784464,5.0,Maassluis
695,Ristobar Italica,1083.0744620729238,2.4,Maassluis
696,Le Bon,1008.7088239418918,4.0,Maassluis
697,De Bonte Bengel,574.7221520255662,2.8,Maassluis
698,Subway,861.8243738210845,5.0,Maassluis
699,Cafe Bali,920.3244724023469,3.7,Maassluis
700,De Binnenkomer,599.4072940907039,4.7,OV-ebike Driebergen-Zeist
701,Vers Eten & Drinken,77.34336015072499,4.5,OV-ebike Driebergen-Zeist
702,Daikichi,54.04131208278735,4.0,OV-ebike Driebergen-Zeist
703,Burger King,38.753209797124605,3.0,OV-ebike Driebergen-Zeist
704,Deli,1009.748379483375,4.8,OV-ebike Driebergen-Zeist
705,Anne & Max,1050.9389047964175,4.8,OV-ebike Driebergen-Zeist
706,De Buren,1060.7939670377473,4.1,OV-ebike Driebergen-Zeist
707,King Sing,212.2733144925375,3.0,OV-ebike Driebergen-Zeist
708,Aloha,852.7449434363177,4.0,OV-ebike Driebergen-Zeist
709,Stadsstrand de Kade,620.6513341917654,5.0,OV-ebike Driebergen-Zeist
710,Alkmaars Koffiehuis,723.9196172713763,5.0,OV-ebike Driebergen-Zeist
711,Schots Restaurant Hielander,1008.5839781538273,3.8,OV-ebike Driebergen-Zeist
712,Saladebar Oogst,479.2986157354422,5.0,OV-ebike Driebergen-Zeist
713,Irish Pub Gunnery's,1101.3625315377635,5.0,OV-ebike Driebergen-Zeist
714,Mojo's,942.0027393749233,5.0,OV-ebike Driebergen-Zeist
715,Het Grand Cafeetje,935.7281656931732,4.0,OV-ebike Driebergen-Zeist
716,Horecacentrum De Studio,516.498093746401,5.0,OV-ebike Driebergen-Zeist
717,Vito,1485.8453538466451,4.3,OV-ebike Driebergen-Zeist
718,Abby's,852.017140325663,4.3,OV-ebike Driebergen-Zeist
719,Proeflokaal Bregje,525.2107427451322,2.3,OV-ebike Driebergen-Zeist
720,restaurant zegels,744.6440355872974,4.7,OV-ebike Driebergen-Zeist
721,Meat & Co,1020.6355087576528,4.3,OV-ebike Driebergen-Zeist
722,Fresh Food,93.87041630226362,0.0,OV-ebike Driebergen-Zeist
723,Petershoek Café,90.49918999393957,0.0,OV-ebike Driebergen-Zeist
724,Burgers & Zo,566.070511391871,3.5,OV-ebike Driebergen-Zeist
725,Pizzeria Ristorante La Famiglia,499.8180731679537,4.0,OV-ebike Driebergen-Zeist
726,Heeren van Sonoy,811.7969541676354,3.0,OV-ebike Driebergen-Zeist
727,Gulden Vlies,749.6198242086455,4.0,OV-ebike Driebergen-Zeist
728,La Cubanita Alkmaar,1019.1139257354848,5.0,OV-ebike Driebergen-Zeist
729,SuperThai Restaurant ,749.6106910535735,3.3,OV-ebike Driebergen-Zeist
730,Café-Bar Odeon,1117.6786219087742,4.0,OV-ebike Driebergen-Zeist
731,Grand Café Klunder,491.1964571528282,0.0,OV-ebike Driebergen-Zeist
732,1480 Food Bar,1019.4541370951409,4.0,OV-ebike Driebergen-Zeist
733,Restaurant Tapas &,1057.2459116972116,5.0,OV-ebike Driebergen-Zeist
734,Happy Italy,518.4117475871739,3.3,OV-ebike Driebergen-Zeist
735,Granada Grand Cafe & Restaurant,597.1834813755764,5.0,OV-ebike Driebergen-Zeist
736,Proeflokaal De Boom,942.184391949158,0.0,OV-ebike Driebergen-Zeist
737,Kunchai,994.5218072237367,4.5,OV-ebike Driebergen-Zeist
738,Cafe De Pilaren,1085.9413393183647,5.0,OV-ebike Driebergen-Zeist
739,Moeke,484.4824365505958,0.0,OV-ebike Driebergen-Zeist
740,De Amstelhoek,967.9020076874574,4.0,OV-ebike Driebergen-Zeist
741,Il Colosseo,738.3859911669595,5.0,OV-ebike Driebergen-Zeist
742,Rue de la Plume,789.023446360917,5.0,OV-ebike Driebergen-Zeist
743,'t Friethuys,937.8352468571736,5.0,OV-ebike Driebergen-Zeist
744,Taormina,1149.6070313784464,5.0,OV-ebike Driebergen-Zeist
745,Ristobar Italica,1083.0744620729238,2.4,OV-ebike Driebergen-Zeist
746,Le Bon,1008.7088239418918,4.0,OV-ebike Driebergen-Zeist
747,De Bonte Bengel,574.7221520255662,2.8,OV-ebike Driebergen-Zeist
748,Subway,861.8243738210845,5.0,OV-ebike Driebergen-Zeist
749,Cafe Bali,920.3244724023469,3.7,OV-ebike Driebergen-Zeist
750,De Binnenkomer,599.4072940907039,4.7,Amsterdam Sloterdijk
751,Vers Eten & Drinken,77.34336015072499,4.5,Amsterdam Sloterdijk
752,Daikichi,54.04131208278735,4.0,Amsterdam Sloterdijk
753,Burger King,38.753209797124605,3.0,Amsterdam Sloterdijk
754,Deli,1009.748379483375,4.8,Amsterdam Sloterdijk
755,Anne & Max,1050.9389047964175,4.8,Amsterdam Sloterdijk
756,De Buren,1060.7939670377473,4.1,Amsterdam Sloterdijk
757,King Sing,212.2733144925375,3.0,Amsterdam Sloterdijk
758,Aloha,852.7449434363177,4.0,Amsterdam Sloterdijk
759,Stadsstrand de Kade,620.6513341917654,5.0,Amsterdam Sloterdijk
760,Alkmaars Koffiehuis,723.9196172713763,5.0,Amsterdam Sloterdijk
761,Schots Restaurant Hielander,1008.5839781538273,3.8,Amsterdam Sloterdijk
762,Saladebar Oogst,479.2986157354422,5.0,Amsterdam Sloterdijk
763,Irish Pub Gunnery's,1101.3625315377635,5.0,Amsterdam Sloterdijk
764,Mojo's,942.0027393749233,5.0,Amsterdam Sloterdijk
765,Het Grand Cafeetje,935.7281656931732,4.0,Amsterdam Sloterdijk
766,Horecacentrum De Studio,516.498093746401,5.0,Amsterdam Sloterdijk
767,Vito,1485.8453538466451,4.3,Amsterdam Sloterdijk
768,Abby's,852.017140325663,4.3,Amsterdam Sloterdijk
769,Proeflokaal Bregje,525.2107427451322,2.3,Amsterdam Sloterdijk
770,restaurant zegels,744.6440355872974,4.7,Amsterdam Sloterdijk
771,Meat & Co,1020.6355087576528,4.3,Amsterdam Sloterdijk
772,Fresh Food,93.87041630226362,0.0,Amsterdam Sloterdijk
773,Petershoek Café,90.49918999393957,0.0,Amsterdam Sloterdijk
774,Burgers & Zo,566.070511391871,3.5,Amsterdam Sloterdijk
775,Pizzeria Ristorante La Famiglia,499.8180731679537,4.0,Amsterdam Sloterdijk
776,Heeren van Sonoy,811.7969541676354,3.0,Amsterdam Sloterdijk
777,Gulden Vlies,749.6198242086455,4.0,Amsterdam Sloterdijk
778,La Cubanita Alkmaar,1019.1139257354848,5.0,Amsterdam Sloterdijk
779,SuperThai Restaurant ,749.6106910535735,3.3,Amsterdam Sloterdijk
780,Café-Bar Odeon,1117.6786219087742,4.0,Amsterdam Sloterdijk
781,Grand Café Klunder,491.1964571528282,0.0,Amsterdam Sloterdijk
782,1480 Food Bar,1019.4541370951409,4.0,Amsterdam Sloterdijk
783,Restaurant Tapas &,1057.2459116972116,5.0,Amsterdam Sloterdijk
784,Happy Italy,518.4117475871739,3.3,Amsterdam Sloterdijk
785,Granada Grand Cafe & Restaurant,597.1834813755764,5.0,Amsterdam Sloterdijk
786,Proeflokaal De Boom,942.184391949158,0.0,Amsterdam Sloterdijk
787,Kunchai,994.5218072237367,4.5,Amsterdam Sloterdijk
788,Cafe De Pilaren,1085.9413393183647,5.0,Amsterdam Sloterdijk
789,Moeke,484.4824365505958,0.0,Amsterdam Sloterdijk
790,De Amstelhoek,967.9020076874574,4.0,Amsterdam Sloterdijk
791,Il Colosseo,738.3859911669595,5.0,Amsterdam Sloterdijk
792,Rue de la Plume,789.023446360917,5.0,Amsterdam Sloterdijk
793,'t Friethuys,937.8352468571736,5.0,Amsterdam Sloterdijk
794,Taormina,1149.6070313784464,5.0,Amsterdam Sloterdijk
795,Ristobar Italica,1083.0744620729238,2.4,Amsterdam Sloterdijk
796,Le Bon,1008.7088239418918,4.0,Amsterdam Sloterdijk
797,De Bonte Bengel,574.7221520255662,2.8,Amsterdam Sloterdijk
798,Subway,861.8243738210845,5.0,Amsterdam Sloterdijk
799,Cafe Bali,920.3244724023469,3.7,Amsterdam Sloterdijk
800,De Binnenkomer,599.4072940907039,4.7,Dieren
801,Vers Eten & Drinken,77.34336015072499,4.5,Dieren
802,Daikichi,54.04131208278735,4.0,Dieren
803,Burger King,38.753209797124605,3.0,Dieren
804,Deli,1009.748379483375,4.8,Dieren
805,Anne & Max,1050.9389047964175,4.8,Dieren
806,De Buren,1060.7939670377473,4.1,Dieren
807,King Sing,212.2733144925375,3.0,Dieren
808,Aloha,852.7449434363177,4.0,Dieren
809,Stadsstrand de Kade,620.6513341917654,5.0,Dieren
810,Alkmaars Koffiehuis,723.9196172713763,5.0,Dieren
811,Schots Restaurant Hielander,1008.5839781538273,3.8,Dieren
812,Saladebar Oogst,479.2986157354422,5.0,Dieren
813,Irish Pub Gunnery's,1101.3625315377635,5.0,Dieren
814,Mojo's,942.0027393749233,5.0,Dieren
815,Het Grand Cafeetje,935.7281656931732,4.0,Dieren
816,Horecacentrum De Studio,516.498093746401,5.0,Dieren
817,Vito,1485.8453538466451,4.3,Dieren
818,Abby's,852.017140325663,4.3,Dieren
819,Proeflokaal Bregje,525.2107427451322,2.3,Dieren
820,restaurant zegels,744.6440355872974,4.7,Dieren
821,Meat & Co,1020.6355087576528,4.3,Dieren
822,Fresh Food,93.87041630226362,0.0,Dieren
823,Petershoek Café,90.49918999393957,0.0,Dieren
824,Burgers & Zo,566.070511391871,3.5,Dieren
825,Pizzeria Ristorante La Famiglia,499.8180731679537,4.0,Dieren
826,Heeren van Sonoy,811.7969541676354,3.0,Dieren
827,Gulden Vlies,749.6198242086455,4.0,Dieren
828,La Cubanita Alkmaar,1019.1139257354848,5.0,Dieren
829,SuperThai Restaurant ,749.6106910535735,3.3,Dieren
830,Café-Bar Odeon,1117.6786219087742,4.0,Dieren
831,Grand Café Klunder,491.1964571528282,0.0,Dieren
832,1480 Food Bar,1019.4541370951409,4.0,Dieren
833,Restaurant Tapas &,1057.2459116972116,5.0,Dieren
834,Happy Italy,518.4117475871739,3.3,Dieren
835,Granada Grand Cafe & Restaurant,597.1834813755764,5.0,Dieren
836,Proeflokaal De Boom,942.184391949158,0.0,Dieren
837,Kunchai,994.5218072237367,4.5,Dieren
838,Cafe De Pilaren,1085.9413393183647,5.0,Dieren
839,Moeke,484.4824365505958,0.0,Dieren
840,De Amstelhoek,967.9020076874574,4.0,Dieren
841,Il Colosseo,738.3859911669595,5.0,Dieren
842,Rue de la Plume,789.023446360917,5.0,Dieren
843,'t Friethuys,937.8352468571736,5.0,Dieren
844,Taormina,1149.6070313784464,5.0,Dieren
845,Ristobar Italica,1083.0744620729238,2.4,Dieren
846,Le Bon,1008.7088239418918,4.0,Dieren
847,De Bonte Bengel,574.7221520255662,2.8,Dieren
848,Subway,861.8243738210845,5.0,Dieren
849,Cafe Bali,920.3244724023469,3.7,Dieren
850,De Binnenkomer,599.4072940907039,4.7,Utrecht Vaartsche Rijn Oosterkade
851,Vers Eten & Drinken,77.34336015072499,4.5,Utrecht Vaartsche Rijn Oosterkade
852,Daikichi,54.04131208278735,4.0,Utrecht Vaartsche Rijn Oosterkade
853,Burger King,38.753209797124605,3.0,Utrecht Vaartsche Rijn Oosterkade
854,Deli,1009.748379483375,4.8,Utrecht Vaartsche Rijn Oosterkade
855,Anne & Max,1050.9389047964175,4.8,Utrecht Vaartsche Rijn Oosterkade
856,De Buren,1060.7939670377473,4.1,Utrecht Vaartsche Rijn Oosterkade
857,King Sing,212.2733144925375,3.0,Utrecht Vaartsche Rijn Oosterkade
858,Aloha,852.7449434363177,4.0,Utrecht Vaartsche Rijn Oosterkade
859,Stadsstrand de Kade,620.6513341917654,5.0,Utrecht Vaartsche Rijn Oosterkade
860,Alkmaars Koffiehuis,723.9196172713763,5.0,Utrecht Vaartsche Rijn Oosterkade
861,Schots Restaurant Hielander,1008.5839781538273,3.8,Utrecht Vaartsche Rijn Oosterkade
862,Saladebar Oogst,479.2986157354422,5.0,Utrecht Vaartsche Rijn Oosterkade
863,Irish Pub Gunnery's,1101.3625315377635,5.0,Utrecht Vaartsche Rijn Oosterkade
864,Mojo's,942.0027393749233,5.0,Utrecht Vaartsche Rijn Oosterkade
865,Het Grand Cafeetje,935.7281656931732,4.0,Utrecht Vaartsche Rijn Oosterkade
866,Horecacentrum De Studio,516.498093746401,5.0,Utrecht Vaartsche Rijn Oosterkade
867,Vito,1485.8453538466451,4.3,Utrecht Vaartsche Rijn Oosterkade
868,Abby's,852.017140325663,4.3,Utrecht Vaartsche Rijn Oosterkade
869,Proeflokaal Bregje,525.2107427451322,2.3,Utrecht Vaartsche Rijn Oosterkade
870,restaurant zegels,744.6440355872974,4.7,Utrecht Vaartsche Rijn Oosterkade
871,Meat & Co,1020.6355087576528,4.3,Utrecht Vaartsche Rijn Oosterkade
872,Fresh Food,93.87041630226362,0.0,Utrecht Vaartsche Rijn Oosterkade
873,Petershoek Café,90.49918999393957,0.0,Utrecht Vaartsche Rijn Oosterkade
874,Burgers & Zo,566.070511391871,3.5,Utrecht Vaartsche Rijn Oosterkade
875,Pizzeria Ristorante La Famiglia,499.8180731679537,4.0,Utrecht Vaartsche Rijn Oosterkade
876,Heeren van Sonoy,811.7969541676354,3.0,Utrecht Vaartsche Rijn Oosterkade
877,Gulden Vlies,749.6198242086455,4.0,Utrecht Vaartsche Rijn Oosterkade
878,La Cubanita Alkmaar,1019.1139257354848,5.0,Utrecht Vaartsche Rijn Oosterkade
879,SuperThai Restaurant ,749.6106910535735,3.3,Utrecht Vaartsche Rijn Oosterkade
880,Café-Bar Odeon,1117.6786219087742,4.0,Utrecht Vaartsche Rijn Oosterkade
881,Grand Café Klunder,491.1964571528282,0.0,Utrecht Vaartsche Rijn Oosterkade
882,1480 Food Bar,1019.4541370951409,4.0,Utrecht Vaartsche Rijn Oosterkade
883,Restaurant Tapas &,1057.2459116972116,5.0,Utrecht Vaartsche Rijn Oosterkade
884,Happy Italy,518.4117475871739,3.3,Utrecht Vaartsche Rijn Oosterkade
885,Granada Grand Cafe & Restaurant,597.1834813755764,5.0,Utrecht Vaartsche Rijn Oosterkade
886,Proeflokaal De Boom,942.184391949158,0.0,Utrecht Vaartsche Rijn Oosterkade
887,Kunchai,994.5218072237367,4.5,Utrecht Vaartsche Rijn Oosterkade
888,Cafe De Pilaren,1085.9413393183647,5.0,Utrecht Vaartsche Rijn Oosterkade
889,Moeke,484.4824365505958,0.0,Utrecht Vaartsche Rijn Oosterkade
890,De Amstelhoek,967.9020076874574,4.0,Utrecht Vaartsche Rijn Oosterkade
891,Il Colosseo,738.3859911669595,5.0,Utrecht Vaartsche Rijn Oosterkade
892,Rue de la Plume,789.023446360917,5.0,Utrecht Vaartsche Rijn Oosterkade
893,'t Friethuys,937.8352468571736,5.0,Utrecht Vaartsche Rijn Oosterkade
894,Taormina,1149.6070313784464,5.0,Utrecht Vaartsche Rijn Oosterkade
895,Ristobar Italica,1083.0744620729238,2.4,Utrecht Vaartsche Rijn Oosterkade
896,Le Bon,1008.7088239418918,4.0,Utrecht Vaartsche Rijn Oosterkade
897,De Bonte Bengel,574.7221520255662,2.8,Utrecht Vaartsche Rijn Oosterkade
898,Subway,861.8243738210845,5.0,Utrecht Vaartsche Rijn Oosterkade
899,Cafe Bali,920.3244724023469,3.7,Utrecht Vaartsche Rijn Oosterkade
900,De Binnenkomer,599.4072940907039,4.7,Zoetermeer Centrum West
901,Vers Eten & Drinken,77.34336015072499,4.5,Zoetermeer Centrum West
902,Daikichi,54.04131208278735,4.0,Zoetermeer Centrum West
903,Burger King,38.753209797124605,3.0,Zoetermeer Centrum West
904,Deli,1009.748379483375,4.8,Zoetermeer Centrum West
905,Anne & Max,1050.9389047964175,4.8,Zoetermeer Centrum West
906,De Buren,1060.7939670377473,4.1,Zoetermeer Centrum West
907,King Sing,212.2733144925375,3.0,Zoetermeer Centrum West
908,Aloha,852.7449434363177,4.0,Zoetermeer Centrum West
909,Stadsstrand de Kade,620.6513341917654,5.0,Zoetermeer Centrum West
910,Alkmaars Koffiehuis,723.9196172713763,5.0,Zoetermeer Centrum West
911,Schots Restaurant Hielander,1008.5839781538273,3.8,Zoetermeer Centrum West
912,Saladebar Oogst,479.2986157354422,5.0,Zoetermeer Centrum West
913,Irish Pub Gunnery's,1101.3625315377635,5.0,Zoetermeer Centrum West
914,Mojo's,942.0027393749233,5.0,Zoetermeer Centrum West
915,Het Grand Cafeetje,935.7281656931732,4.0,Zoetermeer Centrum West
916,Horecacentrum De Studio,516.498093746401,5.0,Zoetermeer Centrum West
917,Vito,1485.8453538466451,4.3,Zoetermeer Centrum West
918,Abby's,852.017140325663,4.3,Zoetermeer Centrum West
919,Proeflokaal Bregje,525.2107427451322,2.3,Zoetermeer Centrum West
920,restaurant zegels,744.6440355872974,4.7,Zoetermeer Centrum West
921,Meat & Co,1020.6355087576528,4.3,Zoetermeer Centrum West
922,Fresh Food,93.87041630226362,0.0,Zoetermeer Centrum West
923,Petershoek Café,90.49918999393957,0.0,Zoetermeer Centrum West
924,Burgers & Zo,566.070511391871,3.5,Zoetermeer Centrum West
925,Pizzeria Ristorante La Famiglia,499.8180731679537,4.0,Zoetermeer Centrum West
926,Heeren van Sonoy,811.7969541676354,3.0,Zoetermeer Centrum West
927,Gulden Vlies,749.6198242086455,4.0,Zoetermeer Centrum West
928,La Cubanita Alkmaar,1019.1139257354848,5.0,Zoetermeer Centrum West
929,SuperThai Restaurant ,749.6106910535735,3.3,Zoetermeer Centrum West
930,Café-Bar Odeon,1117.6786219087742,4.0,Zoetermeer Centrum West
931,Grand Café Klunder,491.1964571528282,0.0,Zoetermeer Centrum West
932,1480 Food Bar,1019.4541370951409,4.0,Zoetermeer Centrum West
933,Restaurant Tapas &,1057.2459116972116,5.0,Zoetermeer Centrum West
934,Happy Italy,518.4117475871739,3.3,Zoetermeer Centrum West
935,Granada Grand Cafe & Restaurant,597.1834813755764,5.0,Zoetermeer Centrum West
936,Proeflokaal De Boom,942.184391949158,0.0,Zoetermeer Centrum West
937,Kunchai,994.5218072237367,4.5,Zoetermeer Centrum West
938,Cafe De Pilaren,1085.9413393183647,5.0,Zoetermeer Centrum West
939,Moeke,484.4824365505958,0.0,Zoetermeer Centrum West
940,De Amstelhoek,967.9020076874574,4.0,Zoetermeer Centrum West
941,Il Colosseo,738.3859911669595,5.0,Zoetermeer Centrum West
942,Rue de la Plume,789.023446360917,5.0,Zoetermeer Centrum West
943,'t Friethuys,937.8352468571736,5.0,Zoetermeer Centrum West
944,Taormina,1149.6070313784464,5.0,Zoetermeer Centrum West
945,Ristobar Italica,1083.0744620729238,2.4,Zoetermeer Centrum West
946,Le Bon,1008.7088239418918,4.0,Zoetermeer Centrum West
947,De Bonte Bengel,574.7221520255662,2.8,Zoetermeer Centrum West
948,Subway,861.8243738210845,5.0,Zoetermeer Centrum West
949,Cafe Bali,920.3244724023469,3.7,Zoetermeer Centrum West
950,De Binnenkomer,599.4072940907039,4.7,Woerden
951,Vers Eten & Drinken,77.34336015072499,4.5,Woerden
952,Daikichi,54.04131208278735,4.0,Woerden
953,Burger King,38.753209797124605,3.0,Woerden
954,Deli,1009.748379483375,4.8,Woerden
955,Anne & Max,1050.9389047964175,4.8,Woerden
956,De Buren,1060.7939670377473,4.1,Woerden
957,King Sing,212.2733144925375,3.0,Woerden
958,Aloha,852.7449434363177,4.0,Woerden
959,Stadsstrand de Kade,620.6513341917654,5.0,Woerden
960,Alkmaars Koffiehuis,723.9196172713763,5.0,Woerden
961,Schots Restaurant Hielander,1008.5839781538273,3.8,Woerden
962,Saladebar Oogst,479.2986157354422,5.0,Woerden
963,Irish Pub Gunnery's,1101.3625315377635,5.0,Woerden
964,Mojo's,942.0027393749233,5.0,Woerden
965,Het Grand Cafeetje,935.7281656931732,4.0,Woerden
966,Horecacentrum De Studio,516.498093746401,5.0,Woerden
967,Vito,1485.8453538466451,4.3,Woerden
968,Abby's,852.017140325663,4.3,Woerden
969,Proeflokaal Bregje,525.2107427451322,2.3,Woerden
970,restaurant zegels,744.6440355872974,4.7,Woerden
971,Meat & Co,1020.6355087576528,4.3,Woerden
972,Fresh Food,93.87041630226362,0.0,Woerden
973,Petershoek Café,90.49918999393957,0.0,Woerden
974,Burgers & Zo,566.070511391871,3.5,Woerden
975,Pizzeria Ristorante La Famiglia,499.8180731679537,4.0,Woerden
976,Heeren van Sonoy,811.7969541676354,3.0,Woerden
977,Gulden Vlies,749.6198242086455,4.0,Woerden
978,La Cubanita Alkmaar,1019.1139257354848,5.0,Woerden
979,SuperThai Restaurant ,749.6106910535735,3.3,Woerden
980,Café-Bar Odeon,1117.6786219087742,4.0,Woerden
981,Grand Café Klunder,491.1964571528282,0.0,Woerden
982,1480 Food Bar,1019.4541370951409,4.0,Woerden
983,Restaurant Tapas &,1057.2459116972116,5.0,Woerden
984,Happy Italy,518.4117475871739,3.3,Woerden
985,Granada Grand Cafe & Restaurant,597.1834813755764,5.0,Woerden
986,Proeflokaal De Boom,942.184391949158,0.0,Woerden
987,Kunchai,994.5218072237367,4.5,Woerden
988,Cafe De Pilaren,1085.9413393183647,5.0,Woerden
989,Moeke,484.4824365505958,0.0,Woerden
990,De Amstelhoek,967.9020076874574,4.0,Woerden
991,Il Colosseo,738.3859911669595,5.0,Woerden
992,Rue de la Plume,789.023446360917,5.0,Woerden
993,'t Friethuys,937.8352468571736,5.0,Woerden
994,Taormina,1149.6070313784464,5.0,Woerden
995,Ristobar Italica,1083.0744620729238,2.4,Woerden
996,Le Bon,1008.7088239418918,4.0,Woerden
997,De Bonte Bengel,574.7221520255662,2.8,Woerden
998,Subway,861.8243738210845,5.0,Woerden
999,Cafe Bali,920.3244724023469,3.7,Woerden
1000,De Binnenkomer,599.4072940907039,4.7,Almelo
1001,Vers Eten & Drinken,77.34336015072499,4.5,Almelo
1002,Daikichi,54.04131208278735,4.0,Almelo
1003,Burger King,38.753209797124605,3.0,Almelo
1004,Deli,1009.748379483375,4.8,Almelo
1005,Anne & Max,1050.9389047964175,4.8,Almelo
1006,De Buren,1060.7939670377473,4.1,Almelo
1007,King Sing,212.2733144925375,3.0,Almelo
1008,Aloha,852.7449434363177,4.0,Almelo
1009,Stadsstrand de Kade,620.6513341917654,5.0,Almelo
1010,Alkmaars Koffiehuis,723.9196172713763,5.0,Almelo
1011,Schots Restaurant Hielander,1008.5839781538273,3.8,Almelo
1012,Saladebar Oogst,479.2986157354422,5.0,Almelo
1013,Irish Pub Gunnery's,1101.3625315377635,5.0,Almelo
1014,Mojo's,942.0027393749233,5.0,Almelo
1015,Het Grand Cafeetje,935.7281656931732,4.0,Almelo
1016,Horecacentrum De Studio,516.498093746401,5.0,Almelo
1017,Vito,1485.8453538466451,4.3,Almelo
1018,Abby's,852.017140325663,4.3,Almelo
1019,Proeflokaal Bregje,525.2107427451322,2.3,Almelo
1020,restaurant zegels,744.6440355872974,4.7,Almelo
1021,Meat & Co,1020.6355087576528,4.3,Almelo
1022,Fresh Food,93.87041630226362,0.0,Almelo
1023,Petershoek Café,90.49918999393957,0.0,Almelo
1024,Burgers & Zo,566.070511391871,3.5,Almelo
1025,Pizzeria Ristorante La Famiglia,499.8180731679537,4.0,Almelo
1026,Heeren van Sonoy,811.7969541676354,3.0,Almelo
1027,Gulden Vlies,749.6198242086455,4.0,Almelo
1028,La Cubanita Alkmaar,1019.1139257354848,5.0,Almelo
1029,SuperThai Restaurant ,749.6106910535735,3.3,Almelo
1030,Café-Bar Odeon,1117.6786219087742,4.0,Almelo
1031,Grand Café Klunder,491.1964571528282,0.0,Almelo
1032,1480 Food Bar,1019.4541370951409,4.0,Almelo
1033,Restaurant Tapas &,1057.2459116972116,5.0,Almelo
1034,Happy Italy,518.4117475871739,3.3,Almelo
1035,Granada Grand Cafe & Restaurant,597.1834813755764,5.0,Almelo
1036,Proeflokaal De Boom,942.184391949158,0.0,Almelo
1037,Kunchai,994.5218072237367,4.5,Almelo
1038,Cafe De Pilaren,1085.9413393183647,5.0,Almelo
1039,Moeke,484.4824365505958,0.0,Almelo
1040,De Amstelhoek,967.9020076874574,4.0,Almelo
1041,Il Colosseo,738.3859911669595,5.0,Almelo
1042,Rue de la Plume,789.023446360917,5.0,Almelo
1043,'t Friethuys,937.8352468571736,5.0,Almelo
1044,Taormina,1149.6070313784464,5.0,Almelo
1045,Ristobar Italica,1083.0744620729238,2.4,Almelo
1046,Le Bon,1008.7088239418918,4.0,Almelo
1047,De Bonte Bengel,574.7221520255662,2.8,Almelo
1048,Subway,861.8243738210845,5.0,Almelo
1049,Cafe Bali,920.3244724023469,3.7,Almelo
1050,De Binnenkomer,599.4072940907039,4.7,Duiven 
1051,Vers Eten & Drinken,77.34336015072499,4.5,Duiven 
1052,Daikichi,54.04131208278735,4.0,Duiven 
1053,Burger King,38.753209797124605,3.0,Duiven 
1054,Deli,1009.748379483375,4.8,Duiven 
1055,Anne & Max,1050.9389047964175,4.8,Duiven 
1056,De Buren,1060.7939670377473,4.1,Duiven 
1057,King Sing,212.2733144925375,3.0,Duiven 
1058,Aloha,852.7449434363177,4.0,Duiven 
1059,Stadsstrand de Kade,620.6513341917654,5.0,Duiven 
1060,Alkmaars Koffiehuis,723.9196172713763,5.0,Duiven 
1061,Schots Restaurant Hielander,1008.5839781538273,3.8,Duiven 
1062,Saladebar Oogst,479.2986157354422,5.0,Duiven 
1063,Irish Pub Gunnery's,1101.3625315377635,5.0,Duiven 
1064,Mojo's,942.0027393749233,5.0,Duiven 
1065,Het Grand Cafeetje,935.7281656931732,4.0,Duiven 
1066,Horecacentrum De Studio,516.498093746401,5.0,Duiven 
1067,Vito,1485.8453538466451,4.3,Duiven 
1068,Abby's,852.017140325663,4.3,Duiven 
1069,Proeflokaal Bregje,525.2107427451322,2.3,Duiven 
1070,restaurant zegels,744.6440355872974,4.7,Duiven 
1071,Meat & Co,1020.6355087576528,4.3,Duiven 
1072,Fresh Food,93.87041630226362,0.0,Duiven 
1073,Petershoek Café,90.49918999393957,0.0,Duiven 
1074,Burgers & Zo,566.070511391871,3.5,Duiven 
1075,Pizzeria Ristorante La Famiglia,499.8180731679537,4.0,Duiven 
1076,Heeren van Sonoy,811.7969541676354,3.0,Duiven 
1077,Gulden Vlies,749.6198242086455,4.0,Duiven 
1078,La Cubanita Alkmaar,1019.1139257354848,5.0,Duiven 
1079,SuperThai Restaurant ,749.6106910535735,3.3,Duiven 
1080,Café-Bar Odeon,1117.6786219087742,4.0,Duiven 
1081,Grand Café Klunder,491.1964571528282,0.0,Duiven 
1082,1480 Food Bar,1019.4541370951409,4.0,Duiven 
1083,Restaurant Tapas &,1057.2459116972116,5.0,Duiven 
1084,Happy Italy,518.4117475871739,3.3,Duiven 
1085,Granada Grand Cafe & Restaurant,597.1834813755764,5.0,Duiven 
1086,Proeflokaal De Boom,942.184391949158,0.0,Duiven 
1087,Kunchai,994.5218072237367,4.5,Duiven 
1088,Cafe De Pilaren,1085.9413393183647,5.0,Duiven 
1089,Moeke,484.4824365505958,0.0,Duiven 
1090,De Amstelhoek,967.9020076874574,4.0,Duiven 
1091,Il Colosseo,738.3859911669595,5.0,Duiven 
1092,Rue de la Plume,789.023446360917,5.0,Duiven 
1093,'t Friethuys,937.8352468571736,5.0,Duiven 
1094,Taormina,1149.6070313784464,5.0,Duiven 
1095,Ristobar Italica,1083.0744620729238,2.4,Duiven 
1096,Le Bon,1008.7088239418918,4.0,Duiven 
1097,De Bonte Bengel,574.7221520255662,2.8,Duiven 
1098,Subway,861.8243738210845,5.0,Duiven 
1099,Cafe Bali,920.3244724023469,3.7,Duiven 
1100,De Binnenkomer,599.4072940907039,4.7,OV-ebike Groningen
1101,Vers Eten & Drinken,77.34336015072499,4.5,OV-ebike Groningen
1102,Daikichi,54.04131208278735,4.0,OV-ebike Groningen
1103,Burger King,38.753209797124605,3.0,OV-ebike Groningen
1104,Deli,1009.748379483375,4.8,OV-ebike Groningen
1105,Anne & Max,1050.9389047964175,4.8,OV-ebike Groningen
1106,De Buren,1060.7939670377473,4.1,OV-ebike Groningen
1107,King Sing,212.2733144925375,3.0,OV-ebike Groningen
1108,Aloha,852.7449434363177,4.0,OV-ebike Groningen
1109,Stadsstrand de Kade,620.6513341917654,5.0,OV-ebike Groningen
1110,Alkmaars Koffiehuis,723.9196172713763,5.0,OV-ebike Groningen
1111,Schots Restaurant Hielander,1008.5839781538273,3.8,OV-ebike Groningen
1112,Saladebar Oogst,479.2986157354422,5.0,OV-ebike Groningen
1113,Irish Pub Gunnery's,1101.3625315377635,5.0,OV-ebike Groningen
1114,Mojo's,942.0027393749233,5.0,OV-ebike Groningen
1115,Het Grand Cafeetje,935.7281656931732,4.0,OV-ebike Groningen
1116,Horecacentrum De Studio,516.498093746401,5.0,OV-ebike Groningen
1117,Vito,1485.8453538466451,4.3,OV-ebike Groningen
1118,Abby's,852.017140325663,4.3,OV-ebike Groningen
1119,Proeflokaal Bregje,525.2107427451322,2.3,OV-ebike Groningen
1120,restaurant zegels,744.6440355872974,4.7,OV-ebike Groningen
1121,Meat & Co,1020.6355087576528,4.3,OV-ebike Groningen
1122,Fresh Food,93.87041630226362,0.0,OV-ebike Groningen
1123,Petershoek Café,90.49918999393957,0.0,OV-ebike Groningen
1124,Burgers & Zo,566.070511391871,3.5,OV-ebike Groningen
1125,Pizzeria Ristorante La Famiglia,499.8180731679537,4.0,OV-ebike Groningen
1126,Heeren van Sonoy,811.7969541676354,3.0,OV-ebike Groningen
1127,Gulden Vlies,749.6198242086455,4.0,OV-ebike Groningen
1128,La Cubanita Alkmaar,1019.1139257354848,5.0,OV-ebike Groningen
1129,SuperThai Restaurant ,749.6106910535735,3.3,OV-ebike Groningen
1130,Café-Bar Odeon,1117.6786219087742,4.0,OV-ebike Groningen
1131,Grand Café Klunder,491.1964571528282,0.0,OV-ebike Groningen
1132,1480 Food Bar,1019.4541370951409,4.0,OV-ebike Groningen
1133,Restaurant Tapas &,1057.2459116972116,5.0,OV-ebike Groningen
1134,Happy Italy,518.4117475871739,3.3,OV-ebike Groningen
1135,Granada Grand Cafe & Restaurant,597.1834813755764,5.0,OV-ebike Groningen
1136,Proeflokaal De Boom,942.184391949158,0.0,OV-ebike Groningen
1137,Kunchai,994.5218072237367,4.5,OV-ebike Groningen
1138,Cafe De Pilaren,1085.9413393183647,5.0,OV-ebike Groningen
1139,Moeke,484.4824365505958,0.0,OV-ebike Groningen
1140,De Amstelhoek,967.9020076874574,4.0,OV-ebike Groningen
1141,Il Colosseo,738.3859911669595,5.0,OV-ebike Groningen
1142,Rue de la Plume,789.023446360917,5.0,OV-ebike Groningen
1143,'t Friethuys,937.8352468571736,5.0,OV-ebike Groningen
1144,Taormina,1149.6070313784464,5.0,OV-ebike Groningen
1145,Ristobar Italica,1083.0744620729238,2.4,OV-ebike Groningen
1146,Le Bon,1008.7088239418918,4.0,OV-ebike Groningen
1147,De Bonte Bengel,574.7221520255662,2.8,OV-ebike Groningen
1148,Subway,861.8243738210845,5.0,OV-ebike Groningen
1149,Cafe Bali,920.3244724023469,3.7,OV-ebike Groningen
1150,De Binnenkomer,599.4072940907039,4.7,Lelystad Centrum
1151,Vers Eten & Drinken,77.34336015072499,4.5,Lelystad Centrum
1152,Daikichi,54.04131208278735,4.0,Lelystad Centrum
1153,Burger King,38.753209797124605,3.0,Lelystad Centrum
1154,Deli,1009.748379483375,4.8,Lelystad Centrum
1155,Anne & Max,1050.9389047964175,4.8,Lelystad Centrum
1156,De Buren,1060.7939670377473,4.1,Lelystad Centrum
1157,King Sing,212.2733144925375,3.0,Lelystad Centrum
1158,Aloha,852.7449434363177,4.0,Lelystad Centrum
1159,Stadsstrand de Kade,620.6513341917654,5.0,Lelystad Centrum
1160,Alkmaars Koffiehuis,723.9196172713763,5.0,Lelystad Centrum
1161,Schots Restaurant Hielander,1008.5839781538273,3.8,Lelystad Centrum
1162,Saladebar Oogst,479.2986157354422,5.0,Lelystad Centrum
1163,Irish Pub Gunnery's,1101.3625315377635,5.0,Lelystad Centrum
1164,Mojo's,942.0027393749233,5.0,Lelystad Centrum
1165,Het Grand Cafeetje,935.7281656931732,4.0,Lelystad Centrum
1166,Horecacentrum De Studio,516.498093746401,5.0,Lelystad Centrum
1167,Vito,1485.8453538466451,4.3,Lelystad Centrum
1168,Abby's,852.017140325663,4.3,Lelystad Centrum
1169,Proeflokaal Bregje,525.2107427451322,2.3,Lelystad Centrum
1170,restaurant zegels,744.6440355872974,4.7,Lelystad Centrum
1171,Meat & Co,1020.6355087576528,4.3,Lelystad Centrum
1172,Fresh Food,93.87041630226362,0.0,Lelystad Centrum
1173,Petershoek Café,90.49918999393957,0.0,Lelystad Centrum
1174,Burgers & Zo,566.070511391871,3.5,Lelystad Centrum
1175,Pizzeria Ristorante La Famiglia,499.8180731679537,4.0,Lelystad Centrum
1176,Heeren van Sonoy,811.7969541676354,3.0,Lelystad Centrum
1177,Gulden Vlies,749.6198242086455,4.0,Lelystad Centrum
1178,La Cubanita Alkmaar,1019.1139257354848,5.0,Lelystad Centrum
1179,SuperThai Restaurant ,749.6106910535735,3.3,Lelystad Centrum
1180,Café-Bar Odeon,1117.6786219087742,4.0,Lelystad Centrum
1181,Grand Café Klunder,491.1964571528282,0.0,Lelystad Centrum
1182,1480 Food Bar,1019.4541370951409,4.0,Lelystad Centrum
1183,Restaurant Tapas &,1057.2459116972116,5.0,Lelystad Centrum
1184,Happy Italy,518.4117475871739,3.3,Lelystad Centrum
1185,Granada Grand Cafe & Restaurant,597.1834813755764,5.0,Lelystad Centrum
1186,Proeflokaal De Boom,942.184391949158,0.0,Lelystad Centrum
1187,Kunchai,994.5218072237367,4.5,Lelystad Centrum
1188,Cafe De Pilaren,1085.9413393183647,5.0,Lelystad Centrum
1189,Moeke,484.4824365505958,0.0,Lelystad Centrum
1190,De Amstelhoek,967.9020076874574,4.0,Lelystad Centrum
1191,Il Colosseo,738.3859911669595,5.0,Lelystad Centrum
1192,Rue de la Plume,789.023446360917,5.0,Lelystad Centrum
1193,'t Friethuys,937.8352468571736,5.0,Lelystad Centrum
1194,Taormina,1149.6070313784464,5.0,Lelystad Centrum
1195,Ristobar Italica,1083.0744620729238,2.4,Lelystad Centrum
1196,Le Bon,1008.7088239418918,4.0,Lelystad Centrum
1197,De Bonte Bengel,574.7221520255662,2.8,Lelystad Centrum
1198,Subway,861.8243738210845,5.0,Lelystad Centrum
1199,Cafe Bali,920.3244724023469,3.7,Lelystad Centrum
1200,De Binnenkomer,599.4072940907039,4.7,Voorhout
1201,Vers Eten & Drinken,77.34336015072499,4.5,Voorhout
1202,Daikichi,54.04131208278735,4.0,Voorhout
1203,Burger King,38.753209797124605,3.0,Voorhout
1204,Deli,1009.748379483375,4.8,Voorhout
1205,Anne & Max,1050.9389047964175,4.8,Voorhout
1206,De Buren,1060.7939670377473,4.1,Voorhout
1207,King Sing,212.2733144925375,3.0,Voorhout
1208,Aloha,852.7449434363177,4.0,Voorhout
1209,Stadsstrand de Kade,620.6513341917654,5.0,Voorhout
1210,Alkmaars Koffiehuis,723.9196172713763,5.0,Voorhout
1211,Schots Restaurant Hielander,1008.5839781538273,3.8,Voorhout
1212,Saladebar Oogst,479.2986157354422,5.0,Voorhout
1213,Irish Pub Gunnery's,1101.3625315377635,5.0,Voorhout
1214,Mojo's,942.0027393749233,5.0,Voorhout
1215,Het Grand Cafeetje,935.7281656931732,4.0,Voorhout
1216,Horecacentrum De Studio,516.498093746401,5.0,Voorhout
1217,Vito,1485.8453538466451,4.3,Voorhout
1218,Abby's,852.017140325663,4.3,Voorhout
1219,Proeflokaal Bregje,525.2107427451322,2.3,Voorhout
1220,restaurant zegels,744.6440355872974,4.7,Voorhout
1221,Meat & Co,1020.6355087576528,4.3,Voorhout
1222,Fresh Food,93.87041630226362,0.0,Voorhout
1223,Petershoek Café,90.49918999393957,0.0,Voorhout
1224,Burgers & Zo,566.070511391871,3.5,Voorhout
1225,Pizzeria Ristorante La Famiglia,499.8180731679537,4.0,Voorhout
1226,Heeren van Sonoy,811.7969541676354,3.0,Voorhout
1227,Gulden Vlies,749.6198242086455,4.0,Voorhout
1228,La Cubanita Alkmaar,1019.1139257354848,5.0,Voorhout
1229,SuperThai Restaurant ,749.6106910535735,3.3,Voorhout
1230,Café-Bar Odeon,1117.6786219087742,4.0,Voorhout
1231,Grand Café Klunder,491.1964571528282,0.0,Voorhout
1232,1480 Food Bar,1019.4541370951409,4.0,Voorhout
1233,Restaurant Tapas &,1057.2459116972116,5.0,Voorhout
1234,Happy Italy,518.4117475871739,3.3,Voorhout
1235,Granada Grand Cafe & Restaurant,597.1834813755764,5.0,Voorhout
1236,Proeflokaal De Boom,942.184391949158,0.0,Voorhout
1237,Kunchai,994.5218072237367,4.5,Voorhout
1238,Cafe De Pilaren,1085.9413393183647,5.0,Voorhout
1239,Moeke,484.4824365505958,0.0,Voorhout
1240,De Amstelhoek,967.9020076874574,4.0,Voorhout
1241,Il Colosseo,738.3859911669595,5.0,Voorhout
1242,Rue de la Plume,789.023446360917,5.0,Voorhout
1243,'t Friethuys,937.8352468571736,5.0,Voorhout
1244,Taormina,1149.6070313784464,5.0,Voorhout
1245,Ristobar Italica,1083.0744620729238,2.4,Voorhout
1246,Le Bon,1008.7088239418918,4.0,Voorhout
1247,De Bonte Bengel,574.7221520255662,2.8,Voorhout
1248,Subway,861.8243738210845,5.0,Voorhout
1249,Cafe Bali,920.3244724023469,3.7,Voorhout
1250,De Binnenkomer,599.4072940907039,4.7,Nijmegen Goffert
1251,Vers Eten & Drinken,77.34336015072499,4.5,Nijmegen Goffert
1252,Daikichi,54.04131208278735,4.0,Nijmegen Goffert
1253,Burger King,38.753209797124605,3.0,Nijmegen Goffert
1254,Deli,1009.748379483375,4.8,Nijmegen Goffert
1255,Anne & Max,1050.9389047964175,4.8,Nijmegen Goffert
1256,De Buren,1060.7939670377473,4.1,Nijmegen Goffert
1257,King Sing,212.2733144925375,3.0,Nijmegen Goffert
1258,Aloha,852.7449434363177,4.0,Nijmegen Goffert
1259,Stadsstrand de Kade,620.6513341917654,5.0,Nijmegen Goffert
1260,Alkmaars Koffiehuis,723.9196172713763,5.0,Nijmegen Goffert
1261,Schots Restaurant Hielander,1008.5839781538273,3.8,Nijmegen Goffert
1262,Saladebar Oogst,479.2986157354422,5.0,Nijmegen Goffert
1263,Irish Pub Gunnery's,1101.3625315377635,5.0,Nijmegen Goffert
1264,Mojo's,942.0027393749233,5.0,Nijmegen Goffert
1265,Het Grand Cafeetje,935.7281656931732,4.0,Nijmegen Goffert
1266,Horecacentrum De Studio,516.498093746401,5.0,Nijmegen Goffert
1267,Vito,1485.8453538466451,4.3,Nijmegen Goffert
1268,Abby's,852.017140325663,4.3,Nijmegen Goffert
1269,Proeflokaal Bregje,525.2107427451322,2.3,Nijmegen Goffert
1270,restaurant zegels,744.6440355872974,4.7,Nijmegen Goffert
1271,Meat & Co,1020.6355087576528,4.3,Nijmegen Goffert
1272,Fresh Food,93.87041630226362,0.0,Nijmegen Goffert
1273,Petershoek Café,90.49918999393957,0.0,Nijmegen Goffert
1274,Burgers & Zo,566.070511391871,3.5,Nijmegen Goffert
1275,Pizzeria Ristorante La Famiglia,499.8180731679537,4.0,Nijmegen Goffert
1276,Heeren van Sonoy,811.7969541676354,3.0,Nijmegen Goffert
1277,Gulden Vlies,749.6198242086455,4.0,Nijmegen Goffert
1278,La Cubanita Alkmaar,1019.1139257354848,5.0,Nijmegen Goffert
1279,SuperThai Restaurant ,749.6106910535735,3.3,Nijmegen Goffert
1280,Café-Bar Odeon,1117.6786219087742,4.0,Nijmegen Goffert
1281,Grand Café Klunder,491.1964571528282,0.0,Nijmegen Goffert
1282,1480 Food Bar,1019.4541370951409,4.0,Nijmegen Goffert
1283,Restaurant Tapas &,1057.2459116972116,5.0,Nijmegen Goffert
1284,Happy Italy,518.4117475871739,3.3,Nijmegen Goffert
1285,Granada Grand Cafe & Restaurant,597.1834813755764,5.0,Nijmegen Goffert
1286,Proeflokaal De Boom,942.184391949158,0.0,Nijmegen Goffert
1287,Kunchai,994.5218072237367,4.5,Nijmegen Goffert
1288,Cafe De Pilaren,1085.9413393183647,5.0,Nijmegen Goffert
1289,Moeke,484.4824365505958,0.0,Nijmegen Goffert
1290,De Amstelhoek,967.9020076874574,4.0,Nijmegen Goffert
1291,Il Colosseo,738.3859911669595,5.0,Nijmegen Goffert
1292,Rue de la Plume,789.023446360917,5.0,Nijmegen Goffert
1293,'t Friethuys,937.8352468571736,5.0,Nijmegen Goffert
1294,Taormina,1149.6070313784464,5.0,Nijmegen Goffert
1295,Ristobar Italica,1083.0744620729238,2.4,Nijmegen Goffert
1296,Le Bon,1008.7088239418918,4.0,Nijmegen Goffert
1297,De Bonte Bengel,574.7221520255662,2.8,Nijmegen Goffert
1298,Subway,861.8243738210845,5.0,Nijmegen Goffert
1299,Cafe Bali,920.3244724023469,3.7,Nijmegen Goffert
1300,De Binnenkomer,599.4072940907039,4.7,Heerhugowaard
1301,Vers Eten & Drinken,77.34336015072499,4.5,Heerhugowaard
1302,Daikichi,54.04131208278735,4.0,Heerhugowaard
1303,Burger King,38.753209797124605,3.0,Heerhugowaard
1304,Deli,1009.748379483375,4.8,Heerhugowaard
1305,Anne & Max,1050.9389047964175,4.8,Heerhugowaard
1306,De Buren,1060.7939670377473,4.1,Heerhugowaard
1307,King Sing,212.2733144925375,3.0,Heerhugowaard
1308,Aloha,852.7449434363177,4.0,Heerhugowaard
1309,Stadsstrand de Kade,620.6513341917654,5.0,Heerhugowaard
1310,Alkmaars Koffiehuis,723.9196172713763,5.0,Heerhugowaard
1311,Schots Restaurant Hielander,1008.5839781538273,3.8,Heerhugowaard
1312,Saladebar Oogst,479.2986157354422,5.0,Heerhugowaard
1313,Irish Pub Gunnery's,1101.3625315377635,5.0,Heerhugowaard
1314,Mojo's,942.0027393749233,5.0,Heerhugowaard
1315,Het Grand Cafeetje,935.7281656931732,4.0,Heerhugowaard
1316,Horecacentrum De Studio,516.498093746401,5.0,Heerhugowaard
1317,Vito,1485.8453538466451,4.3,Heerhugowaard
1318,Abby's,852.017140325663,4.3,Heerhugowaard
1319,Proeflokaal Bregje,525.2107427451322,2.3,Heerhugowaard
1320,restaurant zegels,744.6440355872974,4.7,Heerhugowaard
1321,Meat & Co,1020.6355087576528,4.3,Heerhugowaard
1322,Fresh Food,93.87041630226362,0.0,Heerhugowaard
1323,Petershoek Café,90.49918999393957,0.0,Heerhugowaard
1324,Burgers & Zo,566.070511391871,3.5,Heerhugowaard
1325,Pizzeria Ristorante La Famiglia,499.8180731679537,4.0,Heerhugowaard
1326,Heeren van Sonoy,811.7969541676354,3.0,Heerhugowaard
1327,Gulden Vlies,749.6198242086455,4.0,Heerhugowaard
1328,La Cubanita Alkmaar,1019.1139257354848,5.0,Heerhugowaard
1329,SuperThai Restaurant ,749.6106910535735,3.3,Heerhugowaard
1330,Café-Bar Odeon,1117.6786219087742,4.0,Heerhugowaard
1331,Grand Café Klunder,491.1964571528282,0.0,Heerhugowaard
1332,1480 Food Bar,1019.4541370951409,4.0,Heerhugowaard
1333,Restaurant Tapas &,1057.2459116972116,5.0,Heerhugowaard
1334,Happy Italy,518.4117475871739,3.3,Heerhugowaard
1335,Granada Grand Cafe & Restaurant,597.1834813755764,5.0,Heerhugowaard
1336,Proeflokaal De Boom,942.184391949158,0.0,Heerhugowaard
1337,Kunchai,994.5218072237367,4.5,Heerhugowaard
1338,Cafe De Pilaren,1085.9413393183647,5.0,Heerhugowaard
1339,Moeke,484.4824365505958,0.0,Heerhugowaard
1340,De Amstelhoek,967.9020076874574,4.0,Heerhugowaard
1341,Il Colosseo,738.3859911669595,5.0,Heerhugowaard
1342,Rue de la Plume,789.023446360917,5.0,Heerhugowaard
1343,'t Friethuys,937.8352468571736,5.0,Heerhugowaard
1344,Taormina,1149.6070313784464,5.0,Heerhugowaard
1345,Ristobar Italica,1083.0744620729238,2.4,Heerhugowaard
1346,Le Bon,1008.7088239418918,4.0,Heerhugowaard
1347,De Bonte Bengel,574.7221520255662,2.8,Heerhugowaard
1348,Subway,861.8243738210845,5.0,Heerhugowaard
1349,Cafe Bali,920.3244724023469,3.7,Heerhugowaard
1350,De Binnenkomer,599.4072940907039,4.7,Utrecht Rijnsweerd
1351,Vers Eten & Drinken,77.34336015072499,4.5,Utrecht Rijnsweerd
1352,Daikichi,54.04131208278735,4.0,Utrecht Rijnsweerd
1353,Burger King,38.753209797124605,3.0,Utrecht Rijnsweerd
1354,Deli,1009.748379483375,4.8,Utrecht Rijnsweerd
1355,Anne & Max,1050.9389047964175,4.8,Utrecht Rijnsweerd
1356,De Buren,1060.7939670377473,4.1,Utrecht Rijnsweerd
1357,King Sing,212.2733144925375,3.0,Utrecht Rijnsweerd
1358,Aloha,852.7449434363177,4.0,Utrecht Rijnsweerd
1359,Stadsstrand de Kade,620.6513341917654,5.0,Utrecht Rijnsweerd
1360,Alkmaars Koffiehuis,723.9196172713763,5.0,Utrecht Rijnsweerd
1361,Schots Restaurant Hielander,1008.5839781538273,3.8,Utrecht Rijnsweerd
1362,Saladebar Oogst,479.2986157354422,5.0,Utrecht Rijnsweerd
1363,Irish Pub Gunnery's,1101.3625315377635,5.0,Utrecht Rijnsweerd
1364,Mojo's,942.0027393749233,5.0,Utrecht Rijnsweerd
1365,Het Grand Cafeetje,935.7281656931732,4.0,Utrecht Rijnsweerd
1366,Horecacentrum De Studio,516.498093746401,5.0,Utrecht Rijnsweerd
1367,Vito,1485.8453538466451,4.3,Utrecht Rijnsweerd
1368,Abby's,852.017140325663,4.3,Utrecht Rijnsweerd
1369,Proeflokaal Bregje,525.2107427451322,2.3,Utrecht Rijnsweerd
1370,restaurant zegels,744.6440355872974,4.7,Utrecht Rijnsweerd
1371,Meat & Co,1020.6355087576528,4.3,Utrecht Rijnsweerd
1372,Fresh Food,93.87041630226362,0.0,Utrecht Rijnsweerd
1373,Petershoek Café,90.49918999393957,0.0,Utrecht Rijnsweerd
1374,Burgers & Zo,566.070511391871,3.5,Utrecht Rijnsweerd
1375,Pizzeria Ristorante La Famiglia,499.8180731679537,4.0,Utrecht Rijnsweerd
1376,Heeren van Sonoy,811.7969541676354,3.0,Utrecht Rijnsweerd
1377,Gulden Vlies,749.6198242086455,4.0,Utrecht Rijnsweerd
1378,La Cubanita Alkmaar,1019.1139257354848,5.0,Utrecht Rijnsweerd
1379,SuperThai Restaurant ,749.6106910535735,3.3,Utrecht Rijnsweerd
1380,Café-Bar Odeon,1117.6786219087742,4.0,Utrecht Rijnsweerd
1381,Grand Café Klunder,491.1964571528282,0.0,Utrecht Rijnsweerd
1382,1480 Food Bar,1019.4541370951409,4.0,Utrecht Rijnsweerd
1383,Restaurant Tapas &,1057.2459116972116,5.0,Utrecht Rijnsweerd
1384,Happy Italy,518.4117475871739,3.3,Utrecht Rijnsweerd
1385,Granada Grand Cafe & Restaurant,597.1834813755764,5.0,Utrecht Rijnsweerd
1386,Proeflokaal De Boom,942.184391949158,0.0,Utrecht Rijnsweerd
1387,Kunchai,994.5218072237367,4.5,Utrecht Rijnsweerd
1388,Cafe De Pilaren,1085.9413393183647,5.0,Utrecht Rijnsweerd
1389,Moeke,484.4824365505958,0.0,Utrecht Rijnsweerd
1390,De Amstelhoek,967.9020076874574,4.0,Utrecht Rijnsweerd
1391,Il Colosseo,738.3859911669595,5.0,Utrecht Rijnsweerd
1392,Rue de la Plume,789.023446360917,5.0,Utrecht Rijnsweerd
1393,'t Friethuys,937.8352468571736,5.0,Utrecht Rijnsweerd
1394,Taormina,1149.6070313784464,5.0,Utrecht Rijnsweerd
1395,Ristobar Italica,1083.0744620729238,2.4,Utrecht Rijnsweerd
1396,Le Bon,1008.7088239418918,4.0,Utrecht Rijnsweerd
1397,De Bonte Bengel,574.7221520255662,2.8,Utrecht Rijnsweerd
1398,Subway,861.8243738210845,5.0,Utrecht Rijnsweerd
1399,Cafe Bali,920.3244724023469,3.7,Utrecht Rijnsweerd
1400,De Binnenkomer,599.4072940907039,4.7,Zeist
1401,Vers Eten & Drinken,77.34336015072499,4.5,Zeist
1402,Daikichi,54.04131208278735,4.0,Zeist
1403,Burger King,38.753209797124605,3.0,Zeist
1404,Deli,1009.748379483375,4.8,Zeist
1405,Anne & Max,1050.9389047964175,4.8,Zeist
1406,De Buren,1060.7939670377473,4.1,Zeist
1407,King Sing,212.2733144925375,3.0,Zeist
1408,Aloha,852.7449434363177,4.0,Zeist
1409,Stadsstrand de Kade,620.6513341917654,5.0,Zeist
1410,Alkmaars Koffiehuis,723.9196172713763,5.0,Zeist
1411,Schots Restaurant Hielander,1008.5839781538273,3.8,Zeist
1412,Saladebar Oogst,479.2986157354422,5.0,Zeist
1413,Irish Pub Gunnery's,1101.3625315377635,5.0,Zeist
1414,Mojo's,942.0027393749233,5.0,Zeist
1415,Het Grand Cafeetje,935.7281656931732,4.0,Zeist
1416,Horecacentrum De Studio,516.498093746401,5.0,Zeist
1417,Vito,1485.8453538466451,4.3,Zeist
1418,Abby's,852.017140325663,4.3,Zeist
1419,Proeflokaal Bregje,525.2107427451322,2.3,Zeist
1420,restaurant zegels,744.6440355872974,4.7,Zeist
1421,Meat & Co,1020.6355087576528,4.3,Zeist
1422,Fresh Food,93.87041630226362,0.0,Zeist
1423,Petershoek Café,90.49918999393957,0.0,Zeist
1424,Burgers & Zo,566.070511391871,3.5,Zeist
1425,Pizzeria Ristorante La Famiglia,499.8180731679537,4.0,Zeist
1426,Heeren van Sonoy,811.7969541676354,3.0,Zeist
1427,Gulden Vlies,749.6198242086455,4.0,Zeist
1428,La Cubanita Alkmaar,1019.1139257354848,5.0,Zeist
1429,SuperThai Restaurant ,749.6106910535735,3.3,Zeist
1430,Café-Bar Odeon,1117.6786219087742,4.0,Zeist
1431,Grand Café Klunder,491.1964571528282,0.0,Zeist
1432,1480 Food Bar,1019.4541370951409,4.0,Zeist
1433,Restaurant Tapas &,1057.2459116972116,5.0,Zeist
1434,Happy Italy,518.4117475871739,3.3,Zeist
1435,Granada Grand Cafe & Restaurant,597.1834813755764,5.0,Zeist
1436,Proeflokaal De Boom,942.184391949158,0.0,Zeist
1437,Kunchai,994.5218072237367,4.5,Zeist
1438,Cafe De Pilaren,1085.9413393183647,5.0,Zeist
1439,Moeke,484.4824365505958,0.0,Zeist
1440,De Amstelhoek,967.9020076874574,4.0,Zeist
1441,Il Colosseo,738.3859911669595,5.0,Zeist
1442,Rue de la Plume,789.023446360917,5.0,Zeist
1443,'t Friethuys,937.8352468571736,5.0,Zeist
1444,Taormina,1149.6070313784464,5.0,Zeist
1445,Ristobar Italica,1083.0744620729238,2.4,Zeist
1446,Le Bon,1008.7088239418918,4.0,Zeist
1447,De Bonte Bengel,574.7221520255662,2.8,Zeist
1448,Subway,861.8243738210845,5.0,Zeist
1449,Cafe Bali,920.3244724023469,3.7,Zeist
1450,De Binnenkomer,599.4072940907039,4.7,Winschoten
1451,Vers Eten & Drinken,77.34336015072499,4.5,Winschoten
1452,Daikichi,54.04131208278735,4.0,Winschoten
1453,Burger King,38.753209797124605,3.0,Winschoten
1454,Deli,1009.748379483375,4.8,Winschoten
1455,Anne & Max,1050.9389047964175,4.8,Winschoten
1456,De Buren,1060.7939670377473,4.1,Winschoten
1457,King Sing,212.2733144925375,3.0,Winschoten
1458,Aloha,852.7449434363177,4.0,Winschoten
1459,Stadsstrand de Kade,620.6513341917654,5.0,Winschoten
1460,Alkmaars Koffiehuis,723.9196172713763,5.0,Winschoten
1461,Schots Restaurant Hielander,1008.5839781538273,3.8,Winschoten
1462,Saladebar Oogst,479.2986157354422,5.0,Winschoten
1463,Irish Pub Gunnery's,1101.3625315377635,5.0,Winschoten
1464,Mojo's,942.0027393749233,5.0,Winschoten
1465,Het Grand Cafeetje,935.7281656931732,4.0,Winschoten
1466,Horecacentrum De Studio,516.498093746401,5.0,Winschoten
1467,Vito,1485.8453538466451,4.3,Winschoten
1468,Abby's,852.017140325663,4.3,Winschoten
1469,Proeflokaal Bregje,525.2107427451322,2.3,Winschoten
1470,restaurant zegels,744.6440355872974,4.7,Winschoten
1471,Meat & Co,1020.6355087576528,4.3,Winschoten
1472,Fresh Food,93.87041630226362,0.0,Winschoten
1473,Petershoek Café,90.49918999393957,0.0,Winschoten
1474,Burgers & Zo,566.070511391871,3.5,Winschoten
1475,Pizzeria Ristorante La Famiglia,499.8180731679537,4.0,Winschoten
1476,Heeren van Sonoy,811.7969541676354,3.0,Winschoten
1477,Gulden Vlies,749.6198242086455,4.0,Winschoten
1478,La Cubanita Alkmaar,1019.1139257354848,5.0,Winschoten
1479,SuperThai Restaurant ,749.6106910535735,3.3,Winschoten
1480,Café-Bar Odeon,1117.6786219087742,4.0,Winschoten
1481,Grand Café Klunder,491.1964571528282,0.0,Winschoten
1482,1480 Food Bar,1019.4541370951409,4.0,Winschoten
1483,Restaurant Tapas &,1057.2459116972116,5.0,Winschoten
1484,Happy Italy,518.4117475871739,3.3,Winschoten
1485,Granada Grand Cafe & Restaurant,597.1834813755764,5.0,Winschoten
1486,Proeflokaal De Boom,942.184391949158,0.0,Winschoten
1487,Kunchai,994.5218072237367,4.5,Winschoten
1488,Cafe De Pilaren,1085.9413393183647,5.0,Winschoten
1489,Moeke,484.4824365505958,0.0,Winschoten
1490,De Amstelhoek,967.9020076874574,4.0,Winschoten
1491,Il Colosseo,738.3859911669595,5.0,Winschoten
1492,Rue de la Plume,789.023446360917,5.0,Winschoten
1493,'t Friethuys,937.8352468571736,5.0,Winschoten
1494,Taormina,1149.6070313784464,5.0,Winschoten
1495,Ristobar Italica,1083.0744620729238,2.4,Winschoten
1496,Le Bon,1008.7088239418918,4.0,Winschoten
1497,De Bonte Bengel,574.7221520255662,2.8,Winschoten
1498,Subway,861.8243738210845,5.0,Winschoten
1499,Cafe Bali,920.3244724023469,3.7,Winschoten
1500,De Binnenkomer,599.4072940907039,4.7,Haren
1501,Vers Eten & Drinken,77.34336015072499,4.5,Haren
1502,Daikichi,54.04131208278735,4.0,Haren
1503,Burger King,38.753209797124605,3.0,Haren
1504,Deli,1009.748379483375,4.8,Haren
1505,Anne & Max,1050.9389047964175,4.8,Haren
1506,De Buren,1060.7939670377473,4.1,Haren
1507,King Sing,212.2733144925375,3.0,Haren
1508,Aloha,852.7449434363177,4.0,Haren
1509,Stadsstrand de Kade,620.6513341917654,5.0,Haren
1510,Alkmaars Koffiehuis,723.9196172713763,5.0,Haren
1511,Schots Restaurant Hielander,1008.5839781538273,3.8,Haren
1512,Saladebar Oogst,479.2986157354422,5.0,Haren
1513,Irish Pub Gunnery's,1101.3625315377635,5.0,Haren
1514,Mojo's,942.0027393749233,5.0,Haren
1515,Het Grand Cafeetje,935.7281656931732,4.0,Haren
1516,Horecacentrum De Studio,516.498093746401,5.0,Haren
1517,Vito,1485.8453538466451,4.3,Haren
1518,Abby's,852.017140325663,4.3,Haren
1519,Proeflokaal Bregje,525.2107427451322,2.3,Haren
1520,restaurant zegels,744.6440355872974,4.7,Haren
1521,Meat & Co,1020.6355087576528,4.3,Haren
1522,Fresh Food,93.87041630226362,0.0,Haren
1523,Petershoek Café,90.49918999393957,0.0,Haren
1524,Burgers & Zo,566.070511391871,3.5,Haren
1525,Pizzeria Ristorante La Famiglia,499.8180731679537,4.0,Haren
1526,Heeren van Sonoy,811.7969541676354,3.0,Haren
1527,Gulden Vlies,749.6198242086455,4.0,Haren
1528,La Cubanita Alkmaar,1019.1139257354848,5.0,Haren
1529,SuperThai Restaurant ,749.6106910535735,3.3,Haren
1530,Café-Bar Odeon,1117.6786219087742,4.0,Haren
1531,Grand Café Klunder,491.1964571528282,0.0,Haren
1532,1480 Food Bar,1019.4541370951409,4.0,Haren
1533,Restaurant Tapas &,1057.2459116972116,5.0,Haren
1534,Happy Italy,518.4117475871739,3.3,Haren
1535,Granada Grand Cafe & Restaurant,597.1834813755764,5.0,Haren
1536,Proeflokaal De Boom,942.184391949158,0.0,Haren
1537,Kunchai,994.5218072237367,4.5,Haren
1538,Cafe De Pilaren,1085.9413393183647,5.0,Haren
1539,Moeke,484.4824365505958,0.0,Haren
1540,De Amstelhoek,967.9020076874574,4.0,Haren
1541,Il Colosseo,738.3859911669595,5.0,Haren
1542,Rue de la Plume,789.023446360917,5.0,Haren
1543,'t Friethuys,937.8352468571736,5.0,Haren
1544,Taormina,1149.6070313784464,5.0,Haren
1545,Ristobar Italica,1083.0744620729238,2.4,Haren
1546,Le Bon,1008.7088239418918,4.0,Haren
1547,De Bonte Bengel,574.7221520255662,2.8,Haren
1548,Subway,861.8243738210845,5.0,Haren
1549,Cafe Bali,920.3244724023469,3.7,Haren
1550,De Binnenkomer,599.4072940907039,4.7,Weesp
1551,Vers Eten & Drinken,77.34336015072499,4.5,Weesp
1552,Daikichi,54.04131208278735,4.0,Weesp
1553,Burger King,38.753209797124605,3.0,Weesp
1554,Deli,1009.748379483375,4.8,Weesp
1555,Anne & Max,1050.9389047964175,4.8,Weesp
1556,De Buren,1060.7939670377473,4.1,Weesp
1557,King Sing,212.2733144925375,3.0,Weesp
1558,Aloha,852.7449434363177,4.0,Weesp
1559,Stadsstrand de Kade,620.6513341917654,5.0,Weesp
1560,Alkmaars Koffiehuis,723.9196172713763,5.0,Weesp
1561,Schots Restaurant Hielander,1008.5839781538273,3.8,Weesp
1562,Saladebar Oogst,479.2986157354422,5.0,Weesp
1563,Irish Pub Gunnery's,1101.3625315377635,5.0,Weesp
1564,Mojo's,942.0027393749233,5.0,Weesp
1565,Het Grand Cafeetje,935.7281656931732,4.0,Weesp
1566,Horecacentrum De Studio,516.498093746401,5.0,Weesp
1567,Vito,1485.8453538466451,4.3,Weesp
1568,Abby's,852.017140325663,4.3,Weesp
1569,Proeflokaal Bregje,525.2107427451322,2.3,Weesp
1570,restaurant zegels,744.6440355872974,4.7,Weesp
1571,Meat & Co,1020.6355087576528,4.3,Weesp
1572,Fresh Food,93.87041630226362,0.0,Weesp
1573,Petershoek Café,90.49918999393957,0.0,Weesp
1574,Burgers & Zo,566.070511391871,3.5,Weesp
1575,Pizzeria Ristorante La Famiglia,499.8180731679537,4.0,Weesp
1576,Heeren van Sonoy,811.7969541676354,3.0,Weesp
1577,Gulden Vlies,749.6198242086455,4.0,Weesp
1578,La Cubanita Alkmaar,1019.1139257354848,5.0,Weesp
1579,SuperThai Restaurant ,749.6106910535735,3.3,Weesp
1580,Café-Bar Odeon,1117.6786219087742,4.0,Weesp
1581,Grand Café Klunder,491.1964571528282,0.0,Weesp
1582,1480 Food Bar,1019.4541370951409,4.0,Weesp
1583,Restaurant Tapas &,1057.2459116972116,5.0,Weesp
1584,Happy Italy,518.4117475871739,3.3,Weesp
1585,Granada Grand Cafe & Restaurant,597.1834813755764,5.0,Weesp
1586,Proeflokaal De Boom,942.184391949158,0.0,Weesp
1587,Kunchai,994.5218072237367,4.5,Weesp
1588,Cafe De Pilaren,1085.9413393183647,5.0,Weesp
1589,Moeke,484.4824365505958,0.0,Weesp
1590,De Amstelhoek,967.9020076874574,4.0,Weesp
1591,Il Colosseo,738.3859911669595,5.0,Weesp
1592,Rue de la Plume,789.023446360917,5.0,Weesp
1593,'t Friethuys,937.8352468571736,5.0,Weesp
1594,Taormina,1149.6070313784464,5.0,Weesp
1595,Ristobar Italica,1083.0744620729238,2.4,Weesp
1596,Le Bon,1008.7088239418918,4.0,Weesp
1597,De Bonte Bengel,574.7221520255662,2.8,Weesp
1598,Subway,861.8243738210845,5.0,Weesp
1599,Cafe Bali,920.3244724023469,3.7,Weesp
1600,De Binnenkomer,599.4072940907039,4.7,Enschede
1601,Vers Eten & Drinken,77.34336015072499,4.5,Enschede
1602,Daikichi,54.04131208278735,4.0,Enschede
1603,Burger King,38.753209797124605,3.0,Enschede
1604,Deli,1009.748379483375,4.8,Enschede
1605,Anne & Max,1050.9389047964175,4.8,Enschede
1606,De Buren,1060.7939670377473,4.1,Enschede
1607,King Sing,212.2733144925375,3.0,Enschede
1608,Aloha,852.7449434363177,4.0,Enschede
1609,Stadsstrand de Kade,620.6513341917654,5.0,Enschede
1610,Alkmaars Koffiehuis,723.9196172713763,5.0,Enschede
1611,Schots Restaurant Hielander,1008.5839781538273,3.8,Enschede
1612,Saladebar Oogst,479.2986157354422,5.0,Enschede
1613,Irish Pub Gunnery's,1101.3625315377635,5.0,Enschede
1614,Mojo's,942.0027393749233,5.0,Enschede
1615,Het Grand Cafeetje,935.7281656931732,4.0,Enschede
1616,Horecacentrum De Studio,516.498093746401,5.0,Enschede
1617,Vito,1485.8453538466451,4.3,Enschede
1618,Abby's,852.017140325663,4.3,Enschede
1619,Proeflokaal Bregje,525.2107427451322,2.3,Enschede
1620,restaurant zegels,744.6440355872974,4.7,Enschede
1621,Meat & Co,1020.6355087576528,4.3,Enschede
1622,Fresh Food,93.87041630226362,0.0,Enschede
1623,Petershoek Café,90.49918999393957,0.0,Enschede
1624,Burgers & Zo,566.070511391871,3.5,Enschede
1625,Pizzeria Ristorante La Famiglia,499.8180731679537,4.0,Enschede
1626,Heeren van Sonoy,811.7969541676354,3.0,Enschede
1627,Gulden Vlies,749.6198242086455,4.0,Enschede
1628,La Cubanita Alkmaar,1019.1139257354848,5.0,Enschede
1629,SuperThai Restaurant ,749.6106910535735,3.3,Enschede
1630,Café-Bar Odeon,1117.6786219087742,4.0,Enschede
1631,Grand Café Klunder,491.1964571528282,0.0,Enschede
1632,1480 Food Bar,1019.4541370951409,4.0,Enschede
1633,Restaurant Tapas &,1057.2459116972116,5.0,Enschede
1634,Happy Italy,518.4117475871739,3.3,Enschede
1635,Granada Grand Cafe & Restaurant,597.1834813755764,5.0,Enschede
1636,Proeflokaal De Boom,942.184391949158,0.0,Enschede
1637,Kunchai,994.5218072237367,4.5,Enschede
1638,Cafe De Pilaren,1085.9413393183647,5.0,Enschede
1639,Moeke,484.4824365505958,0.0,Enschede
1640,De Amstelhoek,967.9020076874574,4.0,Enschede
1641,Il Colosseo,738.3859911669595,5.0,Enschede
1642,Rue de la Plume,789.023446360917,5.0,Enschede
1643,'t Friethuys,937.8352468571736,5.0,Enschede
1644,Taormina,1149.6070313784464,5.0,Enschede
1645,Ristobar Italica,1083.0744620729238,2.4,Enschede
1646,Le Bon,1008.7088239418918,4.0,Enschede
1647,De Bonte Bengel,574.7221520255662,2.8,Enschede
1648,Subway,861.8243738210845,5.0,Enschede
1649,Cafe Bali,920.3244724023469,3.7,Enschede
1650,De Binnenkomer,599.4072940907039,4.7,P + R Utrecht Science Park (De Uithof)
1651,Vers Eten & Drinken,77.34336015072499,4.5,P + R Utrecht Science Park (De Uithof)
1652,Daikichi,54.04131208278735,4.0,P + R Utrecht Science Park (De Uithof)
1653,Burger King,38.753209797124605,3.0,P + R Utrecht Science Park (De Uithof)
1654,Deli,1009.748379483375,4.8,P + R Utrecht Science Park (De Uithof)
1655,Anne & Max,1050.9389047964175,4.8,P + R Utrecht Science Park (De Uithof)
1656,De Buren,1060.7939670377473,4.1,P + R Utrecht Science Park (De Uithof)
1657,King Sing,212.2733144925375,3.0,P + R Utrecht Science Park (De Uithof)
1658,Aloha,852.7449434363177,4.0,P + R Utrecht Science Park (De Uithof)
1659,Stadsstrand de Kade,620.6513341917654,5.0,P + R Utrecht Science Park (De Uithof)
1660,Alkmaars Koffiehuis,723.9196172713763,5.0,P + R Utrecht Science Park (De Uithof)
1661,Schots Restaurant Hielander,1008.5839781538273,3.8,P + R Utrecht Science Park (De Uithof)
1662,Saladebar Oogst,479.2986157354422,5.0,P + R Utrecht Science Park (De Uithof)
1663,Irish Pub Gunnery's,1101.3625315377635,5.0,P + R Utrecht Science Park (De Uithof)
1664,Mojo's,942.0027393749233,5.0,P + R Utrecht Science Park (De Uithof)
1665,Het Grand Cafeetje,935.7281656931732,4.0,P + R Utrecht Science Park (De Uithof)
1666,Horecacentrum De Studio,516.498093746401,5.0,P + R Utrecht Science Park (De Uithof)
1667,Vito,1485.8453538466451,4.3,P + R Utrecht Science Park (De Uithof)
1668,Abby's,852.017140325663,4.3,P + R Utrecht Science Park (De Uithof)
1669,Proeflokaal Bregje,525.2107427451322,2.3,P + R Utrecht Science Park (De Uithof)
1670,restaurant zegels,744.6440355872974,4.7,P + R Utrecht Science Park (De Uithof)
1671,Meat & Co,1020.6355087576528,4.3,P + R Utrecht Science Park (De Uithof)
1672,Fresh Food,93.87041630226362,0.0,P + R Utrecht Science Park (De Uithof)
1673,Petershoek Café,90.49918999393957,0.0,P + R Utrecht Science Park (De Uithof)
1674,Burgers & Zo,566.070511391871,3.5,P + R Utrecht Science Park (De Uithof)
1675,Pizzeria Ristorante La Famiglia,499.8180731679537,4.0,P + R Utrecht Science Park (De Uithof)
1676,Heeren van Sonoy,811.7969541676354,3.0,P + R Utrecht Science Park (De Uithof)
1677,Gulden Vlies,749.6198242086455,4.0,P + R Utrecht Science Park (De Uithof)
1678,La Cubanita Alkmaar,1019.1139257354848,5.0,P + R Utrecht Science Park (De Uithof)
1679,SuperThai Restaurant ,749.6106910535735,3.3,P + R Utrecht Science Park (De Uithof)
1680,Café-Bar Odeon,1117.6786219087742,4.0,P + R Utrecht Science Park (De Uithof)
1681,Grand Café Klunder,491.1964571528282,0.0,P + R Utrecht Science Park (De Uithof)
1682,1480 Food Bar,1019.4541370951409,4.0,P + R Utrecht Science Park (De Uithof)
1683,Restaurant Tapas &,1057.2459116972116,5.0,P + R Utrecht Science Park (De Uithof)
1684,Happy Italy,518.4117475871739,3.3,P + R Utrecht Science Park (De Uithof)
1685,Granada Grand Cafe & Restaurant,597.1834813755764,5.0,P + R Utrecht Science Park (De Uithof)
1686,Proeflokaal De Boom,942.184391949158,0.0,P + R Utrecht Science Park (De Uithof)
1687,Kunchai,994.5218072237367,4.5,P + R Utrecht Science Park (De Uithof)
1688,Cafe De Pilaren,1085.9413393183647,5.0,P + R Utrecht Science Park (De Uithof)
1689,Moeke,484.4824365505958,0.0,P + R Utrecht Science Park (De Uithof)
1690,De Amstelhoek,967.9020076874574,4.0,P + R Utrecht Science Park (De Uithof)
1691,Il Colosseo,738.3859911669595,5.0,P + R Utrecht Science Park (De Uithof)
1692,Rue de la Plume,789.023446360917,5.0,P + R Utrecht Science Park (De Uithof)
1693,'t Friethuys,937.8352468571736,5.0,P + R Utrecht Science Park (De Uithof)
1694,Taormina,1149.6070313784464,5.0,P + R Utrecht Science Park (De Uithof)
1695,Ristobar Italica,1083.0744620729238,2.4,P + R Utrecht Science Park (De Uithof)
1696,Le Bon,1008.7088239418918,4.0,P + R Utrecht Science Park (De Uithof)
1697,De Bonte Bengel,574.7221520255662,2.8,P + R Utrecht Science Park (De Uithof)
1698,Subway,861.8243738210845,5.0,P + R Utrecht Science Park (De Uithof)
1699,Cafe Bali,920.3244724023469,3.7,P + R Utrecht Science Park (De Uithof)
1700,De Binnenkomer,599.4072940907039,4.7,Eindhoven Centraal zuidzijde (centrum)
1701,Vers Eten & Drinken,77.34336015072499,4.5,Eindhoven Centraal zuidzijde (centrum)
1702,Daikichi,54.04131208278735,4.0,Eindhoven Centraal zuidzijde (centrum)
1703,Burger King,38.753209797124605,3.0,Eindhoven Centraal zuidzijde (centrum)
1704,Deli,1009.748379483375,4.8,Eindhoven Centraal zuidzijde (centrum)
1705,Anne & Max,1050.9389047964175,4.8,Eindhoven Centraal zuidzijde (centrum)
1706,De Buren,1060.7939670377473,4.1,Eindhoven Centraal zuidzijde (centrum)
1707,King Sing,212.2733144925375,3.0,Eindhoven Centraal zuidzijde (centrum)
1708,Aloha,852.7449434363177,4.0,Eindhoven Centraal zuidzijde (centrum)
1709,Stadsstrand de Kade,620.6513341917654,5.0,Eindhoven Centraal zuidzijde (centrum)
1710,Alkmaars Koffiehuis,723.9196172713763,5.0,Eindhoven Centraal zuidzijde (centrum)
1711,Schots Restaurant Hielander,1008.5839781538273,3.8,Eindhoven Centraal zuidzijde (centrum)
1712,Saladebar Oogst,479.2986157354422,5.0,Eindhoven Centraal zuidzijde (centrum)
1713,Irish Pub Gunnery's,1101.3625315377635,5.0,Eindhoven Centraal zuidzijde (centrum)
1714,Mojo's,942.0027393749233,5.0,Eindhoven Centraal zuidzijde (centrum)
1715,Het Grand Cafeetje,935.7281656931732,4.0,Eindhoven Centraal zuidzijde (centrum)
1716,Horecacentrum De Studio,516.498093746401,5.0,Eindhoven Centraal zuidzijde (centrum)
1717,Vito,1485.8453538466451,4.3,Eindhoven Centraal zuidzijde (centrum)
1718,Abby's,852.017140325663,4.3,Eindhoven Centraal zuidzijde (centrum)
1719,Proeflokaal Bregje,525.2107427451322,2.3,Eindhoven Centraal zuidzijde (centrum)
1720,restaurant zegels,744.6440355872974,4.7,Eindhoven Centraal zuidzijde (centrum)
1721,Meat & Co,1020.6355087576528,4.3,Eindhoven Centraal zuidzijde (centrum)
1722,Fresh Food,93.87041630226362,0.0,Eindhoven Centraal zuidzijde (centrum)
1723,Petershoek Café,90.49918999393957,0.0,Eindhoven Centraal zuidzijde (centrum)
1724,Burgers & Zo,566.070511391871,3.5,Eindhoven Centraal zuidzijde (centrum)
1725,Pizzeria Ristorante La Famiglia,499.8180731679537,4.0,Eindhoven Centraal zuidzijde (centrum)
1726,Heeren van Sonoy,811.7969541676354,3.0,Eindhoven Centraal zuidzijde (centrum)
1727,Gulden Vlies,749.6198242086455,4.0,Eindhoven Centraal zuidzijde (centrum)
1728,La Cubanita Alkmaar,1019.1139257354848,5.0,Eindhoven Centraal zuidzijde (centrum)
1729,SuperThai Restaurant ,749.6106910535735,3.3,Eindhoven Centraal zuidzijde (centrum)
1730,Café-Bar Odeon,1117.6786219087742,4.0,Eindhoven Centraal zuidzijde (centrum)
1731,Grand Café Klunder,491.1964571528282,0.0,Eindhoven Centraal zuidzijde (centrum)
1732,1480 Food Bar,1019.4541370951409,4.0,Eindhoven Centraal zuidzijde (centrum)
1733,Restaurant Tapas &,1057.2459116972116,5.0,Eindhoven Centraal zuidzijde (centrum)
1734,Happy Italy,518.4117475871739,3.3,Eindhoven Centraal zuidzijde (centrum)
1735,Granada Grand Cafe & Restaurant,597.1834813755764,5.0,Eindhoven Centraal zuidzijde (centrum)
1736,Proeflokaal De Boom,942.184391949158,0.0,Eindhoven Centraal zuidzijde (centrum)
1737,Kunchai,994.5218072237367,4.5,Eindhoven Centraal zuidzijde (centrum)
1738,Cafe De Pilaren,1085.9413393183647,5.0,Eindhoven Centraal zuidzijde (centrum)
1739,Moeke,484.4824365505958,0.0,Eindhoven Centraal zuidzijde (centrum)
1740,De Amstelhoek,967.9020076874574,4.0,Eindhoven Centraal zuidzijde (centrum)
1741,Il Colosseo,738.3859911669595,5.0,Eindhoven Centraal zuidzijde (centrum)
1742,Rue de la Plume,789.023446360917,5.0,Eindhoven Centraal zuidzijde (centrum)
1743,'t Friethuys,937.8352468571736,5.0,Eindhoven Centraal zuidzijde (centrum)
1744,Taormina,1149.6070313784464,5.0,Eindhoven Centraal zuidzijde (centrum)
1745,Ristobar Italica,1083.0744620729238,2.4,Eindhoven Centraal zuidzijde (centrum)
1746,Le Bon,1008.7088239418918,4.0,Eindhoven Centraal zuidzijde (centrum)
1747,De Bonte Bengel,574.7221520255662,2.8,Eindhoven Centraal zuidzijde (centrum)
1748,Subway,861.8243738210845,5.0,Eindhoven Centraal zuidzijde (centrum)
1749,Cafe Bali,920.3244724023469,3.7,Eindhoven Centraal zuidzijde (centrum)
1750,De Binnenkomer,599.4072940907039,4.7,Maarheeze
1751,Vers Eten & Drinken,77.34336015072499,4.5,Maarheeze
1752,Daikichi,54.04131208278735,4.0,Maarheeze
1753,Burger King,38.753209797124605,3.0,Maarheeze
1754,Deli,1009.748379483375,4.8,Maarheeze
1755,Anne & Max,1050.9389047964175,4.8,Maarheeze
1756,De Buren,1060.7939670377473,4.1,Maarheeze
1757,King Sing,212.2733144925375,3.0,Maarheeze
1758,Aloha,852.7449434363177,4.0,Maarheeze
1759,Stadsstrand de Kade,620.6513341917654,5.0,Maarheeze
1760,Alkmaars Koffiehuis,723.9196172713763,5.0,Maarheeze
1761,Schots Restaurant Hielander,1008.5839781538273,3.8,Maarheeze
1762,Saladebar Oogst,479.2986157354422,5.0,Maarheeze
1763,Irish Pub Gunnery's,1101.3625315377635,5.0,Maarheeze
1764,Mojo's,942.0027393749233,5.0,Maarheeze
1765,Het Grand Cafeetje,935.7281656931732,4.0,Maarheeze
1766,Horecacentrum De Studio,516.498093746401,5.0,Maarheeze
1767,Vito,1485.8453538466451,4.3,Maarheeze
1768,Abby's,852.017140325663,4.3,Maarheeze
1769,Proeflokaal Bregje,525.2107427451322,2.3,Maarheeze
1770,restaurant zegels,744.6440355872974,4.7,Maarheeze
1771,Meat & Co,1020.6355087576528,4.3,Maarheeze
1772,Fresh Food,93.87041630226362,0.0,Maarheeze
1773,Petershoek Café,90.49918999393957,0.0,Maarheeze
1774,Burgers & Zo,566.070511391871,3.5,Maarheeze
1775,Pizzeria Ristorante La Famiglia,499.8180731679537,4.0,Maarheeze
1776,Heeren van Sonoy,811.7969541676354,3.0,Maarheeze
1777,Gulden Vlies,749.6198242086455,4.0,Maarheeze
1778,La Cubanita Alkmaar,1019.1139257354848,5.0,Maarheeze
1779,SuperThai Restaurant ,749.6106910535735,3.3,Maarheeze
1780,Café-Bar Odeon,1117.6786219087742,4.0,Maarheeze
1781,Grand Café Klunder,491.1964571528282,0.0,Maarheeze
1782,1480 Food Bar,1019.4541370951409,4.0,Maarheeze
1783,Restaurant Tapas &,1057.2459116972116,5.0,Maarheeze
1784,Happy Italy,518.4117475871739,3.3,Maarheeze
1785,Granada Grand Cafe & Restaurant,597.1834813755764,5.0,Maarheeze
1786,Proeflokaal De Boom,942.184391949158,0.0,Maarheeze
1787,Kunchai,994.5218072237367,4.5,Maarheeze
1788,Cafe De Pilaren,1085.9413393183647,5.0,Maarheeze
1789,Moeke,484.4824365505958,0.0,Maarheeze
1790,De Amstelhoek,967.9020076874574,4.0,Maarheeze
1791,Il Colosseo,738.3859911669595,5.0,Maarheeze
1792,Rue de la Plume,789.023446360917,5.0,Maarheeze
1793,'t Friethuys,937.8352468571736,5.0,Maarheeze
1794,Taormina,1149.6070313784464,5.0,Maarheeze
1795,Ristobar Italica,1083.0744620729238,2.4,Maarheeze
1796,Le Bon,1008.7088239418918,4.0,Maarheeze
1797,De Bonte Bengel,574.7221520255662,2.8,Maarheeze
1798,Subway,861.8243738210845,5.0,Maarheeze
1799,Cafe Bali,920.3244724023469,3.7,Maarheeze
1800,De Binnenkomer,599.4072940907039,4.7,Utrecht P+R Papendorp
1801,Vers Eten & Drinken,77.34336015072499,4.5,Utrecht P+R Papendorp
1802,Daikichi,54.04131208278735,4.0,Utrecht P+R Papendorp
1803,Burger King,38.753209797124605,3.0,Utrecht P+R Papendorp
1804,Deli,1009.748379483375,4.8,Utrecht P+R Papendorp
1805,Anne & Max,1050.9389047964175,4.8,Utrecht P+R Papendorp
1806,De Buren,1060.7939670377473,4.1,Utrecht P+R Papendorp
1807,King Sing,212.2733144925375,3.0,Utrecht P+R Papendorp
1808,Aloha,852.7449434363177,4.0,Utrecht P+R Papendorp
1809,Stadsstrand de Kade,620.6513341917654,5.0,Utrecht P+R Papendorp
1810,Alkmaars Koffiehuis,723.9196172713763,5.0,Utrecht P+R Papendorp
1811,Schots Restaurant Hielander,1008.5839781538273,3.8,Utrecht P+R Papendorp
1812,Saladebar Oogst,479.2986157354422,5.0,Utrecht P+R Papendorp
1813,Irish Pub Gunnery's,1101.3625315377635,5.0,Utrecht P+R Papendorp
1814,Mojo's,942.0027393749233,5.0,Utrecht P+R Papendorp
1815,Het Grand Cafeetje,935.7281656931732,4.0,Utrecht P+R Papendorp
1816,Horecacentrum De Studio,516.498093746401,5.0,Utrecht P+R Papendorp
1817,Vito,1485.8453538466451,4.3,Utrecht P+R Papendorp
1818,Abby's,852.017140325663,4.3,Utrecht P+R Papendorp
1819,Proeflokaal Bregje,525.2107427451322,2.3,Utrecht P+R Papendorp
1820,restaurant zegels,744.6440355872974,4.7,Utrecht P+R Papendorp
1821,Meat & Co,1020.6355087576528,4.3,Utrecht P+R Papendorp
1822,Fresh Food,93.87041630226362,0.0,Utrecht P+R Papendorp
1823,Petershoek Café,90.49918999393957,0.0,Utrecht P+R Papendorp
1824,Burgers & Zo,566.070511391871,3.5,Utrecht P+R Papendorp
1825,Pizzeria Ristorante La Famiglia,499.8180731679537,4.0,Utrecht P+R Papendorp
1826,Heeren van Sonoy,811.7969541676354,3.0,Utrecht P+R Papendorp
1827,Gulden Vlies,749.6198242086455,4.0,Utrecht P+R Papendorp
1828,La Cubanita Alkmaar,1019.1139257354848,5.0,Utrecht P+R Papendorp
1829,SuperThai Restaurant ,749.6106910535735,3.3,Utrecht P+R Papendorp
1830,Café-Bar Odeon,1117.6786219087742,4.0,Utrecht P+R Papendorp
1831,Grand Café Klunder,491.1964571528282,0.0,Utrecht P+R Papendorp
1832,1480 Food Bar,1019.4541370951409,4.0,Utrecht P+R Papendorp
1833,Restaurant Tapas &,1057.2459116972116,5.0,Utrecht P+R Papendorp
1834,Happy Italy,518.4117475871739,3.3,Utrecht P+R Papendorp
1835,Granada Grand Cafe & Restaurant,597.1834813755764,5.0,Utrecht P+R Papendorp
1836,Proeflokaal De Boom,942.184391949158,0.0,Utrecht P+R Papendorp
1837,Kunchai,994.5218072237367,4.5,Utrecht P+R Papendorp
1838,Cafe De Pilaren,1085.9413393183647,5.0,Utrecht P+R Papendorp
1839,Moeke,484.4824365505958,0.0,Utrecht P+R Papendorp
1840,De Amstelhoek,967.9020076874574,4.0,Utrecht P+R Papendorp
1841,Il Colosseo,738.3859911669595,5.0,Utrecht P+R Papendorp
1842,Rue de la Plume,789.023446360917,5.0,Utrecht P+R Papendorp
1843,'t Friethuys,937.8352468571736,5.0,Utrecht P+R Papendorp
1844,Taormina,1149.6070313784464,5.0,Utrecht P+R Papendorp
1845,Ristobar Italica,1083.0744620729238,2.4,Utrecht P+R Papendorp
1846,Le Bon,1008.7088239418918,4.0,Utrecht P+R Papendorp
1847,De Bonte Bengel,574.7221520255662,2.8,Utrecht P+R Papendorp
1848,Subway,861.8243738210845,5.0,Utrecht P+R Papendorp
1849,Cafe Bali,920.3244724023469,3.7,Utrecht P+R Papendorp
1850,De Binnenkomer,599.4072940907039,4.7,Hoogezand Sappemeer
1851,Vers Eten & Drinken,77.34336015072499,4.5,Hoogezand Sappemeer
1852,Daikichi,54.04131208278735,4.0,Hoogezand Sappemeer
1853,Burger King,38.753209797124605,3.0,Hoogezand Sappemeer
1854,Deli,1009.748379483375,4.8,Hoogezand Sappemeer
1855,Anne & Max,1050.9389047964175,4.8,Hoogezand Sappemeer
1856,De Buren,1060.7939670377473,4.1,Hoogezand Sappemeer
1857,King Sing,212.2733144925375,3.0,Hoogezand Sappemeer
1858,Aloha,852.7449434363177,4.0,Hoogezand Sappemeer
1859,Stadsstrand de Kade,620.6513341917654,5.0,Hoogezand Sappemeer
1860,Alkmaars Koffiehuis,723.9196172713763,5.0,Hoogezand Sappemeer
1861,Schots Restaurant Hielander,1008.5839781538273,3.8,Hoogezand Sappemeer
1862,Saladebar Oogst,479.2986157354422,5.0,Hoogezand Sappemeer
1863,Irish Pub Gunnery's,1101.3625315377635,5.0,Hoogezand Sappemeer
1864,Mojo's,942.0027393749233,5.0,Hoogezand Sappemeer
1865,Het Grand Cafeetje,935.7281656931732,4.0,Hoogezand Sappemeer
1866,Horecacentrum De Studio,516.498093746401,5.0,Hoogezand Sappemeer
1867,Vito,1485.8453538466451,4.3,Hoogezand Sappemeer
1868,Abby's,852.017140325663,4.3,Hoogezand Sappemeer
1869,Proeflokaal Bregje,525.2107427451322,2.3,Hoogezand Sappemeer
1870,restaurant zegels,744.6440355872974,4.7,Hoogezand Sappemeer
1871,Meat & Co,1020.6355087576528,4.3,Hoogezand Sappemeer
1872,Fresh Food,93.87041630226362,0.0,Hoogezand Sappemeer
1873,Petershoek Café,90.49918999393957,0.0,Hoogezand Sappemeer
1874,Burgers & Zo,566.070511391871,3.5,Hoogezand Sappemeer
1875,Pizzeria Ristorante La Famiglia,499.8180731679537,4.0,Hoogezand Sappemeer
1876,Heeren van Sonoy,811.7969541676354,3.0,Hoogezand Sappemeer
1877,Gulden Vlies,749.6198242086455,4.0,Hoogezand Sappemeer
1878,La Cubanita Alkmaar,1019.1139257354848,5.0,Hoogezand Sappemeer
1879,SuperThai Restaurant ,749.6106910535735,3.3,Hoogezand Sappemeer
1880,Café-Bar Odeon,1117.6786219087742,4.0,Hoogezand Sappemeer
1881,Grand Café Klunder,491.1964571528282,0.0,Hoogezand Sappemeer
1882,1480 Food Bar,1019.4541370951409,4.0,Hoogezand Sappemeer
1883,Restaurant Tapas &,1057.2459116972116,5.0,Hoogezand Sappemeer
1884,Happy Italy,518.4117475871739,3.3,Hoogezand Sappemeer
1885,Granada Grand Cafe & Restaurant,597.1834813755764,5.0,Hoogezand Sappemeer
1886,Proeflokaal De Boom,942.184391949158,0.0,Hoogezand Sappemeer
1887,Kunchai,994.5218072237367,4.5,Hoogezand Sappemeer
1888,Cafe De Pilaren,1085.9413393183647,5.0,Hoogezand Sappemeer
1889,Moeke,484.4824365505958,0.0,Hoogezand Sappemeer
1890,De Amstelhoek,967.9020076874574,4.0,Hoogezand Sappemeer
1891,Il Colosseo,738.3859911669595,5.0,Hoogezand Sappemeer
1892,Rue de la Plume,789.023446360917,5.0,Hoogezand Sappemeer
1893,'t Friethuys,937.8352468571736,5.0,Hoogezand Sappemeer
1894,Taormina,1149.6070313784464,5.0,Hoogezand Sappemeer
1895,Ristobar Italica,1083.0744620729238,2.4,Hoogezand Sappemeer
1896,Le Bon,1008.7088239418918,4.0,Hoogezand Sappemeer
1897,De Bonte Bengel,574.7221520255662,2.8,Hoogezand Sappemeer
1898,Subway,861.8243738210845,5.0,Hoogezand Sappemeer
1899,Cafe Bali,920.3244724023469,3.7,Hoogezand Sappemeer
1900,De Binnenkomer,599.4072940907039,4.7,Diemen Zuid
1901,Vers Eten & Drinken,77.34336015072499,4.5,Diemen Zuid
1902,Daikichi,54.04131208278735,4.0,Diemen Zuid
1903,Burger King,38.753209797124605,3.0,Diemen Zuid
1904,Deli,1009.748379483375,4.8,Diemen Zuid
1905,Anne & Max,1050.9389047964175,4.8,Diemen Zuid
1906,De Buren,1060.7939670377473,4.1,Diemen Zuid
1907,King Sing,212.2733144925375,3.0,Diemen Zuid
1908,Aloha,852.7449434363177,4.0,Diemen Zuid
1909,Stadsstrand de Kade,620.6513341917654,5.0,Diemen Zuid
1910,Alkmaars Koffiehuis,723.9196172713763,5.0,Diemen Zuid
1911,Schots Restaurant Hielander,1008.5839781538273,3.8,Diemen Zuid
1912,Saladebar Oogst,479.2986157354422,5.0,Diemen Zuid
1913,Irish Pub Gunnery's,1101.3625315377635,5.0,Diemen Zuid
1914,Mojo's,942.0027393749233,5.0,Diemen Zuid
1915,Het Grand Cafeetje,935.7281656931732,4.0,Diemen Zuid
1916,Horecacentrum De Studio,516.498093746401,5.0,Diemen Zuid
1917,Vito,1485.8453538466451,4.3,Diemen Zuid
1918,Abby's,852.017140325663,4.3,Diemen Zuid
1919,Proeflokaal Bregje,525.2107427451322,2.3,Diemen Zuid
1920,restaurant zegels,744.6440355872974,4.7,Diemen Zuid
1921,Meat & Co,1020.6355087576528,4.3,Diemen Zuid
1922,Fresh Food,93.87041630226362,0.0,Diemen Zuid
1923,Petershoek Café,90.49918999393957,0.0,Diemen Zuid
1924,Burgers & Zo,566.070511391871,3.5,Diemen Zuid
1925,Pizzeria Ristorante La Famiglia,499.8180731679537,4.0,Diemen Zuid
1926,Heeren van Sonoy,811.7969541676354,3.0,Diemen Zuid
1927,Gulden Vlies,749.6198242086455,4.0,Diemen Zuid
1928,La Cubanita Alkmaar,1019.1139257354848,5.0,Diemen Zuid
1929,SuperThai Restaurant ,749.6106910535735,3.3,Diemen Zuid
1930,Café-Bar Odeon,1117.6786219087742,4.0,Diemen Zuid
1931,Grand Café Klunder,491.1964571528282,0.0,Diemen Zuid
1932,1480 Food Bar,1019.4541370951409,4.0,Diemen Zuid
1933,Restaurant Tapas &,1057.2459116972116,5.0,Diemen Zuid
1934,Happy Italy,518.4117475871739,3.3,Diemen Zuid
1935,Granada Grand Cafe & Restaurant,597.1834813755764,5.0,Diemen Zuid
1936,Proeflokaal De Boom,942.184391949158,0.0,Diemen Zuid
1937,Kunchai,994.5218072237367,4.5,Diemen Zuid
1938,Cafe De Pilaren,1085.9413393183647,5.0,Diemen Zuid
1939,Moeke,484.4824365505958,0.0,Diemen Zuid
1940,De Amstelhoek,967.9020076874574,4.0,Diemen Zuid
1941,Il Colosseo,738.3859911669595,5.0,Diemen Zuid
1942,Rue de la Plume,789.023446360917,5.0,Diemen Zuid
1943,'t Friethuys,937.8352468571736,5.0,Diemen Zuid
1944,Taormina,1149.6070313784464,5.0,Diemen Zuid
1945,Ristobar Italica,1083.0744620729238,2.4,Diemen Zuid
1946,Le Bon,1008.7088239418918,4.0,Diemen Zuid
1947,De Bonte Bengel,574.7221520255662,2.8,Diemen Zuid
1948,Subway,861.8243738210845,5.0,Diemen Zuid
1949,Cafe Bali,920.3244724023469,3.7,Diemen Zuid
1950,De Binnenkomer,599.4072940907039,4.7,Bunnik
1951,Vers Eten & Drinken,77.34336015072499,4.5,Bunnik
1952,Daikichi,54.04131208278735,4.0,Bunnik
1953,Burger King,38.753209797124605,3.0,Bunnik
1954,Deli,1009.748379483375,4.8,Bunnik
1955,Anne & Max,1050.9389047964175,4.8,Bunnik
1956,De Buren,1060.7939670377473,4.1,Bunnik
1957,King Sing,212.2733144925375,3.0,Bunnik
1958,Aloha,852.7449434363177,4.0,Bunnik
1959,Stadsstrand de Kade,620.6513341917654,5.0,Bunnik
1960,Alkmaars Koffiehuis,723.9196172713763,5.0,Bunnik
1961,Schots Restaurant Hielander,1008.5839781538273,3.8,Bunnik
1962,Saladebar Oogst,479.2986157354422,5.0,Bunnik
1963,Irish Pub Gunnery's,1101.3625315377635,5.0,Bunnik
1964,Mojo's,942.0027393749233,5.0,Bunnik
1965,Het Grand Cafeetje,935.7281656931732,4.0,Bunnik
1966,Horecacentrum De Studio,516.498093746401,5.0,Bunnik
1967,Vito,1485.8453538466451,4.3,Bunnik
1968,Abby's,852.017140325663,4.3,Bunnik
1969,Proeflokaal Bregje,525.2107427451322,2.3,Bunnik
1970,restaurant zegels,744.6440355872974,4.7,Bunnik
1971,Meat & Co,1020.6355087576528,4.3,Bunnik
1972,Fresh Food,93.87041630226362,0.0,Bunnik
1973,Petershoek Café,90.49918999393957,0.0,Bunnik
1974,Burgers & Zo,566.070511391871,3.5,Bunnik
1975,Pizzeria Ristorante La Famiglia,499.8180731679537,4.0,Bunnik
1976,Heeren van Sonoy,811.7969541676354,3.0,Bunnik
1977,Gulden Vlies,749.6198242086455,4.0,Bunnik
1978,La Cubanita Alkmaar,1019.1139257354848,5.0,Bunnik
1979,SuperThai Restaurant ,749.6106910535735,3.3,Bunnik
1980,Café-Bar Odeon,1117.6786219087742,4.0,Bunnik
1981,Grand Café Klunder,491.1964571528282,0.0,Bunnik
1982,1480 Food Bar,1019.4541370951409,4.0,Bunnik
1983,Restaurant Tapas &,1057.2459116972116,5.0,Bunnik
1984,Happy Italy,518.4117475871739,3.3,Bunnik
1985,Granada Grand Cafe & Restaurant,597.1834813755764,5.0,Bunnik
1986,Proeflokaal De Boom,942.184391949158,0.0,Bunnik
1987,Kunchai,994.5218072237367,4.5,Bunnik
1988,Cafe De Pilaren,1085.9413393183647,5.0,Bunnik
1989,Moeke,484.4824365505958,0.0,Bunnik
1990,De Amstelhoek,967.9020076874574,4.0,Bunnik
1991,Il Colosseo,738.3859911669595,5.0,Bunnik
1992,Rue de la Plume,789.023446360917,5.0,Bunnik
1993,'t Friethuys,937.8352468571736,5.0,Bunnik
1994,Taormina,1149.6070313784464,5.0,Bunnik
1995,Ristobar Italica,1083.0744620729238,2.4,Bunnik
1996,Le Bon,1008.7088239418918,4.0,Bunnik
1997,De Bonte Bengel,574.7221520255662,2.8,Bunnik
1998,Subway,861.8243738210845,5.0,Bunnik
1999,Cafe Bali,920.3244724023469,3.7,Bunnik
2000,De Binnenkomer,599.4072940907039,4.7,Deventer
2001,Vers Eten & Drinken,77.34336015072499,4.5,Deventer
2002,Daikichi,54.04131208278735,4.0,Deventer
2003,Burger King,38.753209797124605,3.0,Deventer
2004,Deli,1009.748379483375,4.8,Deventer
2005,Anne & Max,1050.9389047964175,4.8,Deventer
2006,De Buren,1060.7939670377473,4.1,Deventer
2007,King Sing,212.2733144925375,3.0,Deventer
2008,Aloha,852.7449434363177,4.0,Deventer
2009,Stadsstrand de Kade,620.6513341917654,5.0,Deventer
2010,Alkmaars Koffiehuis,723.9196172713763,5.0,Deventer
2011,Schots Restaurant Hielander,1008.5839781538273,3.8,Deventer
2012,Saladebar Oogst,479.2986157354422,5.0,Deventer
2013,Irish Pub Gunnery's,1101.3625315377635,5.0,Deventer
2014,Mojo's,942.0027393749233,5.0,Deventer
2015,Het Grand Cafeetje,935.7281656931732,4.0,Deventer
2016,Horecacentrum De Studio,516.498093746401,5.0,Deventer
2017,Vito,1485.8453538466451,4.3,Deventer
2018,Abby's,852.017140325663,4.3,Deventer
2019,Proeflokaal Bregje,525.2107427451322,2.3,Deventer
2020,restaurant zegels,744.6440355872974,4.7,Deventer
2021,Meat & Co,1020.6355087576528,4.3,Deventer
2022,Fresh Food,93.87041630226362,0.0,Deventer
2023,Petershoek Café,90.49918999393957,0.0,Deventer
2024,Burgers & Zo,566.070511391871,3.5,Deventer
2025,Pizzeria Ristorante La Famiglia,499.8180731679537,4.0,Deventer
2026,Heeren van Sonoy,811.7969541676354,3.0,Deventer
2027,Gulden Vlies,749.6198242086455,4.0,Deventer
2028,La Cubanita Alkmaar,1019.1139257354848,5.0,Deventer
2029,SuperThai Restaurant ,749.6106910535735,3.3,Deventer
2030,Café-Bar Odeon,1117.6786219087742,4.0,Deventer
2031,Grand Café Klunder,491.1964571528282,0.0,Deventer
2032,1480 Food Bar,1019.4541370951409,4.0,Deventer
2033,Restaurant Tapas &,1057.2459116972116,5.0,Deventer
2034,Happy Italy,518.4117475871739,3.3,Deventer
2035,Granada Grand Cafe & Restaurant,597.1834813755764,5.0,Deventer
2036,Proeflokaal De Boom,942.184391949158,0.0,Deventer
2037,Kunchai,994.5218072237367,4.5,Deventer
2038,Cafe De Pilaren,1085.9413393183647,5.0,Deventer
2039,Moeke,484.4824365505958,0.0,Deventer
2040,De Amstelhoek,967.9020076874574,4.0,Deventer
2041,Il Colosseo,738.3859911669595,5.0,Deventer
2042,Rue de la Plume,789.023446360917,5.0,Deventer
2043,'t Friethuys,937.8352468571736,5.0,Deventer
2044,Taormina,1149.6070313784464,5.0,Deventer
2045,Ristobar Italica,1083.0744620729238,2.4,Deventer
2046,Le Bon,1008.7088239418918,4.0,Deventer
2047,De Bonte Bengel,574.7221520255662,2.8,Deventer
2048,Subway,861.8243738210845,5.0,Deventer
2049,Cafe Bali,920.3244724023469,3.7,Deventer
2050,De Binnenkomer,599.4072940907039,4.7,Hengelo Gezondheidspark
2051,Vers Eten & Drinken,77.34336015072499,4.5,Hengelo Gezondheidspark
2052,Daikichi,54.04131208278735,4.0,Hengelo Gezondheidspark
2053,Burger King,38.753209797124605,3.0,Hengelo Gezondheidspark
2054,Deli,1009.748379483375,4.8,Hengelo Gezondheidspark
2055,Anne & Max,1050.9389047964175,4.8,Hengelo Gezondheidspark
2056,De Buren,1060.7939670377473,4.1,Hengelo Gezondheidspark
2057,King Sing,212.2733144925375,3.0,Hengelo Gezondheidspark
2058,Aloha,852.7449434363177,4.0,Hengelo Gezondheidspark
2059,Stadsstrand de Kade,620.6513341917654,5.0,Hengelo Gezondheidspark
2060,Alkmaars Koffiehuis,723.9196172713763,5.0,Hengelo Gezondheidspark
2061,Schots Restaurant Hielander,1008.5839781538273,3.8,Hengelo Gezondheidspark
2062,Saladebar Oogst,479.2986157354422,5.0,Hengelo Gezondheidspark
2063,Irish Pub Gunnery's,1101.3625315377635,5.0,Hengelo Gezondheidspark
2064,Mojo's,942.0027393749233,5.0,Hengelo Gezondheidspark
2065,Het Grand Cafeetje,935.7281656931732,4.0,Hengelo Gezondheidspark
2066,Horecacentrum De Studio,516.498093746401,5.0,Hengelo Gezondheidspark
2067,Vito,1485.8453538466451,4.3,Hengelo Gezondheidspark
2068,Abby's,852.017140325663,4.3,Hengelo Gezondheidspark
2069,Proeflokaal Bregje,525.2107427451322,2.3,Hengelo Gezondheidspark
2070,restaurant zegels,744.6440355872974,4.7,Hengelo Gezondheidspark
2071,Meat & Co,1020.6355087576528,4.3,Hengelo Gezondheidspark
2072,Fresh Food,93.87041630226362,0.0,Hengelo Gezondheidspark
2073,Petershoek Café,90.49918999393957,0.0,Hengelo Gezondheidspark
2074,Burgers & Zo,566.070511391871,3.5,Hengelo Gezondheidspark
2075,Pizzeria Ristorante La Famiglia,499.8180731679537,4.0,Hengelo Gezondheidspark
2076,Heeren van Sonoy,811.7969541676354,3.0,Hengelo Gezondheidspark
2077,Gulden Vlies,749.6198242086455,4.0,Hengelo Gezondheidspark
2078,La Cubanita Alkmaar,1019.1139257354848,5.0,Hengelo Gezondheidspark
2079,SuperThai Restaurant ,749.6106910535735,3.3,Hengelo Gezondheidspark
2080,Café-Bar Odeon,1117.6786219087742,4.0,Hengelo Gezondheidspark
2081,Grand Café Klunder,491.1964571528282,0.0,Hengelo Gezondheidspark
2082,1480 Food Bar,1019.4541370951409,4.0,Hengelo Gezondheidspark
2083,Restaurant Tapas &,1057.2459116972116,5.0,Hengelo Gezondheidspark
2084,Happy Italy,518.4117475871739,3.3,Hengelo Gezondheidspark
2085,Granada Grand Cafe & Restaurant,597.1834813755764,5.0,Hengelo Gezondheidspark
2086,Proeflokaal De Boom,942.184391949158,0.0,Hengelo Gezondheidspark
2087,Kunchai,994.5218072237367,4.5,Hengelo Gezondheidspark
2088,Cafe De Pilaren,1085.9413393183647,5.0,Hengelo Gezondheidspark
2089,Moeke,484.4824365505958,0.0,Hengelo Gezondheidspark
2090,De Amstelhoek,967.9020076874574,4.0,Hengelo Gezondheidspark
2091,Il Colosseo,738.3859911669595,5.0,Hengelo Gezondheidspark
2092,Rue de la Plume,789.023446360917,5.0,Hengelo Gezondheidspark
2093,'t Friethuys,937.8352468571736,5.0,Hengelo Gezondheidspark
2094,Taormina,1149.6070313784464,5.0,Hengelo Gezondheidspark
2095,Ristobar Italica,1083.0744620729238,2.4,Hengelo Gezondheidspark
2096,Le Bon,1008.7088239418918,4.0,Hengelo Gezondheidspark
2097,De Bonte Bengel,574.7221520255662,2.8,Hengelo Gezondheidspark
2098,Subway,861.8243738210845,5.0,Hengelo Gezondheidspark
2099,Cafe Bali,920.3244724023469,3.7,Hengelo Gezondheidspark
2100,De Binnenkomer,599.4072940907039,4.7,Deventer Boerhavelaan
2101,Vers Eten & Drinken,77.34336015072499,4.5,Deventer Boerhavelaan
2102,Daikichi,54.04131208278735,4.0,Deventer Boerhavelaan
2103,Burger King,38.753209797124605,3.0,Deventer Boerhavelaan
2104,Deli,1009.748379483375,4.8,Deventer Boerhavelaan
2105,Anne & Max,1050.9389047964175,4.8,Deventer Boerhavelaan
2106,De Buren,1060.7939670377473,4.1,Deventer Boerhavelaan
2107,King Sing,212.2733144925375,3.0,Deventer Boerhavelaan
2108,Aloha,852.7449434363177,4.0,Deventer Boerhavelaan
2109,Stadsstrand de Kade,620.6513341917654,5.0,Deventer Boerhavelaan
2110,Alkmaars Koffiehuis,723.9196172713763,5.0,Deventer Boerhavelaan
2111,Schots Restaurant Hielander,1008.5839781538273,3.8,Deventer Boerhavelaan
2112,Saladebar Oogst,479.2986157354422,5.0,Deventer Boerhavelaan
2113,Irish Pub Gunnery's,1101.3625315377635,5.0,Deventer Boerhavelaan
2114,Mojo's,942.0027393749233,5.0,Deventer Boerhavelaan
2115,Het Grand Cafeetje,935.7281656931732,4.0,Deventer Boerhavelaan
2116,Horecacentrum De Studio,516.498093746401,5.0,Deventer Boerhavelaan
2117,Vito,1485.8453538466451,4.3,Deventer Boerhavelaan
2118,Abby's,852.017140325663,4.3,Deventer Boerhavelaan
2119,Proeflokaal Bregje,525.2107427451322,2.3,Deventer Boerhavelaan
2120,restaurant zegels,744.6440355872974,4.7,Deventer Boerhavelaan
2121,Meat & Co,1020.6355087576528,4.3,Deventer Boerhavelaan
2122,Fresh Food,93.87041630226362,0.0,Deventer Boerhavelaan
2123,Petershoek Café,90.49918999393957,0.0,Deventer Boerhavelaan
2124,Burgers & Zo,566.070511391871,3.5,Deventer Boerhavelaan
2125,Pizzeria Ristorante La Famiglia,499.8180731679537,4.0,Deventer Boerhavelaan
2126,Heeren van Sonoy,811.7969541676354,3.0,Deventer Boerhavelaan
2127,Gulden Vlies,749.6198242086455,4.0,Deventer Boerhavelaan
2128,La Cubanita Alkmaar,1019.1139257354848,5.0,Deventer Boerhavelaan
2129,SuperThai Restaurant ,749.6106910535735,3.3,Deventer Boerhavelaan
2130,Café-Bar Odeon,1117.6786219087742,4.0,Deventer Boerhavelaan
2131,Grand Café Klunder,491.1964571528282,0.0,Deventer Boerhavelaan
2132,1480 Food Bar,1019.4541370951409,4.0,Deventer Boerhavelaan
2133,Restaurant Tapas &,1057.2459116972116,5.0,Deventer Boerhavelaan
2134,Happy Italy,518.4117475871739,3.3,Deventer Boerhavelaan
2135,Granada Grand Cafe & Restaurant,597.1834813755764,5.0,Deventer Boerhavelaan
2136,Proeflokaal De Boom,942.184391949158,0.0,Deventer Boerhavelaan
2137,Kunchai,994.5218072237367,4.5,Deventer Boerhavelaan
2138,Cafe De Pilaren,1085.9413393183647,5.0,Deventer Boerhavelaan
2139,Moeke,484.4824365505958,0.0,Deventer Boerhavelaan
2140,De Amstelhoek,967.9020076874574,4.0,Deventer Boerhavelaan
2141,Il Colosseo,738.3859911669595,5.0,Deventer Boerhavelaan
2142,Rue de la Plume,789.023446360917,5.0,Deventer Boerhavelaan
2143,'t Friethuys,937.8352468571736,5.0,Deventer Boerhavelaan
2144,Taormina,1149.6070313784464,5.0,Deventer Boerhavelaan
2145,Ristobar Italica,1083.0744620729238,2.4,Deventer Boerhavelaan
2146,Le Bon,1008.7088239418918,4.0,Deventer Boerhavelaan
2147,De Bonte Bengel,574.7221520255662,2.8,Deventer Boerhavelaan
2148,Subway,861.8243738210845,5.0,Deventer Boerhavelaan
2149,Cafe Bali,920.3244724023469,3.7,Deventer Boerhavelaan
2150,De Binnenkomer,599.4072940907039,4.7,Tiel
2151,Vers Eten & Drinken,77.34336015072499,4.5,Tiel
2152,Daikichi,54.04131208278735,4.0,Tiel
2153,Burger King,38.753209797124605,3.0,Tiel
2154,Deli,1009.748379483375,4.8,Tiel
2155,Anne & Max,1050.9389047964175,4.8,Tiel
2156,De Buren,1060.7939670377473,4.1,Tiel
2157,King Sing,212.2733144925375,3.0,Tiel
2158,Aloha,852.7449434363177,4.0,Tiel
2159,Stadsstrand de Kade,620.6513341917654,5.0,Tiel
2160,Alkmaars Koffiehuis,723.9196172713763,5.0,Tiel
2161,Schots Restaurant Hielander,1008.5839781538273,3.8,Tiel
2162,Saladebar Oogst,479.2986157354422,5.0,Tiel
2163,Irish Pub Gunnery's,1101.3625315377635,5.0,Tiel
2164,Mojo's,942.0027393749233,5.0,Tiel
2165,Het Grand Cafeetje,935.7281656931732,4.0,Tiel
2166,Horecacentrum De Studio,516.498093746401,5.0,Tiel
2167,Vito,1485.8453538466451,4.3,Tiel
2168,Abby's,852.017140325663,4.3,Tiel
2169,Proeflokaal Bregje,525.2107427451322,2.3,Tiel
2170,restaurant zegels,744.6440355872974,4.7,Tiel
2171,Meat & Co,1020.6355087576528,4.3,Tiel
2172,Fresh Food,93.87041630226362,0.0,Tiel
2173,Petershoek Café,90.49918999393957,0.0,Tiel
2174,Burgers & Zo,566.070511391871,3.5,Tiel
2175,Pizzeria Ristorante La Famiglia,499.8180731679537,4.0,Tiel
2176,Heeren van Sonoy,811.7969541676354,3.0,Tiel
2177,Gulden Vlies,749.6198242086455,4.0,Tiel
2178,La Cubanita Alkmaar,1019.1139257354848,5.0,Tiel
2179,SuperThai Restaurant ,749.6106910535735,3.3,Tiel
2180,Café-Bar Odeon,1117.6786219087742,4.0,Tiel
2181,Grand Café Klunder,491.1964571528282,0.0,Tiel
2182,1480 Food Bar,1019.4541370951409,4.0,Tiel
2183,Restaurant Tapas &,1057.2459116972116,5.0,Tiel
2184,Happy Italy,518.4117475871739,3.3,Tiel
2185,Granada Grand Cafe & Restaurant,597.1834813755764,5.0,Tiel
2186,Proeflokaal De Boom,942.184391949158,0.0,Tiel
2187,Kunchai,994.5218072237367,4.5,Tiel
2188,Cafe De Pilaren,1085.9413393183647,5.0,Tiel
2189,Moeke,484.4824365505958,0.0,Tiel
2190,De Amstelhoek,967.9020076874574,4.0,Tiel
2191,Il Colosseo,738.3859911669595,5.0,Tiel
2192,Rue de la Plume,789.023446360917,5.0,Tiel
2193,'t Friethuys,937.8352468571736,5.0,Tiel
2194,Taormina,1149.6070313784464,5.0,Tiel
2195,Ristobar Italica,1083.0744620729238,2.4,Tiel
2196,Le Bon,1008.7088239418918,4.0,Tiel
2197,De Bonte Bengel,574.7221520255662,2.8,Tiel
2198,Subway,861.8243738210845,5.0,Tiel
2199,Cafe Bali,920.3244724023469,3.7,Tiel
2200,De Binnenkomer,599.4072940907039,4.7,Maastricht Noord
2201,Vers Eten & Drinken,77.34336015072499,4.5,Maastricht Noord
2202,Daikichi,54.04131208278735,4.0,Maastricht Noord
2203,Burger King,38.753209797124605,3.0,Maastricht Noord
2204,Deli,1009.748379483375,4.8,Maastricht Noord
2205,Anne & Max,1050.9389047964175,4.8,Maastricht Noord
2206,De Buren,1060.7939670377473,4.1,Maastricht Noord
2207,King Sing,212.2733144925375,3.0,Maastricht Noord
2208,Aloha,852.7449434363177,4.0,Maastricht Noord
2209,Stadsstrand de Kade,620.6513341917654,5.0,Maastricht Noord
2210,Alkmaars Koffiehuis,723.9196172713763,5.0,Maastricht Noord
2211,Schots Restaurant Hielander,1008.5839781538273,3.8,Maastricht Noord
2212,Saladebar Oogst,479.2986157354422,5.0,Maastricht Noord
2213,Irish Pub Gunnery's,1101.3625315377635,5.0,Maastricht Noord
2214,Mojo's,942.0027393749233,5.0,Maastricht Noord
2215,Het Grand Cafeetje,935.7281656931732,4.0,Maastricht Noord
2216,Horecacentrum De Studio,516.498093746401,5.0,Maastricht Noord
2217,Vito,1485.8453538466451,4.3,Maastricht Noord
2218,Abby's,852.017140325663,4.3,Maastricht Noord
2219,Proeflokaal Bregje,525.2107427451322,2.3,Maastricht Noord
2220,restaurant zegels,744.6440355872974,4.7,Maastricht Noord
2221,Meat & Co,1020.6355087576528,4.3,Maastricht Noord
2222,Fresh Food,93.87041630226362,0.0,Maastricht Noord
2223,Petershoek Café,90.49918999393957,0.0,Maastricht Noord
2224,Burgers & Zo,566.070511391871,3.5,Maastricht Noord
2225,Pizzeria Ristorante La Famiglia,499.8180731679537,4.0,Maastricht Noord
2226,Heeren van Sonoy,811.7969541676354,3.0,Maastricht Noord
2227,Gulden Vlies,749.6198242086455,4.0,Maastricht Noord
2228,La Cubanita Alkmaar,1019.1139257354848,5.0,Maastricht Noord
2229,SuperThai Restaurant ,749.6106910535735,3.3,Maastricht Noord
2230,Café-Bar Odeon,1117.6786219087742,4.0,Maastricht Noord
2231,Grand Café Klunder,491.1964571528282,0.0,Maastricht Noord
2232,1480 Food Bar,1019.4541370951409,4.0,Maastricht Noord
2233,Restaurant Tapas &,1057.2459116972116,5.0,Maastricht Noord
2234,Happy Italy,518.4117475871739,3.3,Maastricht Noord
2235,Granada Grand Cafe & Restaurant,597.1834813755764,5.0,Maastricht Noord
2236,Proeflokaal De Boom,942.184391949158,0.0,Maastricht Noord
2237,Kunchai,994.5218072237367,4.5,Maastricht Noord
2238,Cafe De Pilaren,1085.9413393183647,5.0,Maastricht Noord
2239,Moeke,484.4824365505958,0.0,Maastricht Noord
2240,De Amstelhoek,967.9020076874574,4.0,Maastricht Noord
2241,Il Colosseo,738.3859911669595,5.0,Maastricht Noord
2242,Rue de la Plume,789.023446360917,5.0,Maastricht Noord
2243,'t Friethuys,937.8352468571736,5.0,Maastricht Noord
2244,Taormina,1149.6070313784464,5.0,Maastricht Noord
2245,Ristobar Italica,1083.0744620729238,2.4,Maastricht Noord
2246,Le Bon,1008.7088239418918,4.0,Maastricht Noord
2247,De Bonte Bengel,574.7221520255662,2.8,Maastricht Noord
2248,Subway,861.8243738210845,5.0,Maastricht Noord
2249,Cafe Bali,920.3244724023469,3.7,Maastricht Noord
2250,De Binnenkomer,599.4072940907039,4.7,Goes
2251,Vers Eten & Drinken,77.34336015072499,4.5,Goes
2252,Daikichi,54.04131208278735,4.0,Goes
2253,Burger King,38.753209797124605,3.0,Goes
2254,Deli,1009.748379483375,4.8,Goes
2255,Anne & Max,1050.9389047964175,4.8,Goes
2256,De Buren,1060.7939670377473,4.1,Goes
2257,King Sing,212.2733144925375,3.0,Goes
2258,Aloha,852.7449434363177,4.0,Goes
2259,Stadsstrand de Kade,620.6513341917654,5.0,Goes
2260,Alkmaars Koffiehuis,723.9196172713763,5.0,Goes
2261,Schots Restaurant Hielander,1008.5839781538273,3.8,Goes
2262,Saladebar Oogst,479.2986157354422,5.0,Goes
2263,Irish Pub Gunnery's,1101.3625315377635,5.0,Goes
2264,Mojo's,942.0027393749233,5.0,Goes
2265,Het Grand Cafeetje,935.7281656931732,4.0,Goes
2266,Horecacentrum De Studio,516.498093746401,5.0,Goes
2267,Vito,1485.8453538466451,4.3,Goes
2268,Abby's,852.017140325663,4.3,Goes
2269,Proeflokaal Bregje,525.2107427451322,2.3,Goes
2270,restaurant zegels,744.6440355872974,4.7,Goes
2271,Meat & Co,1020.6355087576528,4.3,Goes
2272,Fresh Food,93.87041630226362,0.0,Goes
2273,Petershoek Café,90.49918999393957,0.0,Goes
2274,Burgers & Zo,566.070511391871,3.5,Goes
2275,Pizzeria Ristorante La Famiglia,499.8180731679537,4.0,Goes
2276,Heeren van Sonoy,811.7969541676354,3.0,Goes
2277,Gulden Vlies,749.6198242086455,4.0,Goes
2278,La Cubanita Alkmaar,1019.1139257354848,5.0,Goes
2279,SuperThai Restaurant ,749.6106910535735,3.3,Goes
2280,Café-Bar Odeon,1117.6786219087742,4.0,Goes
2281,Grand Café Klunder,491.1964571528282,0.0,Goes
2282,1480 Food Bar,1019.4541370951409,4.0,Goes
2283,Restaurant Tapas &,1057.2459116972116,5.0,Goes
2284,Happy Italy,518.4117475871739,3.3,Goes
2285,Granada Grand Cafe & Restaurant,597.1834813755764,5.0,Goes
2286,Proeflokaal De Boom,942.184391949158,0.0,Goes
2287,Kunchai,994.5218072237367,4.5,Goes
2288,Cafe De Pilaren,1085.9413393183647,5.0,Goes
2289,Moeke,484.4824365505958,0.0,Goes
2290,De Amstelhoek,967.9020076874574,4.0,Goes
2291,Il Colosseo,738.3859911669595,5.0,Goes
2292,Rue de la Plume,789.023446360917,5.0,Goes
2293,'t Friethuys,937.8352468571736,5.0,Goes
2294,Taormina,1149.6070313784464,5.0,Goes
2295,Ristobar Italica,1083.0744620729238,2.4,Goes
2296,Le Bon,1008.7088239418918,4.0,Goes
2297,De Bonte Bengel,574.7221520255662,2.8,Goes
2298,Subway,861.8243738210845,5.0,Goes
2299,Cafe Bali,920.3244724023469,3.7,Goes
2300,De Binnenkomer,599.4072940907039,4.7,Amersfoort Mondriaanplein
2301,Vers Eten & Drinken,77.34336015072499,4.5,Amersfoort Mondriaanplein
2302,Daikichi,54.04131208278735,4.0,Amersfoort Mondriaanplein
2303,Burger King,38.753209797124605,3.0,Amersfoort Mondriaanplein
2304,Deli,1009.748379483375,4.8,Amersfoort Mondriaanplein
2305,Anne & Max,1050.9389047964175,4.8,Amersfoort Mondriaanplein
2306,De Buren,1060.7939670377473,4.1,Amersfoort Mondriaanplein
2307,King Sing,212.2733144925375,3.0,Amersfoort Mondriaanplein
2308,Aloha,852.7449434363177,4.0,Amersfoort Mondriaanplein
2309,Stadsstrand de Kade,620.6513341917654,5.0,Amersfoort Mondriaanplein
2310,Alkmaars Koffiehuis,723.9196172713763,5.0,Amersfoort Mondriaanplein
2311,Schots Restaurant Hielander,1008.5839781538273,3.8,Amersfoort Mondriaanplein
2312,Saladebar Oogst,479.2986157354422,5.0,Amersfoort Mondriaanplein
2313,Irish Pub Gunnery's,1101.3625315377635,5.0,Amersfoort Mondriaanplein
2314,Mojo's,942.0027393749233,5.0,Amersfoort Mondriaanplein
2315,Het Grand Cafeetje,935.7281656931732,4.0,Amersfoort Mondriaanplein
2316,Horecacentrum De Studio,516.498093746401,5.0,Amersfoort Mondriaanplein
2317,Vito,1485.8453538466451,4.3,Amersfoort Mondriaanplein
2318,Abby's,852.017140325663,4.3,Amersfoort Mondriaanplein
2319,Proeflokaal Bregje,525.2107427451322,2.3,Amersfoort Mondriaanplein
2320,restaurant zegels,744.6440355872974,4.7,Amersfoort Mondriaanplein
2321,Meat & Co,1020.6355087576528,4.3,Amersfoort Mondriaanplein
2322,Fresh Food,93.87041630226362,0.0,Amersfoort Mondriaanplein
2323,Petershoek Café,90.49918999393957,0.0,Amersfoort Mondriaanplein
2324,Burgers & Zo,566.070511391871,3.5,Amersfoort Mondriaanplein
2325,Pizzeria Ristorante La Famiglia,499.8180731679537,4.0,Amersfoort Mondriaanplein
2326,Heeren van Sonoy,811.7969541676354,3.0,Amersfoort Mondriaanplein
2327,Gulden Vlies,749.6198242086455,4.0,Amersfoort Mondriaanplein
2328,La Cubanita Alkmaar,1019.1139257354848,5.0,Amersfoort Mondriaanplein
2329,SuperThai Restaurant ,749.6106910535735,3.3,Amersfoort Mondriaanplein
2330,Café-Bar Odeon,1117.6786219087742,4.0,Amersfoort Mondriaanplein
2331,Grand Café Klunder,491.1964571528282,0.0,Amersfoort Mondriaanplein
2332,1480 Food Bar,1019.4541370951409,4.0,Amersfoort Mondriaanplein
2333,Restaurant Tapas &,1057.2459116972116,5.0,Amersfoort Mondriaanplein
2334,Happy Italy,518.4117475871739,3.3,Amersfoort Mondriaanplein
2335,Granada Grand Cafe & Restaurant,597.1834813755764,5.0,Amersfoort Mondriaanplein
2336,Proeflokaal De Boom,942.184391949158,0.0,Amersfoort Mondriaanplein
2337,Kunchai,994.5218072237367,4.5,Amersfoort Mondriaanplein
2338,Cafe De Pilaren,1085.9413393183647,5.0,Amersfoort Mondriaanplein
2339,Moeke,484.4824365505958,0.0,Amersfoort Mondriaanplein
2340,De Amstelhoek,967.9020076874574,4.0,Amersfoort Mondriaanplein
2341,Il Colosseo,738.3859911669595,5.0,Amersfoort Mondriaanplein
2342,Rue de la Plume,789.023446360917,5.0,Amersfoort Mondriaanplein
2343,'t Friethuys,937.8352468571736,5.0,Amersfoort Mondriaanplein
2344,Taormina,1149.6070313784464,5.0,Amersfoort Mondriaanplein
2345,Ristobar Italica,1083.0744620729238,2.4,Amersfoort Mondriaanplein
2346,Le Bon,1008.7088239418918,4.0,Amersfoort Mondriaanplein
2347,De Bonte Bengel,574.7221520255662,2.8,Amersfoort Mondriaanplein
2348,Subway,861.8243738210845,5.0,Amersfoort Mondriaanplein
2349,Cafe Bali,920.3244724023469,3.7,Amersfoort Mondriaanplein
2350,De Binnenkomer,599.4072940907039,4.7,Utrecht Centraal Jaarbeursplein
2351,Vers Eten & Drinken,77.34336015072499,4.5,Utrecht Centraal Jaarbeursplein
2352,Daikichi,54.04131208278735,4.0,Utrecht Centraal Jaarbeursplein
2353,Burger King,38.753209797124605,3.0,Utrecht Centraal Jaarbeursplein
2354,Deli,1009.748379483375,4.8,Utrecht Centraal Jaarbeursplein
2355,Anne & Max,1050.9389047964175,4.8,Utrecht Centraal Jaarbeursplein
2356,De Buren,1060.7939670377473,4.1,Utrecht Centraal Jaarbeursplein
2357,King Sing,212.2733144925375,3.0,Utrecht Centraal Jaarbeursplein
2358,Aloha,852.7449434363177,4.0,Utrecht Centraal Jaarbeursplein
2359,Stadsstrand de Kade,620.6513341917654,5.0,Utrecht Centraal Jaarbeursplein
2360,Alkmaars Koffiehuis,723.9196172713763,5.0,Utrecht Centraal Jaarbeursplein
2361,Schots Restaurant Hielander,1008.5839781538273,3.8,Utrecht Centraal Jaarbeursplein
2362,Saladebar Oogst,479.2986157354422,5.0,Utrecht Centraal Jaarbeursplein
2363,Irish Pub Gunnery's,1101.3625315377635,5.0,Utrecht Centraal Jaarbeursplein
2364,Mojo's,942.0027393749233,5.0,Utrecht Centraal Jaarbeursplein
2365,Het Grand Cafeetje,935.7281656931732,4.0,Utrecht Centraal Jaarbeursplein
2366,Horecacentrum De Studio,516.498093746401,5.0,Utrecht Centraal Jaarbeursplein
2367,Vito,1485.8453538466451,4.3,Utrecht Centraal Jaarbeursplein
2368,Abby's,852.017140325663,4.3,Utrecht Centraal Jaarbeursplein
2369,Proeflokaal Bregje,525.2107427451322,2.3,Utrecht Centraal Jaarbeursplein
2370,restaurant zegels,744.6440355872974,4.7,Utrecht Centraal Jaarbeursplein
2371,Meat & Co,1020.6355087576528,4.3,Utrecht Centraal Jaarbeursplein
2372,Fresh Food,93.87041630226362,0.0,Utrecht Centraal Jaarbeursplein
2373,Petershoek Café,90.49918999393957,0.0,Utrecht Centraal Jaarbeursplein
2374,Burgers & Zo,566.070511391871,3.5,Utrecht Centraal Jaarbeursplein
2375,Pizzeria Ristorante La Famiglia,499.8180731679537,4.0,Utrecht Centraal Jaarbeursplein
2376,Heeren van Sonoy,811.7969541676354,3.0,Utrecht Centraal Jaarbeursplein
2377,Gulden Vlies,749.6198242086455,4.0,Utrecht Centraal Jaarbeursplein
2378,La Cubanita Alkmaar,1019.1139257354848,5.0,Utrecht Centraal Jaarbeursplein
2379,SuperThai Restaurant ,749.6106910535735,3.3,Utrecht Centraal Jaarbeursplein
2380,Café-Bar Odeon,1117.6786219087742,4.0,Utrecht Centraal Jaarbeursplein
2381,Grand Café Klunder,491.1964571528282,0.0,Utrecht Centraal Jaarbeursplein
2382,1480 Food Bar,1019.4541370951409,4.0,Utrecht Centraal Jaarbeursplein
2383,Restaurant Tapas &,1057.2459116972116,5.0,Utrecht Centraal Jaarbeursplein
2384,Happy Italy,518.4117475871739,3.3,Utrecht Centraal Jaarbeursplein
2385,Granada Grand Cafe & Restaurant,597.1834813755764,5.0,Utrecht Centraal Jaarbeursplein
2386,Proeflokaal De Boom,942.184391949158,0.0,Utrecht Centraal Jaarbeursplein
2387,Kunchai,994.5218072237367,4.5,Utrecht Centraal Jaarbeursplein
2388,Cafe De Pilaren,1085.9413393183647,5.0,Utrecht Centraal Jaarbeursplein
2389,Moeke,484.4824365505958,0.0,Utrecht Centraal Jaarbeursplein
2390,De Amstelhoek,967.9020076874574,4.0,Utrecht Centraal Jaarbeursplein
2391,Il Colosseo,738.3859911669595,5.0,Utrecht Centraal Jaarbeursplein
2392,Rue de la Plume,789.023446360917,5.0,Utrecht Centraal Jaarbeursplein
2393,'t Friethuys,937.8352468571736,5.0,Utrecht Centraal Jaarbeursplein
2394,Taormina,1149.6070313784464,5.0,Utrecht Centraal Jaarbeursplein
2395,Ristobar Italica,1083.0744620729238,2.4,Utrecht Centraal Jaarbeursplein
2396,Le Bon,1008.7088239418918,4.0,Utrecht Centraal Jaarbeursplein
2397,De Bonte Bengel,574.7221520255662,2.8,Utrecht Centraal Jaarbeursplein
2398,Subway,861.8243738210845,5.0,Utrecht Centraal Jaarbeursplein
2399,Cafe Bali,920.3244724023469,3.7,Utrecht Centraal Jaarbeursplein
2400,De Binnenkomer,599.4072940907039,4.7,Geldrop
2401,Vers Eten & Drinken,77.34336015072499,4.5,Geldrop
2402,Daikichi,54.04131208278735,4.0,Geldrop
2403,Burger King,38.753209797124605,3.0,Geldrop
2404,Deli,1009.748379483375,4.8,Geldrop
2405,Anne & Max,1050.9389047964175,4.8,Geldrop
2406,De Buren,1060.7939670377473,4.1,Geldrop
2407,King Sing,212.2733144925375,3.0,Geldrop
2408,Aloha,852.7449434363177,4.0,Geldrop
2409,Stadsstrand de Kade,620.6513341917654,5.0,Geldrop
2410,Alkmaars Koffiehuis,723.9196172713763,5.0,Geldrop
2411,Schots Restaurant Hielander,1008.5839781538273,3.8,Geldrop
2412,Saladebar Oogst,479.2986157354422,5.0,Geldrop
2413,Irish Pub Gunnery's,1101.3625315377635,5.0,Geldrop
2414,Mojo's,942.0027393749233,5.0,Geldrop
2415,Het Grand Cafeetje,935.7281656931732,4.0,Geldrop
2416,Horecacentrum De Studio,516.498093746401,5.0,Geldrop
2417,Vito,1485.8453538466451,4.3,Geldrop
2418,Abby's,852.017140325663,4.3,Geldrop
2419,Proeflokaal Bregje,525.2107427451322,2.3,Geldrop
2420,restaurant zegels,744.6440355872974,4.7,Geldrop
2421,Meat & Co,1020.6355087576528,4.3,Geldrop
2422,Fresh Food,93.87041630226362,0.0,Geldrop
2423,Petershoek Café,90.49918999393957,0.0,Geldrop
2424,Burgers & Zo,566.070511391871,3.5,Geldrop
2425,Pizzeria Ristorante La Famiglia,499.8180731679537,4.0,Geldrop
2426,Heeren van Sonoy,811.7969541676354,3.0,Geldrop
2427,Gulden Vlies,749.6198242086455,4.0,Geldrop
2428,La Cubanita Alkmaar,1019.1139257354848,5.0,Geldrop
2429,SuperThai Restaurant ,749.6106910535735,3.3,Geldrop
2430,Café-Bar Odeon,1117.6786219087742,4.0,Geldrop
2431,Grand Café Klunder,491.1964571528282,0.0,Geldrop
2432,1480 Food Bar,1019.4541370951409,4.0,Geldrop
2433,Restaurant Tapas &,1057.2459116972116,5.0,Geldrop
2434,Happy Italy,518.4117475871739,3.3,Geldrop
2435,Granada Grand Cafe & Restaurant,597.1834813755764,5.0,Geldrop
2436,Proeflokaal De Boom,942.184391949158,0.0,Geldrop
2437,Kunchai,994.5218072237367,4.5,Geldrop
2438,Cafe De Pilaren,1085.9413393183647,5.0,Geldrop
2439,Moeke,484.4824365505958,0.0,Geldrop
2440,De Amstelhoek,967.9020076874574,4.0,Geldrop
2441,Il Colosseo,738.3859911669595,5.0,Geldrop
2442,Rue de la Plume,789.023446360917,5.0,Geldrop
2443,'t Friethuys,937.8352468571736,5.0,Geldrop
2444,Taormina,1149.6070313784464,5.0,Geldrop
2445,Ristobar Italica,1083.0744620729238,2.4,Geldrop
2446,Le Bon,1008.7088239418918,4.0,Geldrop
2447,De Bonte Bengel,574.7221520255662,2.8,Geldrop
2448,Subway,861.8243738210845,5.0,Geldrop
2449,Cafe Bali,920.3244724023469,3.7,Geldrop
2450,De Binnenkomer,599.4072940907039,4.7,Den Helder Zuid
2451,Vers Eten & Drinken,77.34336015072499,4.5,Den Helder Zuid
2452,Daikichi,54.04131208278735,4.0,Den Helder Zuid
2453,Burger King,38.753209797124605,3.0,Den Helder Zuid
2454,Deli,1009.748379483375,4.8,Den Helder Zuid
2455,Anne & Max,1050.9389047964175,4.8,Den Helder Zuid
2456,De Buren,1060.7939670377473,4.1,Den Helder Zuid
2457,King Sing,212.2733144925375,3.0,Den Helder Zuid
2458,Aloha,852.7449434363177,4.0,Den Helder Zuid
2459,Stadsstrand de Kade,620.6513341917654,5.0,Den Helder Zuid
2460,Alkmaars Koffiehuis,723.9196172713763,5.0,Den Helder Zuid
2461,Schots Restaurant Hielander,1008.5839781538273,3.8,Den Helder Zuid
2462,Saladebar Oogst,479.2986157354422,5.0,Den Helder Zuid
2463,Irish Pub Gunnery's,1101.3625315377635,5.0,Den Helder Zuid
2464,Mojo's,942.0027393749233,5.0,Den Helder Zuid
2465,Het Grand Cafeetje,935.7281656931732,4.0,Den Helder Zuid
2466,Horecacentrum De Studio,516.498093746401,5.0,Den Helder Zuid
2467,Vito,1485.8453538466451,4.3,Den Helder Zuid
2468,Abby's,852.017140325663,4.3,Den Helder Zuid
2469,Proeflokaal Bregje,525.2107427451322,2.3,Den Helder Zuid
2470,restaurant zegels,744.6440355872974,4.7,Den Helder Zuid
2471,Meat & Co,1020.6355087576528,4.3,Den Helder Zuid
2472,Fresh Food,93.87041630226362,0.0,Den Helder Zuid
2473,Petershoek Café,90.49918999393957,0.0,Den Helder Zuid
2474,Burgers & Zo,566.070511391871,3.5,Den Helder Zuid
2475,Pizzeria Ristorante La Famiglia,499.8180731679537,4.0,Den Helder Zuid
2476,Heeren van Sonoy,811.7969541676354,3.0,Den Helder Zuid
2477,Gulden Vlies,749.6198242086455,4.0,Den Helder Zuid
2478,La Cubanita Alkmaar,1019.1139257354848,5.0,Den Helder Zuid
2479,SuperThai Restaurant ,749.6106910535735,3.3,Den Helder Zuid
2480,Café-Bar Odeon,1117.6786219087742,4.0,Den Helder Zuid
2481,Grand Café Klunder,491.1964571528282,0.0,Den Helder Zuid
2482,1480 Food Bar,1019.4541370951409,4.0,Den Helder Zuid
2483,Restaurant Tapas &,1057.2459116972116,5.0,Den Helder Zuid
2484,Happy Italy,518.4117475871739,3.3,Den Helder Zuid
2485,Granada Grand Cafe & Restaurant,597.1834813755764,5.0,Den Helder Zuid
2486,Proeflokaal De Boom,942.184391949158,0.0,Den Helder Zuid
2487,Kunchai,994.5218072237367,4.5,Den Helder Zuid
2488,Cafe De Pilaren,1085.9413393183647,5.0,Den Helder Zuid
2489,Moeke,484.4824365505958,0.0,Den Helder Zuid
2490,De Amstelhoek,967.9020076874574,4.0,Den Helder Zuid
2491,Il Colosseo,738.3859911669595,5.0,Den Helder Zuid
2492,Rue de la Plume,789.023446360917,5.0,Den Helder Zuid
2493,'t Friethuys,937.8352468571736,5.0,Den Helder Zuid
2494,Taormina,1149.6070313784464,5.0,Den Helder Zuid
2495,Ristobar Italica,1083.0744620729238,2.4,Den Helder Zuid
2496,Le Bon,1008.7088239418918,4.0,Den Helder Zuid
2497,De Bonte Bengel,574.7221520255662,2.8,Den Helder Zuid
2498,Subway,861.8243738210845,5.0,Den Helder Zuid
2499,Cafe Bali,920.3244724023469,3.7,Den Helder Zuid
2500,De Binnenkomer,599.4072940907039,4.7,Ommen
2501,Vers Eten & Drinken,77.34336015072499,4.5,Ommen
2502,Daikichi,54.04131208278735,4.0,Ommen
2503,Burger King,38.753209797124605,3.0,Ommen
2504,Deli,1009.748379483375,4.8,Ommen
2505,Anne & Max,1050.9389047964175,4.8,Ommen
2506,De Buren,1060.7939670377473,4.1,Ommen
2507,King Sing,212.2733144925375,3.0,Ommen
2508,Aloha,852.7449434363177,4.0,Ommen
2509,Stadsstrand de Kade,620.6513341917654,5.0,Ommen
2510,Alkmaars Koffiehuis,723.9196172713763,5.0,Ommen
2511,Schots Restaurant Hielander,1008.5839781538273,3.8,Ommen
2512,Saladebar Oogst,479.2986157354422,5.0,Ommen
2513,Irish Pub Gunnery's,1101.3625315377635,5.0,Ommen
2514,Mojo's,942.0027393749233,5.0,Ommen
2515,Het Grand Cafeetje,935.7281656931732,4.0,Ommen
2516,Horecacentrum De Studio,516.498093746401,5.0,Ommen
2517,Vito,1485.8453538466451,4.3,Ommen
2518,Abby's,852.017140325663,4.3,Ommen
2519,Proeflokaal Bregje,525.2107427451322,2.3,Ommen
2520,restaurant zegels,744.6440355872974,4.7,Ommen
2521,Meat & Co,1020.6355087576528,4.3,Ommen
2522,Fresh Food,93.87041630226362,0.0,Ommen
2523,Petershoek Café,90.49918999393957,0.0,Ommen
2524,Burgers & Zo,566.070511391871,3.5,Ommen
2525,Pizzeria Ristorante La Famiglia,499.8180731679537,4.0,Ommen
2526,Heeren van Sonoy,811.7969541676354,3.0,Ommen
2527,Gulden Vlies,749.6198242086455,4.0,Ommen
2528,La Cubanita Alkmaar,1019.1139257354848,5.0,Ommen
2529,SuperThai Restaurant ,749.6106910535735,3.3,Ommen
2530,Café-Bar Odeon,1117.6786219087742,4.0,Ommen
2531,Grand Café Klunder,491.1964571528282,0.0,Ommen
2532,1480 Food Bar,1019.4541370951409,4.0,Ommen
2533,Restaurant Tapas &,1057.2459116972116,5.0,Ommen
2534,Happy Italy,518.4117475871739,3.3,Ommen
2535,Granada Grand Cafe & Restaurant,597.1834813755764,5.0,Ommen
2536,Proeflokaal De Boom,942.184391949158,0.0,Ommen
2537,Kunchai,994.5218072237367,4.5,Ommen
2538,Cafe De Pilaren,1085.9413393183647,5.0,Ommen
2539,Moeke,484.4824365505958,0.0,Ommen
2540,De Amstelhoek,967.9020076874574,4.0,Ommen
2541,Il Colosseo,738.3859911669595,5.0,Ommen
2542,Rue de la Plume,789.023446360917,5.0,Ommen
2543,'t Friethuys,937.8352468571736,5.0,Ommen
2544,Taormina,1149.6070313784464,5.0,Ommen
2545,Ristobar Italica,1083.0744620729238,2.4,Ommen
2546,Le Bon,1008.7088239418918,4.0,Ommen
2547,De Bonte Bengel,574.7221520255662,2.8,Ommen
2548,Subway,861.8243738210845,5.0,Ommen
2549,Cafe Bali,920.3244724023469,3.7,Ommen
2550,De Binnenkomer,599.4072940907039,4.7,Utrecht Leidsche Rijn
2551,Vers Eten & Drinken,77.34336015072499,4.5,Utrecht Leidsche Rijn
2552,Daikichi,54.04131208278735,4.0,Utrecht Leidsche Rijn
2553,Burger King,38.753209797124605,3.0,Utrecht Leidsche Rijn
2554,Deli,1009.748379483375,4.8,Utrecht Leidsche Rijn
2555,Anne & Max,1050.9389047964175,4.8,Utrecht Leidsche Rijn
2556,De Buren,1060.7939670377473,4.1,Utrecht Leidsche Rijn
2557,King Sing,212.2733144925375,3.0,Utrecht Leidsche Rijn
2558,Aloha,852.7449434363177,4.0,Utrecht Leidsche Rijn
2559,Stadsstrand de Kade,620.6513341917654,5.0,Utrecht Leidsche Rijn
2560,Alkmaars Koffiehuis,723.9196172713763,5.0,Utrecht Leidsche Rijn
2561,Schots Restaurant Hielander,1008.5839781538273,3.8,Utrecht Leidsche Rijn
2562,Saladebar Oogst,479.2986157354422,5.0,Utrecht Leidsche Rijn
2563,Irish Pub Gunnery's,1101.3625315377635,5.0,Utrecht Leidsche Rijn
2564,Mojo's,942.0027393749233,5.0,Utrecht Leidsche Rijn
2565,Het Grand Cafeetje,935.7281656931732,4.0,Utrecht Leidsche Rijn
2566,Horecacentrum De Studio,516.498093746401,5.0,Utrecht Leidsche Rijn
2567,Vito,1485.8453538466451,4.3,Utrecht Leidsche Rijn
2568,Abby's,852.017140325663,4.3,Utrecht Leidsche Rijn
2569,Proeflokaal Bregje,525.2107427451322,2.3,Utrecht Leidsche Rijn
2570,restaurant zegels,744.6440355872974,4.7,Utrecht Leidsche Rijn
2571,Meat & Co,1020.6355087576528,4.3,Utrecht Leidsche Rijn
2572,Fresh Food,93.87041630226362,0.0,Utrecht Leidsche Rijn
2573,Petershoek Café,90.49918999393957,0.0,Utrecht Leidsche Rijn
2574,Burgers & Zo,566.070511391871,3.5,Utrecht Leidsche Rijn
2575,Pizzeria Ristorante La Famiglia,499.8180731679537,4.0,Utrecht Leidsche Rijn
2576,Heeren van Sonoy,811.7969541676354,3.0,Utrecht Leidsche Rijn
2577,Gulden Vlies,749.6198242086455,4.0,Utrecht Leidsche Rijn
2578,La Cubanita Alkmaar,1019.1139257354848,5.0,Utrecht Leidsche Rijn
2579,SuperThai Restaurant ,749.6106910535735,3.3,Utrecht Leidsche Rijn
2580,Café-Bar Odeon,1117.6786219087742,4.0,Utrecht Leidsche Rijn
2581,Grand Café Klunder,491.1964571528282,0.0,Utrecht Leidsche Rijn
2582,1480 Food Bar,1019.4541370951409,4.0,Utrecht Leidsche Rijn
2583,Restaurant Tapas &,1057.2459116972116,5.0,Utrecht Leidsche Rijn
2584,Happy Italy,518.4117475871739,3.3,Utrecht Leidsche Rijn
2585,Granada Grand Cafe & Restaurant,597.1834813755764,5.0,Utrecht Leidsche Rijn
2586,Proeflokaal De Boom,942.184391949158,0.0,Utrecht Leidsche Rijn
2587,Kunchai,994.5218072237367,4.5,Utrecht Leidsche Rijn
2588,Cafe De Pilaren,1085.9413393183647,5.0,Utrecht Leidsche Rijn
2589,Moeke,484.4824365505958,0.0,Utrecht Leidsche Rijn
2590,De Amstelhoek,967.9020076874574,4.0,Utrecht Leidsche Rijn
2591,Il Colosseo,738.3859911669595,5.0,Utrecht Leidsche Rijn
2592,Rue de la Plume,789.023446360917,5.0,Utrecht Leidsche Rijn
2593,'t Friethuys,937.8352468571736,5.0,Utrecht Leidsche Rijn
2594,Taormina,1149.6070313784464,5.0,Utrecht Leidsche Rijn
2595,Ristobar Italica,1083.0744620729238,2.4,Utrecht Leidsche Rijn
2596,Le Bon,1008.7088239418918,4.0,Utrecht Leidsche Rijn
2597,De Bonte Bengel,574.7221520255662,2.8,Utrecht Leidsche Rijn
2598,Subway,861.8243738210845,5.0,Utrecht Leidsche Rijn
2599,Cafe Bali,920.3244724023469,3.7,Utrecht Leidsche Rijn
2600,De Binnenkomer,599.4072940907039,4.7,Baarn
2601,Vers Eten & Drinken,77.34336015072499,4.5,Baarn
2602,Daikichi,54.04131208278735,4.0,Baarn
2603,Burger King,38.753209797124605,3.0,Baarn
2604,Deli,1009.748379483375,4.8,Baarn
2605,Anne & Max,1050.9389047964175,4.8,Baarn
2606,De Buren,1060.7939670377473,4.1,Baarn
2607,King Sing,212.2733144925375,3.0,Baarn
2608,Aloha,852.7449434363177,4.0,Baarn
2609,Stadsstrand de Kade,620.6513341917654,5.0,Baarn
2610,Alkmaars Koffiehuis,723.9196172713763,5.0,Baarn
2611,Schots Restaurant Hielander,1008.5839781538273,3.8,Baarn
2612,Saladebar Oogst,479.2986157354422,5.0,Baarn
2613,Irish Pub Gunnery's,1101.3625315377635,5.0,Baarn
2614,Mojo's,942.0027393749233,5.0,Baarn
2615,Het Grand Cafeetje,935.7281656931732,4.0,Baarn
2616,Horecacentrum De Studio,516.498093746401,5.0,Baarn
2617,Vito,1485.8453538466451,4.3,Baarn
2618,Abby's,852.017140325663,4.3,Baarn
2619,Proeflokaal Bregje,525.2107427451322,2.3,Baarn
2620,restaurant zegels,744.6440355872974,4.7,Baarn
2621,Meat & Co,1020.6355087576528,4.3,Baarn
2622,Fresh Food,93.87041630226362,0.0,Baarn
2623,Petershoek Café,90.49918999393957,0.0,Baarn
2624,Burgers & Zo,566.070511391871,3.5,Baarn
2625,Pizzeria Ristorante La Famiglia,499.8180731679537,4.0,Baarn
2626,Heeren van Sonoy,811.7969541676354,3.0,Baarn
2627,Gulden Vlies,749.6198242086455,4.0,Baarn
2628,La Cubanita Alkmaar,1019.1139257354848,5.0,Baarn
2629,SuperThai Restaurant ,749.6106910535735,3.3,Baarn
2630,Café-Bar Odeon,1117.6786219087742,4.0,Baarn
2631,Grand Café Klunder,491.1964571528282,0.0,Baarn
2632,1480 Food Bar,1019.4541370951409,4.0,Baarn
2633,Restaurant Tapas &,1057.2459116972116,5.0,Baarn
2634,Happy Italy,518.4117475871739,3.3,Baarn
2635,Granada Grand Cafe & Restaurant,597.1834813755764,5.0,Baarn
2636,Proeflokaal De Boom,942.184391949158,0.0,Baarn
2637,Kunchai,994.5218072237367,4.5,Baarn
2638,Cafe De Pilaren,1085.9413393183647,5.0,Baarn
2639,Moeke,484.4824365505958,0.0,Baarn
2640,De Amstelhoek,967.9020076874574,4.0,Baarn
2641,Il Colosseo,738.3859911669595,5.0,Baarn
2642,Rue de la Plume,789.023446360917,5.0,Baarn
2643,'t Friethuys,937.8352468571736,5.0,Baarn
2644,Taormina,1149.6070313784464,5.0,Baarn
2645,Ristobar Italica,1083.0744620729238,2.4,Baarn
2646,Le Bon,1008.7088239418918,4.0,Baarn
2647,De Bonte Bengel,574.7221520255662,2.8,Baarn
2648,Subway,861.8243738210845,5.0,Baarn
2649,Cafe Bali,920.3244724023469,3.7,Baarn
2650,De Binnenkomer,599.4072940907039,4.7,Vleuten
2651,Vers Eten & Drinken,77.34336015072499,4.5,Vleuten
2652,Daikichi,54.04131208278735,4.0,Vleuten
2653,Burger King,38.753209797124605,3.0,Vleuten
2654,Deli,1009.748379483375,4.8,Vleuten
2655,Anne & Max,1050.9389047964175,4.8,Vleuten
2656,De Buren,1060.7939670377473,4.1,Vleuten
2657,King Sing,212.2733144925375,3.0,Vleuten
2658,Aloha,852.7449434363177,4.0,Vleuten
2659,Stadsstrand de Kade,620.6513341917654,5.0,Vleuten
2660,Alkmaars Koffiehuis,723.9196172713763,5.0,Vleuten
2661,Schots Restaurant Hielander,1008.5839781538273,3.8,Vleuten
2662,Saladebar Oogst,479.2986157354422,5.0,Vleuten
2663,Irish Pub Gunnery's,1101.3625315377635,5.0,Vleuten
2664,Mojo's,942.0027393749233,5.0,Vleuten
2665,Het Grand Cafeetje,935.7281656931732,4.0,Vleuten
2666,Horecacentrum De Studio,516.498093746401,5.0,Vleuten
2667,Vito,1485.8453538466451,4.3,Vleuten
2668,Abby's,852.017140325663,4.3,Vleuten
2669,Proeflokaal Bregje,525.2107427451322,2.3,Vleuten
2670,restaurant zegels,744.6440355872974,4.7,Vleuten
2671,Meat & Co,1020.6355087576528,4.3,Vleuten
2672,Fresh Food,93.87041630226362,0.0,Vleuten
2673,Petershoek Café,90.49918999393957,0.0,Vleuten
2674,Burgers & Zo,566.070511391871,3.5,Vleuten
2675,Pizzeria Ristorante La Famiglia,499.8180731679537,4.0,Vleuten
2676,Heeren van Sonoy,811.7969541676354,3.0,Vleuten
2677,Gulden Vlies,749.6198242086455,4.0,Vleuten
2678,La Cubanita Alkmaar,1019.1139257354848,5.0,Vleuten
2679,SuperThai Restaurant ,749.6106910535735,3.3,Vleuten
2680,Café-Bar Odeon,1117.6786219087742,4.0,Vleuten
2681,Grand Café Klunder,491.1964571528282,0.0,Vleuten
2682,1480 Food Bar,1019.4541370951409,4.0,Vleuten
2683,Restaurant Tapas &,1057.2459116972116,5.0,Vleuten
2684,Happy Italy,518.4117475871739,3.3,Vleuten
2685,Granada Grand Cafe & Restaurant,597.1834813755764,5.0,Vleuten
2686,Proeflokaal De Boom,942.184391949158,0.0,Vleuten
2687,Kunchai,994.5218072237367,4.5,Vleuten
2688,Cafe De Pilaren,1085.9413393183647,5.0,Vleuten
2689,Moeke,484.4824365505958,0.0,Vleuten
2690,De Amstelhoek,967.9020076874574,4.0,Vleuten
2691,Il Colosseo,738.3859911669595,5.0,Vleuten
2692,Rue de la Plume,789.023446360917,5.0,Vleuten
2693,'t Friethuys,937.8352468571736,5.0,Vleuten
2694,Taormina,1149.6070313784464,5.0,Vleuten
2695,Ristobar Italica,1083.0744620729238,2.4,Vleuten
2696,Le Bon,1008.7088239418918,4.0,Vleuten
2697,De Bonte Bengel,574.7221520255662,2.8,Vleuten
2698,Subway,861.8243738210845,5.0,Vleuten
2699,Cafe Bali,920.3244724023469,3.7,Vleuten
2700,De Binnenkomer,599.4072940907039,4.7,Steenwijk
2701,Vers Eten & Drinken,77.34336015072499,4.5,Steenwijk
2702,Daikichi,54.04131208278735,4.0,Steenwijk
2703,Burger King,38.753209797124605,3.0,Steenwijk
2704,Deli,1009.748379483375,4.8,Steenwijk
2705,Anne & Max,1050.9389047964175,4.8,Steenwijk
2706,De Buren,1060.7939670377473,4.1,Steenwijk
2707,King Sing,212.2733144925375,3.0,Steenwijk
2708,Aloha,852.7449434363177,4.0,Steenwijk
2709,Stadsstrand de Kade,620.6513341917654,5.0,Steenwijk
2710,Alkmaars Koffiehuis,723.9196172713763,5.0,Steenwijk
2711,Schots Restaurant Hielander,1008.5839781538273,3.8,Steenwijk
2712,Saladebar Oogst,479.2986157354422,5.0,Steenwijk
2713,Irish Pub Gunnery's,1101.3625315377635,5.0,Steenwijk
2714,Mojo's,942.0027393749233,5.0,Steenwijk
2715,Het Grand Cafeetje,935.7281656931732,4.0,Steenwijk
2716,Horecacentrum De Studio,516.498093746401,5.0,Steenwijk
2717,Vito,1485.8453538466451,4.3,Steenwijk
2718,Abby's,852.017140325663,4.3,Steenwijk
2719,Proeflokaal Bregje,525.2107427451322,2.3,Steenwijk
2720,restaurant zegels,744.6440355872974,4.7,Steenwijk
2721,Meat & Co,1020.6355087576528,4.3,Steenwijk
2722,Fresh Food,93.87041630226362,0.0,Steenwijk
2723,Petershoek Café,90.49918999393957,0.0,Steenwijk
2724,Burgers & Zo,566.070511391871,3.5,Steenwijk
2725,Pizzeria Ristorante La Famiglia,499.8180731679537,4.0,Steenwijk
2726,Heeren van Sonoy,811.7969541676354,3.0,Steenwijk
2727,Gulden Vlies,749.6198242086455,4.0,Steenwijk
2728,La Cubanita Alkmaar,1019.1139257354848,5.0,Steenwijk
2729,SuperThai Restaurant ,749.6106910535735,3.3,Steenwijk
2730,Café-Bar Odeon,1117.6786219087742,4.0,Steenwijk
2731,Grand Café Klunder,491.1964571528282,0.0,Steenwijk
2732,1480 Food Bar,1019.4541370951409,4.0,Steenwijk
2733,Restaurant Tapas &,1057.2459116972116,5.0,Steenwijk
2734,Happy Italy,518.4117475871739,3.3,Steenwijk
2735,Granada Grand Cafe & Restaurant,597.1834813755764,5.0,Steenwijk
2736,Proeflokaal De Boom,942.184391949158,0.0,Steenwijk
2737,Kunchai,994.5218072237367,4.5,Steenwijk
2738,Cafe De Pilaren,1085.9413393183647,5.0,Steenwijk
2739,Moeke,484.4824365505958,0.0,Steenwijk
2740,De Amstelhoek,967.9020076874574,4.0,Steenwijk
2741,Il Colosseo,738.3859911669595,5.0,Steenwijk
2742,Rue de la Plume,789.023446360917,5.0,Steenwijk
2743,'t Friethuys,937.8352468571736,5.0,Steenwijk
2744,Taormina,1149.6070313784464,5.0,Steenwijk
2745,Ristobar Italica,1083.0744620729238,2.4,Steenwijk
2746,Le Bon,1008.7088239418918,4.0,Steenwijk
2747,De Bonte Bengel,574.7221520255662,2.8,Steenwijk
2748,Subway,861.8243738210845,5.0,Steenwijk
2749,Cafe Bali,920.3244724023469,3.7,Steenwijk
2750,De Binnenkomer,599.4072940907039,4.7,Delft Zuid
2751,Vers Eten & Drinken,77.34336015072499,4.5,Delft Zuid
2752,Daikichi,54.04131208278735,4.0,Delft Zuid
2753,Burger King,38.753209797124605,3.0,Delft Zuid
2754,Deli,1009.748379483375,4.8,Delft Zuid
2755,Anne & Max,1050.9389047964175,4.8,Delft Zuid
2756,De Buren,1060.7939670377473,4.1,Delft Zuid
2757,King Sing,212.2733144925375,3.0,Delft Zuid
2758,Aloha,852.7449434363177,4.0,Delft Zuid
2759,Stadsstrand de Kade,620.6513341917654,5.0,Delft Zuid
2760,Alkmaars Koffiehuis,723.9196172713763,5.0,Delft Zuid
2761,Schots Restaurant Hielander,1008.5839781538273,3.8,Delft Zuid
2762,Saladebar Oogst,479.2986157354422,5.0,Delft Zuid
2763,Irish Pub Gunnery's,1101.3625315377635,5.0,Delft Zuid
2764,Mojo's,942.0027393749233,5.0,Delft Zuid
2765,Het Grand Cafeetje,935.7281656931732,4.0,Delft Zuid
2766,Horecacentrum De Studio,516.498093746401,5.0,Delft Zuid
2767,Vito,1485.8453538466451,4.3,Delft Zuid
2768,Abby's,852.017140325663,4.3,Delft Zuid
2769,Proeflokaal Bregje,525.2107427451322,2.3,Delft Zuid
2770,restaurant zegels,744.6440355872974,4.7,Delft Zuid
2771,Meat & Co,1020.6355087576528,4.3,Delft Zuid
2772,Fresh Food,93.87041630226362,0.0,Delft Zuid
2773,Petershoek Café,90.49918999393957,0.0,Delft Zuid
2774,Burgers & Zo,566.070511391871,3.5,Delft Zuid
2775,Pizzeria Ristorante La Famiglia,499.8180731679537,4.0,Delft Zuid
2776,Heeren van Sonoy,811.7969541676354,3.0,Delft Zuid
2777,Gulden Vlies,749.6198242086455,4.0,Delft Zuid
2778,La Cubanita Alkmaar,1019.1139257354848,5.0,Delft Zuid
2779,SuperThai Restaurant ,749.6106910535735,3.3,Delft Zuid
2780,Café-Bar Odeon,1117.6786219087742,4.0,Delft Zuid
2781,Grand Café Klunder,491.1964571528282,0.0,Delft Zuid
2782,1480 Food Bar,1019.4541370951409,4.0,Delft Zuid
2783,Restaurant Tapas &,1057.2459116972116,5.0,Delft Zuid
2784,Happy Italy,518.4117475871739,3.3,Delft Zuid
2785,Granada Grand Cafe & Restaurant,597.1834813755764,5.0,Delft Zuid
2786,Proeflokaal De Boom,942.184391949158,0.0,Delft Zuid
2787,Kunchai,994.5218072237367,4.5,Delft Zuid
2788,Cafe De Pilaren,1085.9413393183647,5.0,Delft Zuid
2789,Moeke,484.4824365505958,0.0,Delft Zuid
2790,De Amstelhoek,967.9020076874574,4.0,Delft Zuid
2791,Il Colosseo,738.3859911669595,5.0,Delft Zuid
2792,Rue de la Plume,789.023446360917,5.0,Delft Zuid
2793,'t Friethuys,937.8352468571736,5.0,Delft Zuid
2794,Taormina,1149.6070313784464,5.0,Delft Zuid
2795,Ristobar Italica,1083.0744620729238,2.4,Delft Zuid
2796,Le Bon,1008.7088239418918,4.0,Delft Zuid
2797,De Bonte Bengel,574.7221520255662,2.8,Delft Zuid
2798,Subway,861.8243738210845,5.0,Delft Zuid
2799,Cafe Bali,920.3244724023469,3.7,Delft Zuid
2800,De Binnenkomer,599.4072940907039,4.7,Rijswijk
2801,Vers Eten & Drinken,77.34336015072499,4.5,Rijswijk
2802,Daikichi,54.04131208278735,4.0,Rijswijk
2803,Burger King,38.753209797124605,3.0,Rijswijk
2804,Deli,1009.748379483375,4.8,Rijswijk
2805,Anne & Max,1050.9389047964175,4.8,Rijswijk
2806,De Buren,1060.7939670377473,4.1,Rijswijk
2807,King Sing,212.2733144925375,3.0,Rijswijk
2808,Aloha,852.7449434363177,4.0,Rijswijk
2809,Stadsstrand de Kade,620.6513341917654,5.0,Rijswijk
2810,Alkmaars Koffiehuis,723.9196172713763,5.0,Rijswijk
2811,Schots Restaurant Hielander,1008.5839781538273,3.8,Rijswijk
2812,Saladebar Oogst,479.2986157354422,5.0,Rijswijk
2813,Irish Pub Gunnery's,1101.3625315377635,5.0,Rijswijk
2814,Mojo's,942.0027393749233,5.0,Rijswijk
2815,Het Grand Cafeetje,935.7281656931732,4.0,Rijswijk
2816,Horecacentrum De Studio,516.498093746401,5.0,Rijswijk
2817,Vito,1485.8453538466451,4.3,Rijswijk
2818,Abby's,852.017140325663,4.3,Rijswijk
2819,Proeflokaal Bregje,525.2107427451322,2.3,Rijswijk
2820,restaurant zegels,744.6440355872974,4.7,Rijswijk
2821,Meat & Co,1020.6355087576528,4.3,Rijswijk
2822,Fresh Food,93.87041630226362,0.0,Rijswijk
2823,Petershoek Café,90.49918999393957,0.0,Rijswijk
2824,Burgers & Zo,566.070511391871,3.5,Rijswijk
2825,Pizzeria Ristorante La Famiglia,499.8180731679537,4.0,Rijswijk
2826,Heeren van Sonoy,811.7969541676354,3.0,Rijswijk
2827,Gulden Vlies,749.6198242086455,4.0,Rijswijk
2828,La Cubanita Alkmaar,1019.1139257354848,5.0,Rijswijk
2829,SuperThai Restaurant ,749.6106910535735,3.3,Rijswijk
2830,Café-Bar Odeon,1117.6786219087742,4.0,Rijswijk
2831,Grand Café Klunder,491.1964571528282,0.0,Rijswijk
2832,1480 Food Bar,1019.4541370951409,4.0,Rijswijk
2833,Restaurant Tapas &,1057.2459116972116,5.0,Rijswijk
2834,Happy Italy,518.4117475871739,3.3,Rijswijk
2835,Granada Grand Cafe & Restaurant,597.1834813755764,5.0,Rijswijk
2836,Proeflokaal De Boom,942.184391949158,0.0,Rijswijk
2837,Kunchai,994.5218072237367,4.5,Rijswijk
2838,Cafe De Pilaren,1085.9413393183647,5.0,Rijswijk
2839,Moeke,484.4824365505958,0.0,Rijswijk
2840,De Amstelhoek,967.9020076874574,4.0,Rijswijk
2841,Il Colosseo,738.3859911669595,5.0,Rijswijk
2842,Rue de la Plume,789.023446360917,5.0,Rijswijk
2843,'t Friethuys,937.8352468571736,5.0,Rijswijk
2844,Taormina,1149.6070313784464,5.0,Rijswijk
2845,Ristobar Italica,1083.0744620729238,2.4,Rijswijk
2846,Le Bon,1008.7088239418918,4.0,Rijswijk
2847,De Bonte Bengel,574.7221520255662,2.8,Rijswijk
2848,Subway,861.8243738210845,5.0,Rijswijk
2849,Cafe Bali,920.3244724023469,3.7,Rijswijk
2850,De Binnenkomer,599.4072940907039,4.7,Almere Centrum Landdrostdreef
2851,Vers Eten & Drinken,77.34336015072499,4.5,Almere Centrum Landdrostdreef
2852,Daikichi,54.04131208278735,4.0,Almere Centrum Landdrostdreef
2853,Burger King,38.753209797124605,3.0,Almere Centrum Landdrostdreef
2854,Deli,1009.748379483375,4.8,Almere Centrum Landdrostdreef
2855,Anne & Max,1050.9389047964175,4.8,Almere Centrum Landdrostdreef
2856,De Buren,1060.7939670377473,4.1,Almere Centrum Landdrostdreef
2857,King Sing,212.2733144925375,3.0,Almere Centrum Landdrostdreef
2858,Aloha,852.7449434363177,4.0,Almere Centrum Landdrostdreef
2859,Stadsstrand de Kade,620.6513341917654,5.0,Almere Centrum Landdrostdreef
2860,Alkmaars Koffiehuis,723.9196172713763,5.0,Almere Centrum Landdrostdreef
2861,Schots Restaurant Hielander,1008.5839781538273,3.8,Almere Centrum Landdrostdreef
2862,Saladebar Oogst,479.2986157354422,5.0,Almere Centrum Landdrostdreef
2863,Irish Pub Gunnery's,1101.3625315377635,5.0,Almere Centrum Landdrostdreef
2864,Mojo's,942.0027393749233,5.0,Almere Centrum Landdrostdreef
2865,Het Grand Cafeetje,935.7281656931732,4.0,Almere Centrum Landdrostdreef
2866,Horecacentrum De Studio,516.498093746401,5.0,Almere Centrum Landdrostdreef
2867,Vito,1485.8453538466451,4.3,Almere Centrum Landdrostdreef
2868,Abby's,852.017140325663,4.3,Almere Centrum Landdrostdreef
2869,Proeflokaal Bregje,525.2107427451322,2.3,Almere Centrum Landdrostdreef
2870,restaurant zegels,744.6440355872974,4.7,Almere Centrum Landdrostdreef
2871,Meat & Co,1020.6355087576528,4.3,Almere Centrum Landdrostdreef
2872,Fresh Food,93.87041630226362,0.0,Almere Centrum Landdrostdreef
2873,Petershoek Café,90.49918999393957,0.0,Almere Centrum Landdrostdreef
2874,Burgers & Zo,566.070511391871,3.5,Almere Centrum Landdrostdreef
2875,Pizzeria Ristorante La Famiglia,499.8180731679537,4.0,Almere Centrum Landdrostdreef
2876,Heeren van Sonoy,811.7969541676354,3.0,Almere Centrum Landdrostdreef
2877,Gulden Vlies,749.6198242086455,4.0,Almere Centrum Landdrostdreef
2878,La Cubanita Alkmaar,1019.1139257354848,5.0,Almere Centrum Landdrostdreef
2879,SuperThai Restaurant ,749.6106910535735,3.3,Almere Centrum Landdrostdreef
2880,Café-Bar Odeon,1117.6786219087742,4.0,Almere Centrum Landdrostdreef
2881,Grand Café Klunder,491.1964571528282,0.0,Almere Centrum Landdrostdreef
2882,1480 Food Bar,1019.4541370951409,4.0,Almere Centrum Landdrostdreef
2883,Restaurant Tapas &,1057.2459116972116,5.0,Almere Centrum Landdrostdreef
2884,Happy Italy,518.4117475871739,3.3,Almere Centrum Landdrostdreef
2885,Granada Grand Cafe & Restaurant,597.1834813755764,5.0,Almere Centrum Landdrostdreef
2886,Proeflokaal De Boom,942.184391949158,0.0,Almere Centrum Landdrostdreef
2887,Kunchai,994.5218072237367,4.5,Almere Centrum Landdrostdreef
2888,Cafe De Pilaren,1085.9413393183647,5.0,Almere Centrum Landdrostdreef
2889,Moeke,484.4824365505958,0.0,Almere Centrum Landdrostdreef
2890,De Amstelhoek,967.9020076874574,4.0,Almere Centrum Landdrostdreef
2891,Il Colosseo,738.3859911669595,5.0,Almere Centrum Landdrostdreef
2892,Rue de la Plume,789.023446360917,5.0,Almere Centrum Landdrostdreef
2893,'t Friethuys,937.8352468571736,5.0,Almere Centrum Landdrostdreef
2894,Taormina,1149.6070313784464,5.0,Almere Centrum Landdrostdreef
2895,Ristobar Italica,1083.0744620729238,2.4,Almere Centrum Landdrostdreef
2896,Le Bon,1008.7088239418918,4.0,Almere Centrum Landdrostdreef
2897,De Bonte Bengel,574.7221520255662,2.8,Almere Centrum Landdrostdreef
2898,Subway,861.8243738210845,5.0,Almere Centrum Landdrostdreef
2899,Cafe Bali,920.3244724023469,3.7,Almere Centrum Landdrostdreef
2900,De Binnenkomer,599.4072940907039,4.7,Zwolle
2901,Vers Eten & Drinken,77.34336015072499,4.5,Zwolle
2902,Daikichi,54.04131208278735,4.0,Zwolle
2903,Burger King,38.753209797124605,3.0,Zwolle
2904,Deli,1009.748379483375,4.8,Zwolle
2905,Anne & Max,1050.9389047964175,4.8,Zwolle
2906,De Buren,1060.7939670377473,4.1,Zwolle
2907,King Sing,212.2733144925375,3.0,Zwolle
2908,Aloha,852.7449434363177,4.0,Zwolle
2909,Stadsstrand de Kade,620.6513341917654,5.0,Zwolle
2910,Alkmaars Koffiehuis,723.9196172713763,5.0,Zwolle
2911,Schots Restaurant Hielander,1008.5839781538273,3.8,Zwolle
2912,Saladebar Oogst,479.2986157354422,5.0,Zwolle
2913,Irish Pub Gunnery's,1101.3625315377635,5.0,Zwolle
2914,Mojo's,942.0027393749233,5.0,Zwolle
2915,Het Grand Cafeetje,935.7281656931732,4.0,Zwolle
2916,Horecacentrum De Studio,516.498093746401,5.0,Zwolle
2917,Vito,1485.8453538466451,4.3,Zwolle
2918,Abby's,852.017140325663,4.3,Zwolle
2919,Proeflokaal Bregje,525.2107427451322,2.3,Zwolle
2920,restaurant zegels,744.6440355872974,4.7,Zwolle
2921,Meat & Co,1020.6355087576528,4.3,Zwolle
2922,Fresh Food,93.87041630226362,0.0,Zwolle
2923,Petershoek Café,90.49918999393957,0.0,Zwolle
2924,Burgers & Zo,566.070511391871,3.5,Zwolle
2925,Pizzeria Ristorante La Famiglia,499.8180731679537,4.0,Zwolle
2926,Heeren van Sonoy,811.7969541676354,3.0,Zwolle
2927,Gulden Vlies,749.6198242086455,4.0,Zwolle
2928,La Cubanita Alkmaar,1019.1139257354848,5.0,Zwolle
2929,SuperThai Restaurant ,749.6106910535735,3.3,Zwolle
2930,Café-Bar Odeon,1117.6786219087742,4.0,Zwolle
2931,Grand Café Klunder,491.1964571528282,0.0,Zwolle
2932,1480 Food Bar,1019.4541370951409,4.0,Zwolle
2933,Restaurant Tapas &,1057.2459116972116,5.0,Zwolle
2934,Happy Italy,518.4117475871739,3.3,Zwolle
2935,Granada Grand Cafe & Restaurant,597.1834813755764,5.0,Zwolle
2936,Proeflokaal De Boom,942.184391949158,0.0,Zwolle
2937,Kunchai,994.5218072237367,4.5,Zwolle
2938,Cafe De Pilaren,1085.9413393183647,5.0,Zwolle
2939,Moeke,484.4824365505958,0.0,Zwolle
2940,De Amstelhoek,967.9020076874574,4.0,Zwolle
2941,Il Colosseo,738.3859911669595,5.0,Zwolle
2942,Rue de la Plume,789.023446360917,5.0,Zwolle
2943,'t Friethuys,937.8352468571736,5.0,Zwolle
2944,Taormina,1149.6070313784464,5.0,Zwolle
2945,Ristobar Italica,1083.0744620729238,2.4,Zwolle
2946,Le Bon,1008.7088239418918,4.0,Zwolle
2947,De Bonte Bengel,574.7221520255662,2.8,Zwolle
2948,Subway,861.8243738210845,5.0,Zwolle
2949,Cafe Bali,920.3244724023469,3.7,Zwolle
2950,De Binnenkomer,599.4072940907039,4.7,Bovenkarspel-Grootebroek
2951,Vers Eten & Drinken,77.34336015072499,4.5,Bovenkarspel-Grootebroek
2952,Daikichi,54.04131208278735,4.0,Bovenkarspel-Grootebroek
2953,Burger King,38.753209797124605,3.0,Bovenkarspel-Grootebroek
2954,Deli,1009.748379483375,4.8,Bovenkarspel-Grootebroek
2955,Anne & Max,1050.9389047964175,4.8,Bovenkarspel-Grootebroek
2956,De Buren,1060.7939670377473,4.1,Bovenkarspel-Grootebroek
2957,King Sing,212.2733144925375,3.0,Bovenkarspel-Grootebroek
2958,Aloha,852.7449434363177,4.0,Bovenkarspel-Grootebroek
2959,Stadsstrand de Kade,620.6513341917654,5.0,Bovenkarspel-Grootebroek
2960,Alkmaars Koffiehuis,723.9196172713763,5.0,Bovenkarspel-Grootebroek
2961,Schots Restaurant Hielander,1008.5839781538273,3.8,Bovenkarspel-Grootebroek
2962,Saladebar Oogst,479.2986157354422,5.0,Bovenkarspel-Grootebroek
2963,Irish Pub Gunnery's,1101.3625315377635,5.0,Bovenkarspel-Grootebroek
2964,Mojo's,942.0027393749233,5.0,Bovenkarspel-Grootebroek
2965,Het Grand Cafeetje,935.7281656931732,4.0,Bovenkarspel-Grootebroek
2966,Horecacentrum De Studio,516.498093746401,5.0,Bovenkarspel-Grootebroek
2967,Vito,1485.8453538466451,4.3,Bovenkarspel-Grootebroek
2968,Abby's,852.017140325663,4.3,Bovenkarspel-Grootebroek
2969,Proeflokaal Bregje,525.2107427451322,2.3,Bovenkarspel-Grootebroek
2970,restaurant zegels,744.6440355872974,4.7,Bovenkarspel-Grootebroek
2971,Meat & Co,1020.6355087576528,4.3,Bovenkarspel-Grootebroek
2972,Fresh Food,93.87041630226362,0.0,Bovenkarspel-Grootebroek
2973,Petershoek Café,90.49918999393957,0.0,Bovenkarspel-Grootebroek
2974,Burgers & Zo,566.070511391871,3.5,Bovenkarspel-Grootebroek
2975,Pizzeria Ristorante La Famiglia,499.8180731679537,4.0,Bovenkarspel-Grootebroek
2976,Heeren van Sonoy,811.7969541676354,3.0,Bovenkarspel-Grootebroek
2977,Gulden Vlies,749.6198242086455,4.0,Bovenkarspel-Grootebroek
2978,La Cubanita Alkmaar,1019.1139257354848,5.0,Bovenkarspel-Grootebroek
2979,SuperThai Restaurant ,749.6106910535735,3.3,Bovenkarspel-Grootebroek
2980,Café-Bar Odeon,1117.6786219087742,4.0,Bovenkarspel-Grootebroek
2981,Grand Café Klunder,491.1964571528282,0.0,Bovenkarspel-Grootebroek
2982,1480 Food Bar,1019.4541370951409,4.0,Bovenkarspel-Grootebroek
2983,Restaurant Tapas &,1057.2459116972116,5.0,Bovenkarspel-Grootebroek
2984,Happy Italy,518.4117475871739,3.3,Bovenkarspel-Grootebroek
2985,Granada Grand Cafe & Restaurant,597.1834813755764,5.0,Bovenkarspel-Grootebroek
2986,Proeflokaal De Boom,942.184391949158,0.0,Bovenkarspel-Grootebroek
2987,Kunchai,994.5218072237367,4.5,Bovenkarspel-Grootebroek
2988,Cafe De Pilaren,1085.9413393183647,5.0,Bovenkarspel-Grootebroek
2989,Moeke,484.4824365505958,0.0,Bovenkarspel-Grootebroek
2990,De Amstelhoek,967.9020076874574,4.0,Bovenkarspel-Grootebroek
2991,Il Colosseo,738.3859911669595,5.0,Bovenkarspel-Grootebroek
2992,Rue de la Plume,789.023446360917,5.0,Bovenkarspel-Grootebroek
2993,'t Friethuys,937.8352468571736,5.0,Bovenkarspel-Grootebroek
2994,Taormina,1149.6070313784464,5.0,Bovenkarspel-Grootebroek
2995,Ristobar Italica,1083.0744620729238,2.4,Bovenkarspel-Grootebroek
2996,Le Bon,1008.7088239418918,4.0,Bovenkarspel-Grootebroek
2997,De Bonte Bengel,574.7221520255662,2.8,Bovenkarspel-Grootebroek
2998,Subway,861.8243738210845,5.0,Bovenkarspel-Grootebroek
2999,Cafe Bali,920.3244724023469,3.7,Bovenkarspel-Grootebroek
3000,De Binnenkomer,599.4072940907039,4.7,Harderwijk
3001,Vers Eten & Drinken,77.34336015072499,4.5,Harderwijk
3002,Daikichi,54.04131208278735,4.0,Harderwijk
3003,Burger King,38.753209797124605,3.0,Harderwijk
3004,Deli,1009.748379483375,4.8,Harderwijk
3005,Anne & Max,1050.9389047964175,4.8,Harderwijk
3006,De Buren,1060.7939670377473,4.1,Harderwijk
3007,King Sing,212.2733144925375,3.0,Harderwijk
3008,Aloha,852.7449434363177,4.0,Harderwijk
3009,Stadsstrand de Kade,620.6513341917654,5.0,Harderwijk
3010,Alkmaars Koffiehuis,723.9196172713763,5.0,Harderwijk
3011,Schots Restaurant Hielander,1008.5839781538273,3.8,Harderwijk
3012,Saladebar Oogst,479.2986157354422,5.0,Harderwijk
3013,Irish Pub Gunnery's,1101.3625315377635,5.0,Harderwijk
3014,Mojo's,942.0027393749233,5.0,Harderwijk
3015,Het Grand Cafeetje,935.7281656931732,4.0,Harderwijk
3016,Horecacentrum De Studio,516.498093746401,5.0,Harderwijk
3017,Vito,1485.8453538466451,4.3,Harderwijk
3018,Abby's,852.017140325663,4.3,Harderwijk
3019,Proeflokaal Bregje,525.2107427451322,2.3,Harderwijk
3020,restaurant zegels,744.6440355872974,4.7,Harderwijk
3021,Meat & Co,1020.6355087576528,4.3,Harderwijk
3022,Fresh Food,93.87041630226362,0.0,Harderwijk
3023,Petershoek Café,90.49918999393957,0.0,Harderwijk
3024,Burgers & Zo,566.070511391871,3.5,Harderwijk
3025,Pizzeria Ristorante La Famiglia,499.8180731679537,4.0,Harderwijk
3026,Heeren van Sonoy,811.7969541676354,3.0,Harderwijk
3027,Gulden Vlies,749.6198242086455,4.0,Harderwijk
3028,La Cubanita Alkmaar,1019.1139257354848,5.0,Harderwijk
3029,SuperThai Restaurant ,749.6106910535735,3.3,Harderwijk
3030,Café-Bar Odeon,1117.6786219087742,4.0,Harderwijk
3031,Grand Café Klunder,491.1964571528282,0.0,Harderwijk
3032,1480 Food Bar,1019.4541370951409,4.0,Harderwijk
3033,Restaurant Tapas &,1057.2459116972116,5.0,Harderwijk
3034,Happy Italy,518.4117475871739,3.3,Harderwijk
3035,Granada Grand Cafe & Restaurant,597.1834813755764,5.0,Harderwijk
3036,Proeflokaal De Boom,942.184391949158,0.0,Harderwijk
3037,Kunchai,994.5218072237367,4.5,Harderwijk
3038,Cafe De Pilaren,1085.9413393183647,5.0,Harderwijk
3039,Moeke,484.4824365505958,0.0,Harderwijk
3040,De Amstelhoek,967.9020076874574,4.0,Harderwijk
3041,Il Colosseo,738.3859911669595,5.0,Harderwijk
3042,Rue de la Plume,789.023446360917,5.0,Harderwijk
3043,'t Friethuys,937.8352468571736,5.0,Harderwijk
3044,Taormina,1149.6070313784464,5.0,Harderwijk
3045,Ristobar Italica,1083.0744620729238,2.4,Harderwijk
3046,Le Bon,1008.7088239418918,4.0,Harderwijk
3047,De Bonte Bengel,574.7221520255662,2.8,Harderwijk
3048,Subway,861.8243738210845,5.0,Harderwijk
3049,Cafe Bali,920.3244724023469,3.7,Harderwijk
3050,De Binnenkomer,599.4072940907039,4.7,Tilburg Zuid
3051,Vers Eten & Drinken,77.34336015072499,4.5,Tilburg Zuid
3052,Daikichi,54.04131208278735,4.0,Tilburg Zuid
3053,Burger King,38.753209797124605,3.0,Tilburg Zuid
3054,Deli,1009.748379483375,4.8,Tilburg Zuid
3055,Anne & Max,1050.9389047964175,4.8,Tilburg Zuid
3056,De Buren,1060.7939670377473,4.1,Tilburg Zuid
3057,King Sing,212.2733144925375,3.0,Tilburg Zuid
3058,Aloha,852.7449434363177,4.0,Tilburg Zuid
3059,Stadsstrand de Kade,620.6513341917654,5.0,Tilburg Zuid
3060,Alkmaars Koffiehuis,723.9196172713763,5.0,Tilburg Zuid
3061,Schots Restaurant Hielander,1008.5839781538273,3.8,Tilburg Zuid
3062,Saladebar Oogst,479.2986157354422,5.0,Tilburg Zuid
3063,Irish Pub Gunnery's,1101.3625315377635,5.0,Tilburg Zuid
3064,Mojo's,942.0027393749233,5.0,Tilburg Zuid
3065,Het Grand Cafeetje,935.7281656931732,4.0,Tilburg Zuid
3066,Horecacentrum De Studio,516.498093746401,5.0,Tilburg Zuid
3067,Vito,1485.8453538466451,4.3,Tilburg Zuid
3068,Abby's,852.017140325663,4.3,Tilburg Zuid
3069,Proeflokaal Bregje,525.2107427451322,2.3,Tilburg Zuid
3070,restaurant zegels,744.6440355872974,4.7,Tilburg Zuid
3071,Meat & Co,1020.6355087576528,4.3,Tilburg Zuid
3072,Fresh Food,93.87041630226362,0.0,Tilburg Zuid
3073,Petershoek Café,90.49918999393957,0.0,Tilburg Zuid
3074,Burgers & Zo,566.070511391871,3.5,Tilburg Zuid
3075,Pizzeria Ristorante La Famiglia,499.8180731679537,4.0,Tilburg Zuid
3076,Heeren van Sonoy,811.7969541676354,3.0,Tilburg Zuid
3077,Gulden Vlies,749.6198242086455,4.0,Tilburg Zuid
3078,La Cubanita Alkmaar,1019.1139257354848,5.0,Tilburg Zuid
3079,SuperThai Restaurant ,749.6106910535735,3.3,Tilburg Zuid
3080,Café-Bar Odeon,1117.6786219087742,4.0,Tilburg Zuid
3081,Grand Café Klunder,491.1964571528282,0.0,Tilburg Zuid
3082,1480 Food Bar,1019.4541370951409,4.0,Tilburg Zuid
3083,Restaurant Tapas &,1057.2459116972116,5.0,Tilburg Zuid
3084,Happy Italy,518.4117475871739,3.3,Tilburg Zuid
3085,Granada Grand Cafe & Restaurant,597.1834813755764,5.0,Tilburg Zuid
3086,Proeflokaal De Boom,942.184391949158,0.0,Tilburg Zuid
3087,Kunchai,994.5218072237367,4.5,Tilburg Zuid
3088,Cafe De Pilaren,1085.9413393183647,5.0,Tilburg Zuid
3089,Moeke,484.4824365505958,0.0,Tilburg Zuid
3090,De Amstelhoek,967.9020076874574,4.0,Tilburg Zuid
3091,Il Colosseo,738.3859911669595,5.0,Tilburg Zuid
3092,Rue de la Plume,789.023446360917,5.0,Tilburg Zuid
3093,'t Friethuys,937.8352468571736,5.0,Tilburg Zuid
3094,Taormina,1149.6070313784464,5.0,Tilburg Zuid
3095,Ristobar Italica,1083.0744620729238,2.4,Tilburg Zuid
3096,Le Bon,1008.7088239418918,4.0,Tilburg Zuid
3097,De Bonte Bengel,574.7221520255662,2.8,Tilburg Zuid
3098,Subway,861.8243738210845,5.0,Tilburg Zuid
3099,Cafe Bali,920.3244724023469,3.7,Tilburg Zuid
3100,De Binnenkomer,599.4072940907039,4.7,Haarlem Fiets Inn
3101,Vers Eten & Drinken,77.34336015072499,4.5,Haarlem Fiets Inn
3102,Daikichi,54.04131208278735,4.0,Haarlem Fiets Inn
3103,Burger King,38.753209797124605,3.0,Haarlem Fiets Inn
3104,Deli,1009.748379483375,4.8,Haarlem Fiets Inn
3105,Anne & Max,1050.9389047964175,4.8,Haarlem Fiets Inn
3106,De Buren,1060.7939670377473,4.1,Haarlem Fiets Inn
3107,King Sing,212.2733144925375,3.0,Haarlem Fiets Inn
3108,Aloha,852.7449434363177,4.0,Haarlem Fiets Inn
3109,Stadsstrand de Kade,620.6513341917654,5.0,Haarlem Fiets Inn
3110,Alkmaars Koffiehuis,723.9196172713763,5.0,Haarlem Fiets Inn
3111,Schots Restaurant Hielander,1008.5839781538273,3.8,Haarlem Fiets Inn
3112,Saladebar Oogst,479.2986157354422,5.0,Haarlem Fiets Inn
3113,Irish Pub Gunnery's,1101.3625315377635,5.0,Haarlem Fiets Inn
3114,Mojo's,942.0027393749233,5.0,Haarlem Fiets Inn
3115,Het Grand Cafeetje,935.7281656931732,4.0,Haarlem Fiets Inn
3116,Horecacentrum De Studio,516.498093746401,5.0,Haarlem Fiets Inn
3117,Vito,1485.8453538466451,4.3,Haarlem Fiets Inn
3118,Abby's,852.017140325663,4.3,Haarlem Fiets Inn
3119,Proeflokaal Bregje,525.2107427451322,2.3,Haarlem Fiets Inn
3120,restaurant zegels,744.6440355872974,4.7,Haarlem Fiets Inn
3121,Meat & Co,1020.6355087576528,4.3,Haarlem Fiets Inn
3122,Fresh Food,93.87041630226362,0.0,Haarlem Fiets Inn
3123,Petershoek Café,90.49918999393957,0.0,Haarlem Fiets Inn
3124,Burgers & Zo,566.070511391871,3.5,Haarlem Fiets Inn
3125,Pizzeria Ristorante La Famiglia,499.8180731679537,4.0,Haarlem Fiets Inn
3126,Heeren van Sonoy,811.7969541676354,3.0,Haarlem Fiets Inn
3127,Gulden Vlies,749.6198242086455,4.0,Haarlem Fiets Inn
3128,La Cubanita Alkmaar,1019.1139257354848,5.0,Haarlem Fiets Inn
3129,SuperThai Restaurant ,749.6106910535735,3.3,Haarlem Fiets Inn
3130,Café-Bar Odeon,1117.6786219087742,4.0,Haarlem Fiets Inn
3131,Grand Café Klunder,491.1964571528282,0.0,Haarlem Fiets Inn
3132,1480 Food Bar,1019.4541370951409,4.0,Haarlem Fiets Inn
3133,Restaurant Tapas &,1057.2459116972116,5.0,Haarlem Fiets Inn
3134,Happy Italy,518.4117475871739,3.3,Haarlem Fiets Inn
3135,Granada Grand Cafe & Restaurant,597.1834813755764,5.0,Haarlem Fiets Inn
3136,Proeflokaal De Boom,942.184391949158,0.0,Haarlem Fiets Inn
3137,Kunchai,994.5218072237367,4.5,Haarlem Fiets Inn
3138,Cafe De Pilaren,1085.9413393183647,5.0,Haarlem Fiets Inn
3139,Moeke,484.4824365505958,0.0,Haarlem Fiets Inn
3140,De Amstelhoek,967.9020076874574,4.0,Haarlem Fiets Inn
3141,Il Colosseo,738.3859911669595,5.0,Haarlem Fiets Inn
3142,Rue de la Plume,789.023446360917,5.0,Haarlem Fiets Inn
3143,'t Friethuys,937.8352468571736,5.0,Haarlem Fiets Inn
3144,Taormina,1149.6070313784464,5.0,Haarlem Fiets Inn
3145,Ristobar Italica,1083.0744620729238,2.4,Haarlem Fiets Inn
3146,Le Bon,1008.7088239418918,4.0,Haarlem Fiets Inn
3147,De Bonte Bengel,574.7221520255662,2.8,Haarlem Fiets Inn
3148,Subway,861.8243738210845,5.0,Haarlem Fiets Inn
3149,Cafe Bali,920.3244724023469,3.7,Haarlem Fiets Inn
3150,De Binnenkomer,599.4072940907039,4.7,Amsterdam Centraal IJzijde
3151,Vers Eten & Drinken,77.34336015072499,4.5,Amsterdam Centraal IJzijde
3152,Daikichi,54.04131208278735,4.0,Amsterdam Centraal IJzijde
3153,Burger King,38.753209797124605,3.0,Amsterdam Centraal IJzijde
3154,Deli,1009.748379483375,4.8,Amsterdam Centraal IJzijde
3155,Anne & Max,1050.9389047964175,4.8,Amsterdam Centraal IJzijde
3156,De Buren,1060.7939670377473,4.1,Amsterdam Centraal IJzijde
3157,King Sing,212.2733144925375,3.0,Amsterdam Centraal IJzijde
3158,Aloha,852.7449434363177,4.0,Amsterdam Centraal IJzijde
3159,Stadsstrand de Kade,620.6513341917654,5.0,Amsterdam Centraal IJzijde
3160,Alkmaars Koffiehuis,723.9196172713763,5.0,Amsterdam Centraal IJzijde
3161,Schots Restaurant Hielander,1008.5839781538273,3.8,Amsterdam Centraal IJzijde
3162,Saladebar Oogst,479.2986157354422,5.0,Amsterdam Centraal IJzijde
3163,Irish Pub Gunnery's,1101.3625315377635,5.0,Amsterdam Centraal IJzijde
3164,Mojo's,942.0027393749233,5.0,Amsterdam Centraal IJzijde
3165,Het Grand Cafeetje,935.7281656931732,4.0,Amsterdam Centraal IJzijde
3166,Horecacentrum De Studio,516.498093746401,5.0,Amsterdam Centraal IJzijde
3167,Vito,1485.8453538466451,4.3,Amsterdam Centraal IJzijde
3168,Abby's,852.017140325663,4.3,Amsterdam Centraal IJzijde
3169,Proeflokaal Bregje,525.2107427451322,2.3,Amsterdam Centraal IJzijde
3170,restaurant zegels,744.6440355872974,4.7,Amsterdam Centraal IJzijde
3171,Meat & Co,1020.6355087576528,4.3,Amsterdam Centraal IJzijde
3172,Fresh Food,93.87041630226362,0.0,Amsterdam Centraal IJzijde
3173,Petershoek Café,90.49918999393957,0.0,Amsterdam Centraal IJzijde
3174,Burgers & Zo,566.070511391871,3.5,Amsterdam Centraal IJzijde
3175,Pizzeria Ristorante La Famiglia,499.8180731679537,4.0,Amsterdam Centraal IJzijde
3176,Heeren van Sonoy,811.7969541676354,3.0,Amsterdam Centraal IJzijde
3177,Gulden Vlies,749.6198242086455,4.0,Amsterdam Centraal IJzijde
3178,La Cubanita Alkmaar,1019.1139257354848,5.0,Amsterdam Centraal IJzijde
3179,SuperThai Restaurant ,749.6106910535735,3.3,Amsterdam Centraal IJzijde
3180,Café-Bar Odeon,1117.6786219087742,4.0,Amsterdam Centraal IJzijde
3181,Grand Café Klunder,491.1964571528282,0.0,Amsterdam Centraal IJzijde
3182,1480 Food Bar,1019.4541370951409,4.0,Amsterdam Centraal IJzijde
3183,Restaurant Tapas &,1057.2459116972116,5.0,Amsterdam Centraal IJzijde
3184,Happy Italy,518.4117475871739,3.3,Amsterdam Centraal IJzijde
3185,Granada Grand Cafe & Restaurant,597.1834813755764,5.0,Amsterdam Centraal IJzijde
3186,Proeflokaal De Boom,942.184391949158,0.0,Amsterdam Centraal IJzijde
3187,Kunchai,994.5218072237367,4.5,Amsterdam Centraal IJzijde
3188,Cafe De Pilaren,1085.9413393183647,5.0,Amsterdam Centraal IJzijde
3189,Moeke,484.4824365505958,0.0,Amsterdam Centraal IJzijde
3190,De Amstelhoek,967.9020076874574,4.0,Amsterdam Centraal IJzijde
3191,Il Colosseo,738.3859911669595,5.0,Amsterdam Centraal IJzijde
3192,Rue de la Plume,789.023446360917,5.0,Amsterdam Centraal IJzijde
3193,'t Friethuys,937.8352468571736,5.0,Amsterdam Centraal IJzijde
3194,Taormina,1149.6070313784464,5.0,Amsterdam Centraal IJzijde
3195,Ristobar Italica,1083.0744620729238,2.4,Amsterdam Centraal IJzijde
3196,Le Bon,1008.7088239418918,4.0,Amsterdam Centraal IJzijde
3197,De Bonte Bengel,574.7221520255662,2.8,Amsterdam Centraal IJzijde
3198,Subway,861.8243738210845,5.0,Amsterdam Centraal IJzijde
3199,Cafe Bali,920.3244724023469,3.7,Amsterdam Centraal IJzijde
3200,De Binnenkomer,599.4072940907039,4.7,Groningen
3201,Vers Eten & Drinken,77.34336015072499,4.5,Groningen
3202,Daikichi,54.04131208278735,4.0,Groningen
3203,Burger King,38.753209797124605,3.0,Groningen
3204,Deli,1009.748379483375,4.8,Groningen
3205,Anne & Max,1050.9389047964175,4.8,Groningen
3206,De Buren,1060.7939670377473,4.1,Groningen
3207,King Sing,212.2733144925375,3.0,Groningen
3208,Aloha,852.7449434363177,4.0,Groningen
3209,Stadsstrand de Kade,620.6513341917654,5.0,Groningen
3210,Alkmaars Koffiehuis,723.9196172713763,5.0,Groningen
3211,Schots Restaurant Hielander,1008.5839781538273,3.8,Groningen
3212,Saladebar Oogst,479.2986157354422,5.0,Groningen
3213,Irish Pub Gunnery's,1101.3625315377635,5.0,Groningen
3214,Mojo's,942.0027393749233,5.0,Groningen
3215,Het Grand Cafeetje,935.7281656931732,4.0,Groningen
3216,Horecacentrum De Studio,516.498093746401,5.0,Groningen
3217,Vito,1485.8453538466451,4.3,Groningen
3218,Abby's,852.017140325663,4.3,Groningen
3219,Proeflokaal Bregje,525.2107427451322,2.3,Groningen
3220,restaurant zegels,744.6440355872974,4.7,Groningen
3221,Meat & Co,1020.6355087576528,4.3,Groningen
3222,Fresh Food,93.87041630226362,0.0,Groningen
3223,Petershoek Café,90.49918999393957,0.0,Groningen
3224,Burgers & Zo,566.070511391871,3.5,Groningen
3225,Pizzeria Ristorante La Famiglia,499.8180731679537,4.0,Groningen
3226,Heeren van Sonoy,811.7969541676354,3.0,Groningen
3227,Gulden Vlies,749.6198242086455,4.0,Groningen
3228,La Cubanita Alkmaar,1019.1139257354848,5.0,Groningen
3229,SuperThai Restaurant ,749.6106910535735,3.3,Groningen
3230,Café-Bar Odeon,1117.6786219087742,4.0,Groningen
3231,Grand Café Klunder,491.1964571528282,0.0,Groningen
3232,1480 Food Bar,1019.4541370951409,4.0,Groningen
3233,Restaurant Tapas &,1057.2459116972116,5.0,Groningen
3234,Happy Italy,518.4117475871739,3.3,Groningen
3235,Granada Grand Cafe & Restaurant,597.1834813755764,5.0,Groningen
3236,Proeflokaal De Boom,942.184391949158,0.0,Groningen
3237,Kunchai,994.5218072237367,4.5,Groningen
3238,Cafe De Pilaren,1085.9413393183647,5.0,Groningen
3239,Moeke,484.4824365505958,0.0,Groningen
3240,De Amstelhoek,967.9020076874574,4.0,Groningen
3241,Il Colosseo,738.3859911669595,5.0,Groningen
3242,Rue de la Plume,789.023446360917,5.0,Groningen
3243,'t Friethuys,937.8352468571736,5.0,Groningen
3244,Taormina,1149.6070313784464,5.0,Groningen
3245,Ristobar Italica,1083.0744620729238,2.4,Groningen
3246,Le Bon,1008.7088239418918,4.0,Groningen
3247,De Bonte Bengel,574.7221520255662,2.8,Groningen
3248,Subway,861.8243738210845,5.0,Groningen
3249,Cafe Bali,920.3244724023469,3.7,Groningen
3250,De Binnenkomer,599.4072940907039,4.7,Winterswijk
3251,Vers Eten & Drinken,77.34336015072499,4.5,Winterswijk
3252,Daikichi,54.04131208278735,4.0,Winterswijk
3253,Burger King,38.753209797124605,3.0,Winterswijk
3254,Deli,1009.748379483375,4.8,Winterswijk
3255,Anne & Max,1050.9389047964175,4.8,Winterswijk
3256,De Buren,1060.7939670377473,4.1,Winterswijk
3257,King Sing,212.2733144925375,3.0,Winterswijk
3258,Aloha,852.7449434363177,4.0,Winterswijk
3259,Stadsstrand de Kade,620.6513341917654,5.0,Winterswijk
3260,Alkmaars Koffiehuis,723.9196172713763,5.0,Winterswijk
3261,Schots Restaurant Hielander,1008.5839781538273,3.8,Winterswijk
3262,Saladebar Oogst,479.2986157354422,5.0,Winterswijk
3263,Irish Pub Gunnery's,1101.3625315377635,5.0,Winterswijk
3264,Mojo's,942.0027393749233,5.0,Winterswijk
3265,Het Grand Cafeetje,935.7281656931732,4.0,Winterswijk
3266,Horecacentrum De Studio,516.498093746401,5.0,Winterswijk
3267,Vito,1485.8453538466451,4.3,Winterswijk
3268,Abby's,852.017140325663,4.3,Winterswijk
3269,Proeflokaal Bregje,525.2107427451322,2.3,Winterswijk
3270,restaurant zegels,744.6440355872974,4.7,Winterswijk
3271,Meat & Co,1020.6355087576528,4.3,Winterswijk
3272,Fresh Food,93.87041630226362,0.0,Winterswijk
3273,Petershoek Café,90.49918999393957,0.0,Winterswijk
3274,Burgers & Zo,566.070511391871,3.5,Winterswijk
3275,Pizzeria Ristorante La Famiglia,499.8180731679537,4.0,Winterswijk
3276,Heeren van Sonoy,811.7969541676354,3.0,Winterswijk
3277,Gulden Vlies,749.6198242086455,4.0,Winterswijk
3278,La Cubanita Alkmaar,1019.1139257354848,5.0,Winterswijk
3279,SuperThai Restaurant ,749.6106910535735,3.3,Winterswijk
3280,Café-Bar Odeon,1117.6786219087742,4.0,Winterswijk
3281,Grand Café Klunder,491.1964571528282,0.0,Winterswijk
3282,1480 Food Bar,1019.4541370951409,4.0,Winterswijk
3283,Restaurant Tapas &,1057.2459116972116,5.0,Winterswijk
3284,Happy Italy,518.4117475871739,3.3,Winterswijk
3285,Granada Grand Cafe & Restaurant,597.1834813755764,5.0,Winterswijk
3286,Proeflokaal De Boom,942.184391949158,0.0,Winterswijk
3287,Kunchai,994.5218072237367,4.5,Winterswijk
3288,Cafe De Pilaren,1085.9413393183647,5.0,Winterswijk
3289,Moeke,484.4824365505958,0.0,Winterswijk
3290,De Amstelhoek,967.9020076874574,4.0,Winterswijk
3291,Il Colosseo,738.3859911669595,5.0,Winterswijk
3292,Rue de la Plume,789.023446360917,5.0,Winterswijk
3293,'t Friethuys,937.8352468571736,5.0,Winterswijk
3294,Taormina,1149.6070313784464,5.0,Winterswijk
3295,Ristobar Italica,1083.0744620729238,2.4,Winterswijk
3296,Le Bon,1008.7088239418918,4.0,Winterswijk
3297,De Bonte Bengel,574.7221520255662,2.8,Winterswijk
3298,Subway,861.8243738210845,5.0,Winterswijk
3299,Cafe Bali,920.3244724023469,3.7,Winterswijk
3300,De Binnenkomer,599.4072940907039,4.7,Roermond
3301,Vers Eten & Drinken,77.34336015072499,4.5,Roermond
3302,Daikichi,54.04131208278735,4.0,Roermond
3303,Burger King,38.753209797124605,3.0,Roermond
3304,Deli,1009.748379483375,4.8,Roermond
3305,Anne & Max,1050.9389047964175,4.8,Roermond
3306,De Buren,1060.7939670377473,4.1,Roermond
3307,King Sing,212.2733144925375,3.0,Roermond
3308,Aloha,852.7449434363177,4.0,Roermond
3309,Stadsstrand de Kade,620.6513341917654,5.0,Roermond
3310,Alkmaars Koffiehuis,723.9196172713763,5.0,Roermond
3311,Schots Restaurant Hielander,1008.5839781538273,3.8,Roermond
3312,Saladebar Oogst,479.2986157354422,5.0,Roermond
3313,Irish Pub Gunnery's,1101.3625315377635,5.0,Roermond
3314,Mojo's,942.0027393749233,5.0,Roermond
3315,Het Grand Cafeetje,935.7281656931732,4.0,Roermond
3316,Horecacentrum De Studio,516.498093746401,5.0,Roermond
3317,Vito,1485.8453538466451,4.3,Roermond
3318,Abby's,852.017140325663,4.3,Roermond
3319,Proeflokaal Bregje,525.2107427451322,2.3,Roermond
3320,restaurant zegels,744.6440355872974,4.7,Roermond
3321,Meat & Co,1020.6355087576528,4.3,Roermond
3322,Fresh Food,93.87041630226362,0.0,Roermond
3323,Petershoek Café,90.49918999393957,0.0,Roermond
3324,Burgers & Zo,566.070511391871,3.5,Roermond
3325,Pizzeria Ristorante La Famiglia,499.8180731679537,4.0,Roermond
3326,Heeren van Sonoy,811.7969541676354,3.0,Roermond
3327,Gulden Vlies,749.6198242086455,4.0,Roermond
3328,La Cubanita Alkmaar,1019.1139257354848,5.0,Roermond
3329,SuperThai Restaurant ,749.6106910535735,3.3,Roermond
3330,Café-Bar Odeon,1117.6786219087742,4.0,Roermond
3331,Grand Café Klunder,491.1964571528282,0.0,Roermond
3332,1480 Food Bar,1019.4541370951409,4.0,Roermond
3333,Restaurant Tapas &,1057.2459116972116,5.0,Roermond
3334,Happy Italy,518.4117475871739,3.3,Roermond
3335,Granada Grand Cafe & Restaurant,597.1834813755764,5.0,Roermond
3336,Proeflokaal De Boom,942.184391949158,0.0,Roermond
3337,Kunchai,994.5218072237367,4.5,Roermond
3338,Cafe De Pilaren,1085.9413393183647,5.0,Roermond
3339,Moeke,484.4824365505958,0.0,Roermond
3340,De Amstelhoek,967.9020076874574,4.0,Roermond
3341,Il Colosseo,738.3859911669595,5.0,Roermond
3342,Rue de la Plume,789.023446360917,5.0,Roermond
3343,'t Friethuys,937.8352468571736,5.0,Roermond
3344,Taormina,1149.6070313784464,5.0,Roermond
3345,Ristobar Italica,1083.0744620729238,2.4,Roermond
3346,Le Bon,1008.7088239418918,4.0,Roermond
3347,De Bonte Bengel,574.7221520255662,2.8,Roermond
3348,Subway,861.8243738210845,5.0,Roermond
3349,Cafe Bali,920.3244724023469,3.7,Roermond
3350,De Binnenkomer,599.4072940907039,4.7,Emmen
3351,Vers Eten & Drinken,77.34336015072499,4.5,Emmen
3352,Daikichi,54.04131208278735,4.0,Emmen
3353,Burger King,38.753209797124605,3.0,Emmen
3354,Deli,1009.748379483375,4.8,Emmen
3355,Anne & Max,1050.9389047964175,4.8,Emmen
3356,De Buren,1060.7939670377473,4.1,Emmen
3357,King Sing,212.2733144925375,3.0,Emmen
3358,Aloha,852.7449434363177,4.0,Emmen
3359,Stadsstrand de Kade,620.6513341917654,5.0,Emmen
3360,Alkmaars Koffiehuis,723.9196172713763,5.0,Emmen
3361,Schots Restaurant Hielander,1008.5839781538273,3.8,Emmen
3362,Saladebar Oogst,479.2986157354422,5.0,Emmen
3363,Irish Pub Gunnery's,1101.3625315377635,5.0,Emmen
3364,Mojo's,942.0027393749233,5.0,Emmen
3365,Het Grand Cafeetje,935.7281656931732,4.0,Emmen
3366,Horecacentrum De Studio,516.498093746401,5.0,Emmen
3367,Vito,1485.8453538466451,4.3,Emmen
3368,Abby's,852.017140325663,4.3,Emmen
3369,Proeflokaal Bregje,525.2107427451322,2.3,Emmen
3370,restaurant zegels,744.6440355872974,4.7,Emmen
3371,Meat & Co,1020.6355087576528,4.3,Emmen
3372,Fresh Food,93.87041630226362,0.0,Emmen
3373,Petershoek Café,90.49918999393957,0.0,Emmen
3374,Burgers & Zo,566.070511391871,3.5,Emmen
3375,Pizzeria Ristorante La Famiglia,499.8180731679537,4.0,Emmen
3376,Heeren van Sonoy,811.7969541676354,3.0,Emmen
3377,Gulden Vlies,749.6198242086455,4.0,Emmen
3378,La Cubanita Alkmaar,1019.1139257354848,5.0,Emmen
3379,SuperThai Restaurant ,749.6106910535735,3.3,Emmen
3380,Café-Bar Odeon,1117.6786219087742,4.0,Emmen
3381,Grand Café Klunder,491.1964571528282,0.0,Emmen
3382,1480 Food Bar,1019.4541370951409,4.0,Emmen
3383,Restaurant Tapas &,1057.2459116972116,5.0,Emmen
3384,Happy Italy,518.4117475871739,3.3,Emmen
3385,Granada Grand Cafe & Restaurant,597.1834813755764,5.0,Emmen
3386,Proeflokaal De Boom,942.184391949158,0.0,Emmen
3387,Kunchai,994.5218072237367,4.5,Emmen
3388,Cafe De Pilaren,1085.9413393183647,5.0,Emmen
3389,Moeke,484.4824365505958,0.0,Emmen
3390,De Amstelhoek,967.9020076874574,4.0,Emmen
3391,Il Colosseo,738.3859911669595,5.0,Emmen
3392,Rue de la Plume,789.023446360917,5.0,Emmen
3393,'t Friethuys,937.8352468571736,5.0,Emmen
3394,Taormina,1149.6070313784464,5.0,Emmen
3395,Ristobar Italica,1083.0744620729238,2.4,Emmen
3396,Le Bon,1008.7088239418918,4.0,Emmen
3397,De Bonte Bengel,574.7221520255662,2.8,Emmen
3398,Subway,861.8243738210845,5.0,Emmen
3399,Cafe Bali,920.3244724023469,3.7,Emmen
3400,De Binnenkomer,599.4072940907039,4.7,Middelburg
3401,Vers Eten & Drinken,77.34336015072499,4.5,Middelburg
3402,Daikichi,54.04131208278735,4.0,Middelburg
3403,Burger King,38.753209797124605,3.0,Middelburg
3404,Deli,1009.748379483375,4.8,Middelburg
3405,Anne & Max,1050.9389047964175,4.8,Middelburg
3406,De Buren,1060.7939670377473,4.1,Middelburg
3407,King Sing,212.2733144925375,3.0,Middelburg
3408,Aloha,852.7449434363177,4.0,Middelburg
3409,Stadsstrand de Kade,620.6513341917654,5.0,Middelburg
3410,Alkmaars Koffiehuis,723.9196172713763,5.0,Middelburg
3411,Schots Restaurant Hielander,1008.5839781538273,3.8,Middelburg
3412,Saladebar Oogst,479.2986157354422,5.0,Middelburg
3413,Irish Pub Gunnery's,1101.3625315377635,5.0,Middelburg
3414,Mojo's,942.0027393749233,5.0,Middelburg
3415,Het Grand Cafeetje,935.7281656931732,4.0,Middelburg
3416,Horecacentrum De Studio,516.498093746401,5.0,Middelburg
3417,Vito,1485.8453538466451,4.3,Middelburg
3418,Abby's,852.017140325663,4.3,Middelburg
3419,Proeflokaal Bregje,525.2107427451322,2.3,Middelburg
3420,restaurant zegels,744.6440355872974,4.7,Middelburg
3421,Meat & Co,1020.6355087576528,4.3,Middelburg
3422,Fresh Food,93.87041630226362,0.0,Middelburg
3423,Petershoek Café,90.49918999393957,0.0,Middelburg
3424,Burgers & Zo,566.070511391871,3.5,Middelburg
3425,Pizzeria Ristorante La Famiglia,499.8180731679537,4.0,Middelburg
3426,Heeren van Sonoy,811.7969541676354,3.0,Middelburg
3427,Gulden Vlies,749.6198242086455,4.0,Middelburg
3428,La Cubanita Alkmaar,1019.1139257354848,5.0,Middelburg
3429,SuperThai Restaurant ,749.6106910535735,3.3,Middelburg
3430,Café-Bar Odeon,1117.6786219087742,4.0,Middelburg
3431,Grand Café Klunder,491.1964571528282,0.0,Middelburg
3432,1480 Food Bar,1019.4541370951409,4.0,Middelburg
3433,Restaurant Tapas &,1057.2459116972116,5.0,Middelburg
3434,Happy Italy,518.4117475871739,3.3,Middelburg
3435,Granada Grand Cafe & Restaurant,597.1834813755764,5.0,Middelburg
3436,Proeflokaal De Boom,942.184391949158,0.0,Middelburg
3437,Kunchai,994.5218072237367,4.5,Middelburg
3438,Cafe De Pilaren,1085.9413393183647,5.0,Middelburg
3439,Moeke,484.4824365505958,0.0,Middelburg
3440,De Amstelhoek,967.9020076874574,4.0,Middelburg
3441,Il Colosseo,738.3859911669595,5.0,Middelburg
3442,Rue de la Plume,789.023446360917,5.0,Middelburg
3443,'t Friethuys,937.8352468571736,5.0,Middelburg
3444,Taormina,1149.6070313784464,5.0,Middelburg
3445,Ristobar Italica,1083.0744620729238,2.4,Middelburg
3446,Le Bon,1008.7088239418918,4.0,Middelburg
3447,De Bonte Bengel,574.7221520255662,2.8,Middelburg
3448,Subway,861.8243738210845,5.0,Middelburg
3449,Cafe Bali,920.3244724023469,3.7,Middelburg
3450,De Binnenkomer,599.4072940907039,4.7,Rotterdam Alexander
3451,Vers Eten & Drinken,77.34336015072499,4.5,Rotterdam Alexander
3452,Daikichi,54.04131208278735,4.0,Rotterdam Alexander
3453,Burger King,38.753209797124605,3.0,Rotterdam Alexander
3454,Deli,1009.748379483375,4.8,Rotterdam Alexander
3455,Anne & Max,1050.9389047964175,4.8,Rotterdam Alexander
3456,De Buren,1060.7939670377473,4.1,Rotterdam Alexander
3457,King Sing,212.2733144925375,3.0,Rotterdam Alexander
3458,Aloha,852.7449434363177,4.0,Rotterdam Alexander
3459,Stadsstrand de Kade,620.6513341917654,5.0,Rotterdam Alexander
3460,Alkmaars Koffiehuis,723.9196172713763,5.0,Rotterdam Alexander
3461,Schots Restaurant Hielander,1008.5839781538273,3.8,Rotterdam Alexander
3462,Saladebar Oogst,479.2986157354422,5.0,Rotterdam Alexander
3463,Irish Pub Gunnery's,1101.3625315377635,5.0,Rotterdam Alexander
3464,Mojo's,942.0027393749233,5.0,Rotterdam Alexander
3465,Het Grand Cafeetje,935.7281656931732,4.0,Rotterdam Alexander
3466,Horecacentrum De Studio,516.498093746401,5.0,Rotterdam Alexander
3467,Vito,1485.8453538466451,4.3,Rotterdam Alexander
3468,Abby's,852.017140325663,4.3,Rotterdam Alexander
3469,Proeflokaal Bregje,525.2107427451322,2.3,Rotterdam Alexander
3470,restaurant zegels,744.6440355872974,4.7,Rotterdam Alexander
3471,Meat & Co,1020.6355087576528,4.3,Rotterdam Alexander
3472,Fresh Food,93.87041630226362,0.0,Rotterdam Alexander
3473,Petershoek Café,90.49918999393957,0.0,Rotterdam Alexander
3474,Burgers & Zo,566.070511391871,3.5,Rotterdam Alexander
3475,Pizzeria Ristorante La Famiglia,499.8180731679537,4.0,Rotterdam Alexander
3476,Heeren van Sonoy,811.7969541676354,3.0,Rotterdam Alexander
3477,Gulden Vlies,749.6198242086455,4.0,Rotterdam Alexander
3478,La Cubanita Alkmaar,1019.1139257354848,5.0,Rotterdam Alexander
3479,SuperThai Restaurant ,749.6106910535735,3.3,Rotterdam Alexander
3480,Café-Bar Odeon,1117.6786219087742,4.0,Rotterdam Alexander
3481,Grand Café Klunder,491.1964571528282,0.0,Rotterdam Alexander
3482,1480 Food Bar,1019.4541370951409,4.0,Rotterdam Alexander
3483,Restaurant Tapas &,1057.2459116972116,5.0,Rotterdam Alexander
3484,Happy Italy,518.4117475871739,3.3,Rotterdam Alexander
3485,Granada Grand Cafe & Restaurant,597.1834813755764,5.0,Rotterdam Alexander
3486,Proeflokaal De Boom,942.184391949158,0.0,Rotterdam Alexander
3487,Kunchai,994.5218072237367,4.5,Rotterdam Alexander
3488,Cafe De Pilaren,1085.9413393183647,5.0,Rotterdam Alexander
3489,Moeke,484.4824365505958,0.0,Rotterdam Alexander
3490,De Amstelhoek,967.9020076874574,4.0,Rotterdam Alexander
3491,Il Colosseo,738.3859911669595,5.0,Rotterdam Alexander
3492,Rue de la Plume,789.023446360917,5.0,Rotterdam Alexander
3493,'t Friethuys,937.8352468571736,5.0,Rotterdam Alexander
3494,Taormina,1149.6070313784464,5.0,Rotterdam Alexander
3495,Ristobar Italica,1083.0744620729238,2.4,Rotterdam Alexander
3496,Le Bon,1008.7088239418918,4.0,Rotterdam Alexander
3497,De Bonte Bengel,574.7221520255662,2.8,Rotterdam Alexander
3498,Subway,861.8243738210845,5.0,Rotterdam Alexander
3499,Cafe Bali,920.3244724023469,3.7,Rotterdam Alexander
3500,De Binnenkomer,599.4072940907039,4.7,Boxtel
3501,Vers Eten & Drinken,77.34336015072499,4.5,Boxtel
3502,Daikichi,54.04131208278735,4.0,Boxtel
3503,Burger King,38.753209797124605,3.0,Boxtel
3504,Deli,1009.748379483375,4.8,Boxtel
3505,Anne & Max,1050.9389047964175,4.8,Boxtel
3506,De Buren,1060.7939670377473,4.1,Boxtel
3507,King Sing,212.2733144925375,3.0,Boxtel
3508,Aloha,852.7449434363177,4.0,Boxtel
3509,Stadsstrand de Kade,620.6513341917654,5.0,Boxtel
3510,Alkmaars Koffiehuis,723.9196172713763,5.0,Boxtel
3511,Schots Restaurant Hielander,1008.5839781538273,3.8,Boxtel
3512,Saladebar Oogst,479.2986157354422,5.0,Boxtel
3513,Irish Pub Gunnery's,1101.3625315377635,5.0,Boxtel
3514,Mojo's,942.0027393749233,5.0,Boxtel
3515,Het Grand Cafeetje,935.7281656931732,4.0,Boxtel
3516,Horecacentrum De Studio,516.498093746401,5.0,Boxtel
3517,Vito,1485.8453538466451,4.3,Boxtel
3518,Abby's,852.017140325663,4.3,Boxtel
3519,Proeflokaal Bregje,525.2107427451322,2.3,Boxtel
3520,restaurant zegels,744.6440355872974,4.7,Boxtel
3521,Meat & Co,1020.6355087576528,4.3,Boxtel
3522,Fresh Food,93.87041630226362,0.0,Boxtel
3523,Petershoek Café,90.49918999393957,0.0,Boxtel
3524,Burgers & Zo,566.070511391871,3.5,Boxtel
3525,Pizzeria Ristorante La Famiglia,499.8180731679537,4.0,Boxtel
3526,Heeren van Sonoy,811.7969541676354,3.0,Boxtel
3527,Gulden Vlies,749.6198242086455,4.0,Boxtel
3528,La Cubanita Alkmaar,1019.1139257354848,5.0,Boxtel
3529,SuperThai Restaurant ,749.6106910535735,3.3,Boxtel
3530,Café-Bar Odeon,1117.6786219087742,4.0,Boxtel
3531,Grand Café Klunder,491.1964571528282,0.0,Boxtel
3532,1480 Food Bar,1019.4541370951409,4.0,Boxtel
3533,Restaurant Tapas &,1057.2459116972116,5.0,Boxtel
3534,Happy Italy,518.4117475871739,3.3,Boxtel
3535,Granada Grand Cafe & Restaurant,597.1834813755764,5.0,Boxtel
3536,Proeflokaal De Boom,942.184391949158,0.0,Boxtel
3537,Kunchai,994.5218072237367,4.5,Boxtel
3538,Cafe De Pilaren,1085.9413393183647,5.0,Boxtel
3539,Moeke,484.4824365505958,0.0,Boxtel
3540,De Amstelhoek,967.9020076874574,4.0,Boxtel
3541,Il Colosseo,738.3859911669595,5.0,Boxtel
3542,Rue de la Plume,789.023446360917,5.0,Boxtel
3543,'t Friethuys,937.8352468571736,5.0,Boxtel
3544,Taormina,1149.6070313784464,5.0,Boxtel
3545,Ristobar Italica,1083.0744620729238,2.4,Boxtel
3546,Le Bon,1008.7088239418918,4.0,Boxtel
3547,De Bonte Bengel,574.7221520255662,2.8,Boxtel
3548,Subway,861.8243738210845,5.0,Boxtel
3549,Cafe Bali,920.3244724023469,3.7,Boxtel
3550,De Binnenkomer,599.4072940907039,4.7,Barneveld Centrum
3551,Vers Eten & Drinken,77.34336015072499,4.5,Barneveld Centrum
3552,Daikichi,54.04131208278735,4.0,Barneveld Centrum
3553,Burger King,38.753209797124605,3.0,Barneveld Centrum
3554,Deli,1009.748379483375,4.8,Barneveld Centrum
3555,Anne & Max,1050.9389047964175,4.8,Barneveld Centrum
3556,De Buren,1060.7939670377473,4.1,Barneveld Centrum
3557,King Sing,212.2733144925375,3.0,Barneveld Centrum
3558,Aloha,852.7449434363177,4.0,Barneveld Centrum
3559,Stadsstrand de Kade,620.6513341917654,5.0,Barneveld Centrum
3560,Alkmaars Koffiehuis,723.9196172713763,5.0,Barneveld Centrum
3561,Schots Restaurant Hielander,1008.5839781538273,3.8,Barneveld Centrum
3562,Saladebar Oogst,479.2986157354422,5.0,Barneveld Centrum
3563,Irish Pub Gunnery's,1101.3625315377635,5.0,Barneveld Centrum
3564,Mojo's,942.0027393749233,5.0,Barneveld Centrum
3565,Het Grand Cafeetje,935.7281656931732,4.0,Barneveld Centrum
3566,Horecacentrum De Studio,516.498093746401,5.0,Barneveld Centrum
3567,Vito,1485.8453538466451,4.3,Barneveld Centrum
3568,Abby's,852.017140325663,4.3,Barneveld Centrum
3569,Proeflokaal Bregje,525.2107427451322,2.3,Barneveld Centrum
3570,restaurant zegels,744.6440355872974,4.7,Barneveld Centrum
3571,Meat & Co,1020.6355087576528,4.3,Barneveld Centrum
3572,Fresh Food,93.87041630226362,0.0,Barneveld Centrum
3573,Petershoek Café,90.49918999393957,0.0,Barneveld Centrum
3574,Burgers & Zo,566.070511391871,3.5,Barneveld Centrum
3575,Pizzeria Ristorante La Famiglia,499.8180731679537,4.0,Barneveld Centrum
3576,Heeren van Sonoy,811.7969541676354,3.0,Barneveld Centrum
3577,Gulden Vlies,749.6198242086455,4.0,Barneveld Centrum
3578,La Cubanita Alkmaar,1019.1139257354848,5.0,Barneveld Centrum
3579,SuperThai Restaurant ,749.6106910535735,3.3,Barneveld Centrum
3580,Café-Bar Odeon,1117.6786219087742,4.0,Barneveld Centrum
3581,Grand Café Klunder,491.1964571528282,0.0,Barneveld Centrum
3582,1480 Food Bar,1019.4541370951409,4.0,Barneveld Centrum
3583,Restaurant Tapas &,1057.2459116972116,5.0,Barneveld Centrum
3584,Happy Italy,518.4117475871739,3.3,Barneveld Centrum
3585,Granada Grand Cafe & Restaurant,597.1834813755764,5.0,Barneveld Centrum
3586,Proeflokaal De Boom,942.184391949158,0.0,Barneveld Centrum
3587,Kunchai,994.5218072237367,4.5,Barneveld Centrum
3588,Cafe De Pilaren,1085.9413393183647,5.0,Barneveld Centrum
3589,Moeke,484.4824365505958,0.0,Barneveld Centrum
3590,De Amstelhoek,967.9020076874574,4.0,Barneveld Centrum
3591,Il Colosseo,738.3859911669595,5.0,Barneveld Centrum
3592,Rue de la Plume,789.023446360917,5.0,Barneveld Centrum
3593,'t Friethuys,937.8352468571736,5.0,Barneveld Centrum
3594,Taormina,1149.6070313784464,5.0,Barneveld Centrum
3595,Ristobar Italica,1083.0744620729238,2.4,Barneveld Centrum
3596,Le Bon,1008.7088239418918,4.0,Barneveld Centrum
3597,De Bonte Bengel,574.7221520255662,2.8,Barneveld Centrum
3598,Subway,861.8243738210845,5.0,Barneveld Centrum
3599,Cafe Bali,920.3244724023469,3.7,Barneveld Centrum
3600,De Binnenkomer,599.4072940907039,4.7,Purmerend
3601,Vers Eten & Drinken,77.34336015072499,4.5,Purmerend
3602,Daikichi,54.04131208278735,4.0,Purmerend
3603,Burger King,38.753209797124605,3.0,Purmerend
3604,Deli,1009.748379483375,4.8,Purmerend
3605,Anne & Max,1050.9389047964175,4.8,Purmerend
3606,De Buren,1060.7939670377473,4.1,Purmerend
3607,King Sing,212.2733144925375,3.0,Purmerend
3608,Aloha,852.7449434363177,4.0,Purmerend
3609,Stadsstrand de Kade,620.6513341917654,5.0,Purmerend
3610,Alkmaars Koffiehuis,723.9196172713763,5.0,Purmerend
3611,Schots Restaurant Hielander,1008.5839781538273,3.8,Purmerend
3612,Saladebar Oogst,479.2986157354422,5.0,Purmerend
3613,Irish Pub Gunnery's,1101.3625315377635,5.0,Purmerend
3614,Mojo's,942.0027393749233,5.0,Purmerend
3615,Het Grand Cafeetje,935.7281656931732,4.0,Purmerend
3616,Horecacentrum De Studio,516.498093746401,5.0,Purmerend
3617,Vito,1485.8453538466451,4.3,Purmerend
3618,Abby's,852.017140325663,4.3,Purmerend
3619,Proeflokaal Bregje,525.2107427451322,2.3,Purmerend
3620,restaurant zegels,744.6440355872974,4.7,Purmerend
3621,Meat & Co,1020.6355087576528,4.3,Purmerend
3622,Fresh Food,93.87041630226362,0.0,Purmerend
3623,Petershoek Café,90.49918999393957,0.0,Purmerend
3624,Burgers & Zo,566.070511391871,3.5,Purmerend
3625,Pizzeria Ristorante La Famiglia,499.8180731679537,4.0,Purmerend
3626,Heeren van Sonoy,811.7969541676354,3.0,Purmerend
3627,Gulden Vlies,749.6198242086455,4.0,Purmerend
3628,La Cubanita Alkmaar,1019.1139257354848,5.0,Purmerend
3629,SuperThai Restaurant ,749.6106910535735,3.3,Purmerend
3630,Café-Bar Odeon,1117.6786219087742,4.0,Purmerend
3631,Grand Café Klunder,491.1964571528282,0.0,Purmerend
3632,1480 Food Bar,1019.4541370951409,4.0,Purmerend
3633,Restaurant Tapas &,1057.2459116972116,5.0,Purmerend
3634,Happy Italy,518.4117475871739,3.3,Purmerend
3635,Granada Grand Cafe & Restaurant,597.1834813755764,5.0,Purmerend
3636,Proeflokaal De Boom,942.184391949158,0.0,Purmerend
3637,Kunchai,994.5218072237367,4.5,Purmerend
3638,Cafe De Pilaren,1085.9413393183647,5.0,Purmerend
3639,Moeke,484.4824365505958,0.0,Purmerend
3640,De Amstelhoek,967.9020076874574,4.0,Purmerend
3641,Il Colosseo,738.3859911669595,5.0,Purmerend
3642,Rue de la Plume,789.023446360917,5.0,Purmerend
3643,'t Friethuys,937.8352468571736,5.0,Purmerend
3644,Taormina,1149.6070313784464,5.0,Purmerend
3645,Ristobar Italica,1083.0744620729238,2.4,Purmerend
3646,Le Bon,1008.7088239418918,4.0,Purmerend
3647,De Bonte Bengel,574.7221520255662,2.8,Purmerend
3648,Subway,861.8243738210845,5.0,Purmerend
3649,Cafe Bali,920.3244724023469,3.7,Purmerend
3650,De Binnenkomer,599.4072940907039,4.7,Obdam
3651,Vers Eten & Drinken,77.34336015072499,4.5,Obdam
3652,Daikichi,54.04131208278735,4.0,Obdam
3653,Burger King,38.753209797124605,3.0,Obdam
3654,Deli,1009.748379483375,4.8,Obdam
3655,Anne & Max,1050.9389047964175,4.8,Obdam
3656,De Buren,1060.7939670377473,4.1,Obdam
3657,King Sing,212.2733144925375,3.0,Obdam
3658,Aloha,852.7449434363177,4.0,Obdam
3659,Stadsstrand de Kade,620.6513341917654,5.0,Obdam
3660,Alkmaars Koffiehuis,723.9196172713763,5.0,Obdam
3661,Schots Restaurant Hielander,1008.5839781538273,3.8,Obdam
3662,Saladebar Oogst,479.2986157354422,5.0,Obdam
3663,Irish Pub Gunnery's,1101.3625315377635,5.0,Obdam
3664,Mojo's,942.0027393749233,5.0,Obdam
3665,Het Grand Cafeetje,935.7281656931732,4.0,Obdam
3666,Horecacentrum De Studio,516.498093746401,5.0,Obdam
3667,Vito,1485.8453538466451,4.3,Obdam
3668,Abby's,852.017140325663,4.3,Obdam
3669,Proeflokaal Bregje,525.2107427451322,2.3,Obdam
3670,restaurant zegels,744.6440355872974,4.7,Obdam
3671,Meat & Co,1020.6355087576528,4.3,Obdam
3672,Fresh Food,93.87041630226362,0.0,Obdam
3673,Petershoek Café,90.49918999393957,0.0,Obdam
3674,Burgers & Zo,566.070511391871,3.5,Obdam
3675,Pizzeria Ristorante La Famiglia,499.8180731679537,4.0,Obdam
3676,Heeren van Sonoy,811.7969541676354,3.0,Obdam
3677,Gulden Vlies,749.6198242086455,4.0,Obdam
3678,La Cubanita Alkmaar,1019.1139257354848,5.0,Obdam
3679,SuperThai Restaurant ,749.6106910535735,3.3,Obdam
3680,Café-Bar Odeon,1117.6786219087742,4.0,Obdam
3681,Grand Café Klunder,491.1964571528282,0.0,Obdam
3682,1480 Food Bar,1019.4541370951409,4.0,Obdam
3683,Restaurant Tapas &,1057.2459116972116,5.0,Obdam
3684,Happy Italy,518.4117475871739,3.3,Obdam
3685,Granada Grand Cafe & Restaurant,597.1834813755764,5.0,Obdam
3686,Proeflokaal De Boom,942.184391949158,0.0,Obdam
3687,Kunchai,994.5218072237367,4.5,Obdam
3688,Cafe De Pilaren,1085.9413393183647,5.0,Obdam
3689,Moeke,484.4824365505958,0.0,Obdam
3690,De Amstelhoek,967.9020076874574,4.0,Obdam
3691,Il Colosseo,738.3859911669595,5.0,Obdam
3692,Rue de la Plume,789.023446360917,5.0,Obdam
3693,'t Friethuys,937.8352468571736,5.0,Obdam
3694,Taormina,1149.6070313784464,5.0,Obdam
3695,Ristobar Italica,1083.0744620729238,2.4,Obdam
3696,Le Bon,1008.7088239418918,4.0,Obdam
3697,De Bonte Bengel,574.7221520255662,2.8,Obdam
3698,Subway,861.8243738210845,5.0,Obdam
3699,Cafe Bali,920.3244724023469,3.7,Obdam
3700,De Binnenkomer,599.4072940907039,4.7,Rhenen
3701,Vers Eten & Drinken,77.34336015072499,4.5,Rhenen
3702,Daikichi,54.04131208278735,4.0,Rhenen
3703,Burger King,38.753209797124605,3.0,Rhenen
3704,Deli,1009.748379483375,4.8,Rhenen
3705,Anne & Max,1050.9389047964175,4.8,Rhenen
3706,De Buren,1060.7939670377473,4.1,Rhenen
3707,King Sing,212.2733144925375,3.0,Rhenen
3708,Aloha,852.7449434363177,4.0,Rhenen
3709,Stadsstrand de Kade,620.6513341917654,5.0,Rhenen
3710,Alkmaars Koffiehuis,723.9196172713763,5.0,Rhenen
3711,Schots Restaurant Hielander,1008.5839781538273,3.8,Rhenen
3712,Saladebar Oogst,479.2986157354422,5.0,Rhenen
3713,Irish Pub Gunnery's,1101.3625315377635,5.0,Rhenen
3714,Mojo's,942.0027393749233,5.0,Rhenen
3715,Het Grand Cafeetje,935.7281656931732,4.0,Rhenen
3716,Horecacentrum De Studio,516.498093746401,5.0,Rhenen
3717,Vito,1485.8453538466451,4.3,Rhenen
3718,Abby's,852.017140325663,4.3,Rhenen
3719,Proeflokaal Bregje,525.2107427451322,2.3,Rhenen
3720,restaurant zegels,744.6440355872974,4.7,Rhenen
3721,Meat & Co,1020.6355087576528,4.3,Rhenen
3722,Fresh Food,93.87041630226362,0.0,Rhenen
3723,Petershoek Café,90.49918999393957,0.0,Rhenen
3724,Burgers & Zo,566.070511391871,3.5,Rhenen
3725,Pizzeria Ristorante La Famiglia,499.8180731679537,4.0,Rhenen
3726,Heeren van Sonoy,811.7969541676354,3.0,Rhenen
3727,Gulden Vlies,749.6198242086455,4.0,Rhenen
3728,La Cubanita Alkmaar,1019.1139257354848,5.0,Rhenen
3729,SuperThai Restaurant ,749.6106910535735,3.3,Rhenen
3730,Café-Bar Odeon,1117.6786219087742,4.0,Rhenen
3731,Grand Café Klunder,491.1964571528282,0.0,Rhenen
3732,1480 Food Bar,1019.4541370951409,4.0,Rhenen
3733,Restaurant Tapas &,1057.2459116972116,5.0,Rhenen
3734,Happy Italy,518.4117475871739,3.3,Rhenen
3735,Granada Grand Cafe & Restaurant,597.1834813755764,5.0,Rhenen
3736,Proeflokaal De Boom,942.184391949158,0.0,Rhenen
3737,Kunchai,994.5218072237367,4.5,Rhenen
3738,Cafe De Pilaren,1085.9413393183647,5.0,Rhenen
3739,Moeke,484.4824365505958,0.0,Rhenen
3740,De Amstelhoek,967.9020076874574,4.0,Rhenen
3741,Il Colosseo,738.3859911669595,5.0,Rhenen
3742,Rue de la Plume,789.023446360917,5.0,Rhenen
3743,'t Friethuys,937.8352468571736,5.0,Rhenen
3744,Taormina,1149.6070313784464,5.0,Rhenen
3745,Ristobar Italica,1083.0744620729238,2.4,Rhenen
3746,Le Bon,1008.7088239418918,4.0,Rhenen
3747,De Bonte Bengel,574.7221520255662,2.8,Rhenen
3748,Subway,861.8243738210845,5.0,Rhenen
3749,Cafe Bali,920.3244724023469,3.7,Rhenen
3750,De Binnenkomer,599.4072940907039,4.7,Utrecht Lunetten
3751,Vers Eten & Drinken,77.34336015072499,4.5,Utrecht Lunetten
3752,Daikichi,54.04131208278735,4.0,Utrecht Lunetten
3753,Burger King,38.753209797124605,3.0,Utrecht Lunetten
3754,Deli,1009.748379483375,4.8,Utrecht Lunetten
3755,Anne & Max,1050.9389047964175,4.8,Utrecht Lunetten
3756,De Buren,1060.7939670377473,4.1,Utrecht Lunetten
3757,King Sing,212.2733144925375,3.0,Utrecht Lunetten
3758,Aloha,852.7449434363177,4.0,Utrecht Lunetten
3759,Stadsstrand de Kade,620.6513341917654,5.0,Utrecht Lunetten
3760,Alkmaars Koffiehuis,723.9196172713763,5.0,Utrecht Lunetten
3761,Schots Restaurant Hielander,1008.5839781538273,3.8,Utrecht Lunetten
3762,Saladebar Oogst,479.2986157354422,5.0,Utrecht Lunetten
3763,Irish Pub Gunnery's,1101.3625315377635,5.0,Utrecht Lunetten
3764,Mojo's,942.0027393749233,5.0,Utrecht Lunetten
3765,Het Grand Cafeetje,935.7281656931732,4.0,Utrecht Lunetten
3766,Horecacentrum De Studio,516.498093746401,5.0,Utrecht Lunetten
3767,Vito,1485.8453538466451,4.3,Utrecht Lunetten
3768,Abby's,852.017140325663,4.3,Utrecht Lunetten
3769,Proeflokaal Bregje,525.2107427451322,2.3,Utrecht Lunetten
3770,restaurant zegels,744.6440355872974,4.7,Utrecht Lunetten
3771,Meat & Co,1020.6355087576528,4.3,Utrecht Lunetten
3772,Fresh Food,93.87041630226362,0.0,Utrecht Lunetten
3773,Petershoek Café,90.49918999393957,0.0,Utrecht Lunetten
3774,Burgers & Zo,566.070511391871,3.5,Utrecht Lunetten
3775,Pizzeria Ristorante La Famiglia,499.8180731679537,4.0,Utrecht Lunetten
3776,Heeren van Sonoy,811.7969541676354,3.0,Utrecht Lunetten
3777,Gulden Vlies,749.6198242086455,4.0,Utrecht Lunetten
3778,La Cubanita Alkmaar,1019.1139257354848,5.0,Utrecht Lunetten
3779,SuperThai Restaurant ,749.6106910535735,3.3,Utrecht Lunetten
3780,Café-Bar Odeon,1117.6786219087742,4.0,Utrecht Lunetten
3781,Grand Café Klunder,491.1964571528282,0.0,Utrecht Lunetten
3782,1480 Food Bar,1019.4541370951409,4.0,Utrecht Lunetten
3783,Restaurant Tapas &,1057.2459116972116,5.0,Utrecht Lunetten
3784,Happy Italy,518.4117475871739,3.3,Utrecht Lunetten
3785,Granada Grand Cafe & Restaurant,597.1834813755764,5.0,Utrecht Lunetten
3786,Proeflokaal De Boom,942.184391949158,0.0,Utrecht Lunetten
3787,Kunchai,994.5218072237367,4.5,Utrecht Lunetten
3788,Cafe De Pilaren,1085.9413393183647,5.0,Utrecht Lunetten
3789,Moeke,484.4824365505958,0.0,Utrecht Lunetten
3790,De Amstelhoek,967.9020076874574,4.0,Utrecht Lunetten
3791,Il Colosseo,738.3859911669595,5.0,Utrecht Lunetten
3792,Rue de la Plume,789.023446360917,5.0,Utrecht Lunetten
3793,'t Friethuys,937.8352468571736,5.0,Utrecht Lunetten
3794,Taormina,1149.6070313784464,5.0,Utrecht Lunetten
3795,Ristobar Italica,1083.0744620729238,2.4,Utrecht Lunetten
3796,Le Bon,1008.7088239418918,4.0,Utrecht Lunetten
3797,De Bonte Bengel,574.7221520255662,2.8,Utrecht Lunetten
3798,Subway,861.8243738210845,5.0,Utrecht Lunetten
3799,Cafe Bali,920.3244724023469,3.7,Utrecht Lunetten
3800,De Binnenkomer,599.4072940907039,4.7,Tilburg Noord
3801,Vers Eten & Drinken,77.34336015072499,4.5,Tilburg Noord
3802,Daikichi,54.04131208278735,4.0,Tilburg Noord
3803,Burger King,38.753209797124605,3.0,Tilburg Noord
3804,Deli,1009.748379483375,4.8,Tilburg Noord
3805,Anne & Max,1050.9389047964175,4.8,Tilburg Noord
3806,De Buren,1060.7939670377473,4.1,Tilburg Noord
3807,King Sing,212.2733144925375,3.0,Tilburg Noord
3808,Aloha,852.7449434363177,4.0,Tilburg Noord
3809,Stadsstrand de Kade,620.6513341917654,5.0,Tilburg Noord
3810,Alkmaars Koffiehuis,723.9196172713763,5.0,Tilburg Noord
3811,Schots Restaurant Hielander,1008.5839781538273,3.8,Tilburg Noord
3812,Saladebar Oogst,479.2986157354422,5.0,Tilburg Noord
3813,Irish Pub Gunnery's,1101.3625315377635,5.0,Tilburg Noord
3814,Mojo's,942.0027393749233,5.0,Tilburg Noord
3815,Het Grand Cafeetje,935.7281656931732,4.0,Tilburg Noord
3816,Horecacentrum De Studio,516.498093746401,5.0,Tilburg Noord
3817,Vito,1485.8453538466451,4.3,Tilburg Noord
3818,Abby's,852.017140325663,4.3,Tilburg Noord
3819,Proeflokaal Bregje,525.2107427451322,2.3,Tilburg Noord
3820,restaurant zegels,744.6440355872974,4.7,Tilburg Noord
3821,Meat & Co,1020.6355087576528,4.3,Tilburg Noord
3822,Fresh Food,93.87041630226362,0.0,Tilburg Noord
3823,Petershoek Café,90.49918999393957,0.0,Tilburg Noord
3824,Burgers & Zo,566.070511391871,3.5,Tilburg Noord
3825,Pizzeria Ristorante La Famiglia,499.8180731679537,4.0,Tilburg Noord
3826,Heeren van Sonoy,811.7969541676354,3.0,Tilburg Noord
3827,Gulden Vlies,749.6198242086455,4.0,Tilburg Noord
3828,La Cubanita Alkmaar,1019.1139257354848,5.0,Tilburg Noord
3829,SuperThai Restaurant ,749.6106910535735,3.3,Tilburg Noord
3830,Café-Bar Odeon,1117.6786219087742,4.0,Tilburg Noord
3831,Grand Café Klunder,491.1964571528282,0.0,Tilburg Noord
3832,1480 Food Bar,1019.4541370951409,4.0,Tilburg Noord
3833,Restaurant Tapas &,1057.2459116972116,5.0,Tilburg Noord
3834,Happy Italy,518.4117475871739,3.3,Tilburg Noord
3835,Granada Grand Cafe & Restaurant,597.1834813755764,5.0,Tilburg Noord
3836,Proeflokaal De Boom,942.184391949158,0.0,Tilburg Noord
3837,Kunchai,994.5218072237367,4.5,Tilburg Noord
3838,Cafe De Pilaren,1085.9413393183647,5.0,Tilburg Noord
3839,Moeke,484.4824365505958,0.0,Tilburg Noord
3840,De Amstelhoek,967.9020076874574,4.0,Tilburg Noord
3841,Il Colosseo,738.3859911669595,5.0,Tilburg Noord
3842,Rue de la Plume,789.023446360917,5.0,Tilburg Noord
3843,'t Friethuys,937.8352468571736,5.0,Tilburg Noord
3844,Taormina,1149.6070313784464,5.0,Tilburg Noord
3845,Ristobar Italica,1083.0744620729238,2.4,Tilburg Noord
3846,Le Bon,1008.7088239418918,4.0,Tilburg Noord
3847,De Bonte Bengel,574.7221520255662,2.8,Tilburg Noord
3848,Subway,861.8243738210845,5.0,Tilburg Noord
3849,Cafe Bali,920.3244724023469,3.7,Tilburg Noord
3850,De Binnenkomer,599.4072940907039,4.7,Hollandse Rading OV-fiets 
3851,Vers Eten & Drinken,77.34336015072499,4.5,Hollandse Rading OV-fiets 
3852,Daikichi,54.04131208278735,4.0,Hollandse Rading OV-fiets 
3853,Burger King,38.753209797124605,3.0,Hollandse Rading OV-fiets 
3854,Deli,1009.748379483375,4.8,Hollandse Rading OV-fiets 
3855,Anne & Max,1050.9389047964175,4.8,Hollandse Rading OV-fiets 
3856,De Buren,1060.7939670377473,4.1,Hollandse Rading OV-fiets 
3857,King Sing,212.2733144925375,3.0,Hollandse Rading OV-fiets 
3858,Aloha,852.7449434363177,4.0,Hollandse Rading OV-fiets 
3859,Stadsstrand de Kade,620.6513341917654,5.0,Hollandse Rading OV-fiets 
3860,Alkmaars Koffiehuis,723.9196172713763,5.0,Hollandse Rading OV-fiets 
3861,Schots Restaurant Hielander,1008.5839781538273,3.8,Hollandse Rading OV-fiets 
3862,Saladebar Oogst,479.2986157354422,5.0,Hollandse Rading OV-fiets 
3863,Irish Pub Gunnery's,1101.3625315377635,5.0,Hollandse Rading OV-fiets 
3864,Mojo's,942.0027393749233,5.0,Hollandse Rading OV-fiets 
3865,Het Grand Cafeetje,935.7281656931732,4.0,Hollandse Rading OV-fiets 
3866,Horecacentrum De Studio,516.498093746401,5.0,Hollandse Rading OV-fiets 
3867,Vito,1485.8453538466451,4.3,Hollandse Rading OV-fiets 
3868,Abby's,852.017140325663,4.3,Hollandse Rading OV-fiets 
3869,Proeflokaal Bregje,525.2107427451322,2.3,Hollandse Rading OV-fiets 
3870,restaurant zegels,744.6440355872974,4.7,Hollandse Rading OV-fiets 
3871,Meat & Co,1020.6355087576528,4.3,Hollandse Rading OV-fiets 
3872,Fresh Food,93.87041630226362,0.0,Hollandse Rading OV-fiets 
3873,Petershoek Café,90.49918999393957,0.0,Hollandse Rading OV-fiets 
3874,Burgers & Zo,566.070511391871,3.5,Hollandse Rading OV-fiets 
3875,Pizzeria Ristorante La Famiglia,499.8180731679537,4.0,Hollandse Rading OV-fiets 
3876,Heeren van Sonoy,811.7969541676354,3.0,Hollandse Rading OV-fiets 
3877,Gulden Vlies,749.6198242086455,4.0,Hollandse Rading OV-fiets 
3878,La Cubanita Alkmaar,1019.1139257354848,5.0,Hollandse Rading OV-fiets 
3879,SuperThai Restaurant ,749.6106910535735,3.3,Hollandse Rading OV-fiets 
3880,Café-Bar Odeon,1117.6786219087742,4.0,Hollandse Rading OV-fiets 
3881,Grand Café Klunder,491.1964571528282,0.0,Hollandse Rading OV-fiets 
3882,1480 Food Bar,1019.4541370951409,4.0,Hollandse Rading OV-fiets 
3883,Restaurant Tapas &,1057.2459116972116,5.0,Hollandse Rading OV-fiets 
3884,Happy Italy,518.4117475871739,3.3,Hollandse Rading OV-fiets 
3885,Granada Grand Cafe & Restaurant,597.1834813755764,5.0,Hollandse Rading OV-fiets 
3886,Proeflokaal De Boom,942.184391949158,0.0,Hollandse Rading OV-fiets 
3887,Kunchai,994.5218072237367,4.5,Hollandse Rading OV-fiets 
3888,Cafe De Pilaren,1085.9413393183647,5.0,Hollandse Rading OV-fiets 
3889,Moeke,484.4824365505958,0.0,Hollandse Rading OV-fiets 
3890,De Amstelhoek,967.9020076874574,4.0,Hollandse Rading OV-fiets 
3891,Il Colosseo,738.3859911669595,5.0,Hollandse Rading OV-fiets 
3892,Rue de la Plume,789.023446360917,5.0,Hollandse Rading OV-fiets 
3893,'t Friethuys,937.8352468571736,5.0,Hollandse Rading OV-fiets 
3894,Taormina,1149.6070313784464,5.0,Hollandse Rading OV-fiets 
3895,Ristobar Italica,1083.0744620729238,2.4,Hollandse Rading OV-fiets 
3896,Le Bon,1008.7088239418918,4.0,Hollandse Rading OV-fiets 
3897,De Bonte Bengel,574.7221520255662,2.8,Hollandse Rading OV-fiets 
3898,Subway,861.8243738210845,5.0,Hollandse Rading OV-fiets 
3899,Cafe Bali,920.3244724023469,3.7,Hollandse Rading OV-fiets 
3900,De Binnenkomer,599.4072940907039,4.7,Amsterdam Centraal Stationsplein
3901,Vers Eten & Drinken,77.34336015072499,4.5,Amsterdam Centraal Stationsplein
3902,Daikichi,54.04131208278735,4.0,Amsterdam Centraal Stationsplein
3903,Burger King,38.753209797124605,3.0,Amsterdam Centraal Stationsplein
3904,Deli,1009.748379483375,4.8,Amsterdam Centraal Stationsplein
3905,Anne & Max,1050.9389047964175,4.8,Amsterdam Centraal Stationsplein
3906,De Buren,1060.7939670377473,4.1,Amsterdam Centraal Stationsplein
3907,King Sing,212.2733144925375,3.0,Amsterdam Centraal Stationsplein
3908,Aloha,852.7449434363177,4.0,Amsterdam Centraal Stationsplein
3909,Stadsstrand de Kade,620.6513341917654,5.0,Amsterdam Centraal Stationsplein
3910,Alkmaars Koffiehuis,723.9196172713763,5.0,Amsterdam Centraal Stationsplein
3911,Schots Restaurant Hielander,1008.5839781538273,3.8,Amsterdam Centraal Stationsplein
3912,Saladebar Oogst,479.2986157354422,5.0,Amsterdam Centraal Stationsplein
3913,Irish Pub Gunnery's,1101.3625315377635,5.0,Amsterdam Centraal Stationsplein
3914,Mojo's,942.0027393749233,5.0,Amsterdam Centraal Stationsplein
3915,Het Grand Cafeetje,935.7281656931732,4.0,Amsterdam Centraal Stationsplein
3916,Horecacentrum De Studio,516.498093746401,5.0,Amsterdam Centraal Stationsplein
3917,Vito,1485.8453538466451,4.3,Amsterdam Centraal Stationsplein
3918,Abby's,852.017140325663,4.3,Amsterdam Centraal Stationsplein
3919,Proeflokaal Bregje,525.2107427451322,2.3,Amsterdam Centraal Stationsplein
3920,restaurant zegels,744.6440355872974,4.7,Amsterdam Centraal Stationsplein
3921,Meat & Co,1020.6355087576528,4.3,Amsterdam Centraal Stationsplein
3922,Fresh Food,93.87041630226362,0.0,Amsterdam Centraal Stationsplein
3923,Petershoek Café,90.49918999393957,0.0,Amsterdam Centraal Stationsplein
3924,Burgers & Zo,566.070511391871,3.5,Amsterdam Centraal Stationsplein
3925,Pizzeria Ristorante La Famiglia,499.8180731679537,4.0,Amsterdam Centraal Stationsplein
3926,Heeren van Sonoy,811.7969541676354,3.0,Amsterdam Centraal Stationsplein
3927,Gulden Vlies,749.6198242086455,4.0,Amsterdam Centraal Stationsplein
3928,La Cubanita Alkmaar,1019.1139257354848,5.0,Amsterdam Centraal Stationsplein
3929,SuperThai Restaurant ,749.6106910535735,3.3,Amsterdam Centraal Stationsplein
3930,Café-Bar Odeon,1117.6786219087742,4.0,Amsterdam Centraal Stationsplein
3931,Grand Café Klunder,491.1964571528282,0.0,Amsterdam Centraal Stationsplein
3932,1480 Food Bar,1019.4541370951409,4.0,Amsterdam Centraal Stationsplein
3933,Restaurant Tapas &,1057.2459116972116,5.0,Amsterdam Centraal Stationsplein
3934,Happy Italy,518.4117475871739,3.3,Amsterdam Centraal Stationsplein
3935,Granada Grand Cafe & Restaurant,597.1834813755764,5.0,Amsterdam Centraal Stationsplein
3936,Proeflokaal De Boom,942.184391949158,0.0,Amsterdam Centraal Stationsplein
3937,Kunchai,994.5218072237367,4.5,Amsterdam Centraal Stationsplein
3938,Cafe De Pilaren,1085.9413393183647,5.0,Amsterdam Centraal Stationsplein
3939,Moeke,484.4824365505958,0.0,Amsterdam Centraal Stationsplein
3940,De Amstelhoek,967.9020076874574,4.0,Amsterdam Centraal Stationsplein
3941,Il Colosseo,738.3859911669595,5.0,Amsterdam Centraal Stationsplein
3942,Rue de la Plume,789.023446360917,5.0,Amsterdam Centraal Stationsplein
3943,'t Friethuys,937.8352468571736,5.0,Amsterdam Centraal Stationsplein
3944,Taormina,1149.6070313784464,5.0,Amsterdam Centraal Stationsplein
3945,Ristobar Italica,1083.0744620729238,2.4,Amsterdam Centraal Stationsplein
3946,Le Bon,1008.7088239418918,4.0,Amsterdam Centraal Stationsplein
3947,De Bonte Bengel,574.7221520255662,2.8,Amsterdam Centraal Stationsplein
3948,Subway,861.8243738210845,5.0,Amsterdam Centraal Stationsplein
3949,Cafe Bali,920.3244724023469,3.7,Amsterdam Centraal Stationsplein
3950,De Binnenkomer,599.4072940907039,4.7,Geldermalsen
3951,Vers Eten & Drinken,77.34336015072499,4.5,Geldermalsen
3952,Daikichi,54.04131208278735,4.0,Geldermalsen
3953,Burger King,38.753209797124605,3.0,Geldermalsen
3954,Deli,1009.748379483375,4.8,Geldermalsen
3955,Anne & Max,1050.9389047964175,4.8,Geldermalsen
3956,De Buren,1060.7939670377473,4.1,Geldermalsen
3957,King Sing,212.2733144925375,3.0,Geldermalsen
3958,Aloha,852.7449434363177,4.0,Geldermalsen
3959,Stadsstrand de Kade,620.6513341917654,5.0,Geldermalsen
3960,Alkmaars Koffiehuis,723.9196172713763,5.0,Geldermalsen
3961,Schots Restaurant Hielander,1008.5839781538273,3.8,Geldermalsen
3962,Saladebar Oogst,479.2986157354422,5.0,Geldermalsen
3963,Irish Pub Gunnery's,1101.3625315377635,5.0,Geldermalsen
3964,Mojo's,942.0027393749233,5.0,Geldermalsen
3965,Het Grand Cafeetje,935.7281656931732,4.0,Geldermalsen
3966,Horecacentrum De Studio,516.498093746401,5.0,Geldermalsen
3967,Vito,1485.8453538466451,4.3,Geldermalsen
3968,Abby's,852.017140325663,4.3,Geldermalsen
3969,Proeflokaal Bregje,525.2107427451322,2.3,Geldermalsen
3970,restaurant zegels,744.6440355872974,4.7,Geldermalsen
3971,Meat & Co,1020.6355087576528,4.3,Geldermalsen
3972,Fresh Food,93.87041630226362,0.0,Geldermalsen
3973,Petershoek Café,90.49918999393957,0.0,Geldermalsen
3974,Burgers & Zo,566.070511391871,3.5,Geldermalsen
3975,Pizzeria Ristorante La Famiglia,499.8180731679537,4.0,Geldermalsen
3976,Heeren van Sonoy,811.7969541676354,3.0,Geldermalsen
3977,Gulden Vlies,749.6198242086455,4.0,Geldermalsen
3978,La Cubanita Alkmaar,1019.1139257354848,5.0,Geldermalsen
3979,SuperThai Restaurant ,749.6106910535735,3.3,Geldermalsen
3980,Café-Bar Odeon,1117.6786219087742,4.0,Geldermalsen
3981,Grand Café Klunder,491.1964571528282,0.0,Geldermalsen
3982,1480 Food Bar,1019.4541370951409,4.0,Geldermalsen
3983,Restaurant Tapas &,1057.2459116972116,5.0,Geldermalsen
3984,Happy Italy,518.4117475871739,3.3,Geldermalsen
3985,Granada Grand Cafe & Restaurant,597.1834813755764,5.0,Geldermalsen
3986,Proeflokaal De Boom,942.184391949158,0.0,Geldermalsen
3987,Kunchai,994.5218072237367,4.5,Geldermalsen
3988,Cafe De Pilaren,1085.9413393183647,5.0,Geldermalsen
3989,Moeke,484.4824365505958,0.0,Geldermalsen
3990,De Amstelhoek,967.9020076874574,4.0,Geldermalsen
3991,Il Colosseo,738.3859911669595,5.0,Geldermalsen
3992,Rue de la Plume,789.023446360917,5.0,Geldermalsen
3993,'t Friethuys,937.8352468571736,5.0,Geldermalsen
3994,Taormina,1149.6070313784464,5.0,Geldermalsen
3995,Ristobar Italica,1083.0744620729238,2.4,Geldermalsen
3996,Le Bon,1008.7088239418918,4.0,Geldermalsen
3997,De Bonte Bengel,574.7221520255662,2.8,Geldermalsen
3998,Subway,861.8243738210845,5.0,Geldermalsen
3999,Cafe Bali,920.3244724023469,3.7,Geldermalsen
4000,De Binnenkomer,599.4072940907039,4.7,Heiloo
4001,Vers Eten & Drinken,77.34336015072499,4.5,Heiloo
4002,Daikichi,54.04131208278735,4.0,Heiloo
4003,Burger King,38.753209797124605,3.0,Heiloo
4004,Deli,1009.748379483375,4.8,Heiloo
4005,Anne & Max,1050.9389047964175,4.8,Heiloo
4006,De Buren,1060.7939670377473,4.1,Heiloo
4007,King Sing,212.2733144925375,3.0,Heiloo
4008,Aloha,852.7449434363177,4.0,Heiloo
4009,Stadsstrand de Kade,620.6513341917654,5.0,Heiloo
4010,Alkmaars Koffiehuis,723.9196172713763,5.0,Heiloo
4011,Schots Restaurant Hielander,1008.5839781538273,3.8,Heiloo
4012,Saladebar Oogst,479.2986157354422,5.0,Heiloo
4013,Irish Pub Gunnery's,1101.3625315377635,5.0,Heiloo
4014,Mojo's,942.0027393749233,5.0,Heiloo
4015,Het Grand Cafeetje,935.7281656931732,4.0,Heiloo
4016,Horecacentrum De Studio,516.498093746401,5.0,Heiloo
4017,Vito,1485.8453538466451,4.3,Heiloo
4018,Abby's,852.017140325663,4.3,Heiloo
4019,Proeflokaal Bregje,525.2107427451322,2.3,Heiloo
4020,restaurant zegels,744.6440355872974,4.7,Heiloo
4021,Meat & Co,1020.6355087576528,4.3,Heiloo
4022,Fresh Food,93.87041630226362,0.0,Heiloo
4023,Petershoek Café,90.49918999393957,0.0,Heiloo
4024,Burgers & Zo,566.070511391871,3.5,Heiloo
4025,Pizzeria Ristorante La Famiglia,499.8180731679537,4.0,Heiloo
4026,Heeren van Sonoy,811.7969541676354,3.0,Heiloo
4027,Gulden Vlies,749.6198242086455,4.0,Heiloo
4028,La Cubanita Alkmaar,1019.1139257354848,5.0,Heiloo
4029,SuperThai Restaurant ,749.6106910535735,3.3,Heiloo
4030,Café-Bar Odeon,1117.6786219087742,4.0,Heiloo
4031,Grand Café Klunder,491.1964571528282,0.0,Heiloo
4032,1480 Food Bar,1019.4541370951409,4.0,Heiloo
4033,Restaurant Tapas &,1057.2459116972116,5.0,Heiloo
4034,Happy Italy,518.4117475871739,3.3,Heiloo
4035,Granada Grand Cafe & Restaurant,597.1834813755764,5.0,Heiloo
4036,Proeflokaal De Boom,942.184391949158,0.0,Heiloo
4037,Kunchai,994.5218072237367,4.5,Heiloo
4038,Cafe De Pilaren,1085.9413393183647,5.0,Heiloo
4039,Moeke,484.4824365505958,0.0,Heiloo
4040,De Amstelhoek,967.9020076874574,4.0,Heiloo
4041,Il Colosseo,738.3859911669595,5.0,Heiloo
4042,Rue de la Plume,789.023446360917,5.0,Heiloo
4043,'t Friethuys,937.8352468571736,5.0,Heiloo
4044,Taormina,1149.6070313784464,5.0,Heiloo
4045,Ristobar Italica,1083.0744620729238,2.4,Heiloo
4046,Le Bon,1008.7088239418918,4.0,Heiloo
4047,De Bonte Bengel,574.7221520255662,2.8,Heiloo
4048,Subway,861.8243738210845,5.0,Heiloo
4049,Cafe Bali,920.3244724023469,3.7,Heiloo
4050,De Binnenkomer,599.4072940907039,4.7,Oudenbosch
4051,Vers Eten & Drinken,77.34336015072499,4.5,Oudenbosch
4052,Daikichi,54.04131208278735,4.0,Oudenbosch
4053,Burger King,38.753209797124605,3.0,Oudenbosch
4054,Deli,1009.748379483375,4.8,Oudenbosch
4055,Anne & Max,1050.9389047964175,4.8,Oudenbosch
4056,De Buren,1060.7939670377473,4.1,Oudenbosch
4057,King Sing,212.2733144925375,3.0,Oudenbosch
4058,Aloha,852.7449434363177,4.0,Oudenbosch
4059,Stadsstrand de Kade,620.6513341917654,5.0,Oudenbosch
4060,Alkmaars Koffiehuis,723.9196172713763,5.0,Oudenbosch
4061,Schots Restaurant Hielander,1008.5839781538273,3.8,Oudenbosch
4062,Saladebar Oogst,479.2986157354422,5.0,Oudenbosch
4063,Irish Pub Gunnery's,1101.3625315377635,5.0,Oudenbosch
4064,Mojo's,942.0027393749233,5.0,Oudenbosch
4065,Het Grand Cafeetje,935.7281656931732,4.0,Oudenbosch
4066,Horecacentrum De Studio,516.498093746401,5.0,Oudenbosch
4067,Vito,1485.8453538466451,4.3,Oudenbosch
4068,Abby's,852.017140325663,4.3,Oudenbosch
4069,Proeflokaal Bregje,525.2107427451322,2.3,Oudenbosch
4070,restaurant zegels,744.6440355872974,4.7,Oudenbosch
4071,Meat & Co,1020.6355087576528,4.3,Oudenbosch
4072,Fresh Food,93.87041630226362,0.0,Oudenbosch
4073,Petershoek Café,90.49918999393957,0.0,Oudenbosch
4074,Burgers & Zo,566.070511391871,3.5,Oudenbosch
4075,Pizzeria Ristorante La Famiglia,499.8180731679537,4.0,Oudenbosch
4076,Heeren van Sonoy,811.7969541676354,3.0,Oudenbosch
4077,Gulden Vlies,749.6198242086455,4.0,Oudenbosch
4078,La Cubanita Alkmaar,1019.1139257354848,5.0,Oudenbosch
4079,SuperThai Restaurant ,749.6106910535735,3.3,Oudenbosch
4080,Café-Bar Odeon,1117.6786219087742,4.0,Oudenbosch
4081,Grand Café Klunder,491.1964571528282,0.0,Oudenbosch
4082,1480 Food Bar,1019.4541370951409,4.0,Oudenbosch
4083,Restaurant Tapas &,1057.2459116972116,5.0,Oudenbosch
4084,Happy Italy,518.4117475871739,3.3,Oudenbosch
4085,Granada Grand Cafe & Restaurant,597.1834813755764,5.0,Oudenbosch
4086,Proeflokaal De Boom,942.184391949158,0.0,Oudenbosch
4087,Kunchai,994.5218072237367,4.5,Oudenbosch
4088,Cafe De Pilaren,1085.9413393183647,5.0,Oudenbosch
4089,Moeke,484.4824365505958,0.0,Oudenbosch
4090,De Amstelhoek,967.9020076874574,4.0,Oudenbosch
4091,Il Colosseo,738.3859911669595,5.0,Oudenbosch
4092,Rue de la Plume,789.023446360917,5.0,Oudenbosch
4093,'t Friethuys,937.8352468571736,5.0,Oudenbosch
4094,Taormina,1149.6070313784464,5.0,Oudenbosch
4095,Ristobar Italica,1083.0744620729238,2.4,Oudenbosch
4096,Le Bon,1008.7088239418918,4.0,Oudenbosch
4097,De Bonte Bengel,574.7221520255662,2.8,Oudenbosch
4098,Subway,861.8243738210845,5.0,Oudenbosch
4099,Cafe Bali,920.3244724023469,3.7,Oudenbosch
4100,De Binnenkomer,599.4072940907039,4.7,Den Dolder
4101,Vers Eten & Drinken,77.34336015072499,4.5,Den Dolder
4102,Daikichi,54.04131208278735,4.0,Den Dolder
4103,Burger King,38.753209797124605,3.0,Den Dolder
4104,Deli,1009.748379483375,4.8,Den Dolder
4105,Anne & Max,1050.9389047964175,4.8,Den Dolder
4106,De Buren,1060.7939670377473,4.1,Den Dolder
4107,King Sing,212.2733144925375,3.0,Den Dolder
4108,Aloha,852.7449434363177,4.0,Den Dolder
4109,Stadsstrand de Kade,620.6513341917654,5.0,Den Dolder
4110,Alkmaars Koffiehuis,723.9196172713763,5.0,Den Dolder
4111,Schots Restaurant Hielander,1008.5839781538273,3.8,Den Dolder
4112,Saladebar Oogst,479.2986157354422,5.0,Den Dolder
4113,Irish Pub Gunnery's,1101.3625315377635,5.0,Den Dolder
4114,Mojo's,942.0027393749233,5.0,Den Dolder
4115,Het Grand Cafeetje,935.7281656931732,4.0,Den Dolder
4116,Horecacentrum De Studio,516.498093746401,5.0,Den Dolder
4117,Vito,1485.8453538466451,4.3,Den Dolder
4118,Abby's,852.017140325663,4.3,Den Dolder
4119,Proeflokaal Bregje,525.2107427451322,2.3,Den Dolder
4120,restaurant zegels,744.6440355872974,4.7,Den Dolder
4121,Meat & Co,1020.6355087576528,4.3,Den Dolder
4122,Fresh Food,93.87041630226362,0.0,Den Dolder
4123,Petershoek Café,90.49918999393957,0.0,Den Dolder
4124,Burgers & Zo,566.070511391871,3.5,Den Dolder
4125,Pizzeria Ristorante La Famiglia,499.8180731679537,4.0,Den Dolder
4126,Heeren van Sonoy,811.7969541676354,3.0,Den Dolder
4127,Gulden Vlies,749.6198242086455,4.0,Den Dolder
4128,La Cubanita Alkmaar,1019.1139257354848,5.0,Den Dolder
4129,SuperThai Restaurant ,749.6106910535735,3.3,Den Dolder
4130,Café-Bar Odeon,1117.6786219087742,4.0,Den Dolder
4131,Grand Café Klunder,491.1964571528282,0.0,Den Dolder
4132,1480 Food Bar,1019.4541370951409,4.0,Den Dolder
4133,Restaurant Tapas &,1057.2459116972116,5.0,Den Dolder
4134,Happy Italy,518.4117475871739,3.3,Den Dolder
4135,Granada Grand Cafe & Restaurant,597.1834813755764,5.0,Den Dolder
4136,Proeflokaal De Boom,942.184391949158,0.0,Den Dolder
4137,Kunchai,994.5218072237367,4.5,Den Dolder
4138,Cafe De Pilaren,1085.9413393183647,5.0,Den Dolder
4139,Moeke,484.4824365505958,0.0,Den Dolder
4140,De Amstelhoek,967.9020076874574,4.0,Den Dolder
4141,Il Colosseo,738.3859911669595,5.0,Den Dolder
4142,Rue de la Plume,789.023446360917,5.0,Den Dolder
4143,'t Friethuys,937.8352468571736,5.0,Den Dolder
4144,Taormina,1149.6070313784464,5.0,Den Dolder
4145,Ristobar Italica,1083.0744620729238,2.4,Den Dolder
4146,Le Bon,1008.7088239418918,4.0,Den Dolder
4147,De Bonte Bengel,574.7221520255662,2.8,Den Dolder
4148,Subway,861.8243738210845,5.0,Den Dolder
4149,Cafe Bali,920.3244724023469,3.7,Den Dolder
4150,De Binnenkomer,599.4072940907039,4.7,Oss West
4151,Vers Eten & Drinken,77.34336015072499,4.5,Oss West
4152,Daikichi,54.04131208278735,4.0,Oss West
4153,Burger King,38.753209797124605,3.0,Oss West
4154,Deli,1009.748379483375,4.8,Oss West
4155,Anne & Max,1050.9389047964175,4.8,Oss West
4156,De Buren,1060.7939670377473,4.1,Oss West
4157,King Sing,212.2733144925375,3.0,Oss West
4158,Aloha,852.7449434363177,4.0,Oss West
4159,Stadsstrand de Kade,620.6513341917654,5.0,Oss West
4160,Alkmaars Koffiehuis,723.9196172713763,5.0,Oss West
4161,Schots Restaurant Hielander,1008.5839781538273,3.8,Oss West
4162,Saladebar Oogst,479.2986157354422,5.0,Oss West
4163,Irish Pub Gunnery's,1101.3625315377635,5.0,Oss West
4164,Mojo's,942.0027393749233,5.0,Oss West
4165,Het Grand Cafeetje,935.7281656931732,4.0,Oss West
4166,Horecacentrum De Studio,516.498093746401,5.0,Oss West
4167,Vito,1485.8453538466451,4.3,Oss West
4168,Abby's,852.017140325663,4.3,Oss West
4169,Proeflokaal Bregje,525.2107427451322,2.3,Oss West
4170,restaurant zegels,744.6440355872974,4.7,Oss West
4171,Meat & Co,1020.6355087576528,4.3,Oss West
4172,Fresh Food,93.87041630226362,0.0,Oss West
4173,Petershoek Café,90.49918999393957,0.0,Oss West
4174,Burgers & Zo,566.070511391871,3.5,Oss West
4175,Pizzeria Ristorante La Famiglia,499.8180731679537,4.0,Oss West
4176,Heeren van Sonoy,811.7969541676354,3.0,Oss West
4177,Gulden Vlies,749.6198242086455,4.0,Oss West
4178,La Cubanita Alkmaar,1019.1139257354848,5.0,Oss West
4179,SuperThai Restaurant ,749.6106910535735,3.3,Oss West
4180,Café-Bar Odeon,1117.6786219087742,4.0,Oss West
4181,Grand Café Klunder,491.1964571528282,0.0,Oss West
4182,1480 Food Bar,1019.4541370951409,4.0,Oss West
4183,Restaurant Tapas &,1057.2459116972116,5.0,Oss West
4184,Happy Italy,518.4117475871739,3.3,Oss West
4185,Granada Grand Cafe & Restaurant,597.1834813755764,5.0,Oss West
4186,Proeflokaal De Boom,942.184391949158,0.0,Oss West
4187,Kunchai,994.5218072237367,4.5,Oss West
4188,Cafe De Pilaren,1085.9413393183647,5.0,Oss West
4189,Moeke,484.4824365505958,0.0,Oss West
4190,De Amstelhoek,967.9020076874574,4.0,Oss West
4191,Il Colosseo,738.3859911669595,5.0,Oss West
4192,Rue de la Plume,789.023446360917,5.0,Oss West
4193,'t Friethuys,937.8352468571736,5.0,Oss West
4194,Taormina,1149.6070313784464,5.0,Oss West
4195,Ristobar Italica,1083.0744620729238,2.4,Oss West
4196,Le Bon,1008.7088239418918,4.0,Oss West
4197,De Bonte Bengel,574.7221520255662,2.8,Oss West
4198,Subway,861.8243738210845,5.0,Oss West
4199,Cafe Bali,920.3244724023469,3.7,Oss West
4200,De Binnenkomer,599.4072940907039,4.7,Dalfsen
4201,Vers Eten & Drinken,77.34336015072499,4.5,Dalfsen
4202,Daikichi,54.04131208278735,4.0,Dalfsen
4203,Burger King,38.753209797124605,3.0,Dalfsen
4204,Deli,1009.748379483375,4.8,Dalfsen
4205,Anne & Max,1050.9389047964175,4.8,Dalfsen
4206,De Buren,1060.7939670377473,4.1,Dalfsen
4207,King Sing,212.2733144925375,3.0,Dalfsen
4208,Aloha,852.7449434363177,4.0,Dalfsen
4209,Stadsstrand de Kade,620.6513341917654,5.0,Dalfsen
4210,Alkmaars Koffiehuis,723.9196172713763,5.0,Dalfsen
4211,Schots Restaurant Hielander,1008.5839781538273,3.8,Dalfsen
4212,Saladebar Oogst,479.2986157354422,5.0,Dalfsen
4213,Irish Pub Gunnery's,1101.3625315377635,5.0,Dalfsen
4214,Mojo's,942.0027393749233,5.0,Dalfsen
4215,Het Grand Cafeetje,935.7281656931732,4.0,Dalfsen
4216,Horecacentrum De Studio,516.498093746401,5.0,Dalfsen
4217,Vito,1485.8453538466451,4.3,Dalfsen
4218,Abby's,852.017140325663,4.3,Dalfsen
4219,Proeflokaal Bregje,525.2107427451322,2.3,Dalfsen
4220,restaurant zegels,744.6440355872974,4.7,Dalfsen
4221,Meat & Co,1020.6355087576528,4.3,Dalfsen
4222,Fresh Food,93.87041630226362,0.0,Dalfsen
4223,Petershoek Café,90.49918999393957,0.0,Dalfsen
4224,Burgers & Zo,566.070511391871,3.5,Dalfsen
4225,Pizzeria Ristorante La Famiglia,499.8180731679537,4.0,Dalfsen
4226,Heeren van Sonoy,811.7969541676354,3.0,Dalfsen
4227,Gulden Vlies,749.6198242086455,4.0,Dalfsen
4228,La Cubanita Alkmaar,1019.1139257354848,5.0,Dalfsen
4229,SuperThai Restaurant ,749.6106910535735,3.3,Dalfsen
4230,Café-Bar Odeon,1117.6786219087742,4.0,Dalfsen
4231,Grand Café Klunder,491.1964571528282,0.0,Dalfsen
4232,1480 Food Bar,1019.4541370951409,4.0,Dalfsen
4233,Restaurant Tapas &,1057.2459116972116,5.0,Dalfsen
4234,Happy Italy,518.4117475871739,3.3,Dalfsen
4235,Granada Grand Cafe & Restaurant,597.1834813755764,5.0,Dalfsen
4236,Proeflokaal De Boom,942.184391949158,0.0,Dalfsen
4237,Kunchai,994.5218072237367,4.5,Dalfsen
4238,Cafe De Pilaren,1085.9413393183647,5.0,Dalfsen
4239,Moeke,484.4824365505958,0.0,Dalfsen
4240,De Amstelhoek,967.9020076874574,4.0,Dalfsen
4241,Il Colosseo,738.3859911669595,5.0,Dalfsen
4242,Rue de la Plume,789.023446360917,5.0,Dalfsen
4243,'t Friethuys,937.8352468571736,5.0,Dalfsen
4244,Taormina,1149.6070313784464,5.0,Dalfsen
4245,Ristobar Italica,1083.0744620729238,2.4,Dalfsen
4246,Le Bon,1008.7088239418918,4.0,Dalfsen
4247,De Bonte Bengel,574.7221520255662,2.8,Dalfsen
4248,Subway,861.8243738210845,5.0,Dalfsen
4249,Cafe Bali,920.3244724023469,3.7,Dalfsen
4250,De Binnenkomer,599.4072940907039,4.7,Den Haag HS
4251,Vers Eten & Drinken,77.34336015072499,4.5,Den Haag HS
4252,Daikichi,54.04131208278735,4.0,Den Haag HS
4253,Burger King,38.753209797124605,3.0,Den Haag HS
4254,Deli,1009.748379483375,4.8,Den Haag HS
4255,Anne & Max,1050.9389047964175,4.8,Den Haag HS
4256,De Buren,1060.7939670377473,4.1,Den Haag HS
4257,King Sing,212.2733144925375,3.0,Den Haag HS
4258,Aloha,852.7449434363177,4.0,Den Haag HS
4259,Stadsstrand de Kade,620.6513341917654,5.0,Den Haag HS
4260,Alkmaars Koffiehuis,723.9196172713763,5.0,Den Haag HS
4261,Schots Restaurant Hielander,1008.5839781538273,3.8,Den Haag HS
4262,Saladebar Oogst,479.2986157354422,5.0,Den Haag HS
4263,Irish Pub Gunnery's,1101.3625315377635,5.0,Den Haag HS
4264,Mojo's,942.0027393749233,5.0,Den Haag HS
4265,Het Grand Cafeetje,935.7281656931732,4.0,Den Haag HS
4266,Horecacentrum De Studio,516.498093746401,5.0,Den Haag HS
4267,Vito,1485.8453538466451,4.3,Den Haag HS
4268,Abby's,852.017140325663,4.3,Den Haag HS
4269,Proeflokaal Bregje,525.2107427451322,2.3,Den Haag HS
4270,restaurant zegels,744.6440355872974,4.7,Den Haag HS
4271,Meat & Co,1020.6355087576528,4.3,Den Haag HS
4272,Fresh Food,93.87041630226362,0.0,Den Haag HS
4273,Petershoek Café,90.49918999393957,0.0,Den Haag HS
4274,Burgers & Zo,566.070511391871,3.5,Den Haag HS
4275,Pizzeria Ristorante La Famiglia,499.8180731679537,4.0,Den Haag HS
4276,Heeren van Sonoy,811.7969541676354,3.0,Den Haag HS
4277,Gulden Vlies,749.6198242086455,4.0,Den Haag HS
4278,La Cubanita Alkmaar,1019.1139257354848,5.0,Den Haag HS
4279,SuperThai Restaurant ,749.6106910535735,3.3,Den Haag HS
4280,Café-Bar Odeon,1117.6786219087742,4.0,Den Haag HS
4281,Grand Café Klunder,491.1964571528282,0.0,Den Haag HS
4282,1480 Food Bar,1019.4541370951409,4.0,Den Haag HS
4283,Restaurant Tapas &,1057.2459116972116,5.0,Den Haag HS
4284,Happy Italy,518.4117475871739,3.3,Den Haag HS
4285,Granada Grand Cafe & Restaurant,597.1834813755764,5.0,Den Haag HS
4286,Proeflokaal De Boom,942.184391949158,0.0,Den Haag HS
4287,Kunchai,994.5218072237367,4.5,Den Haag HS
4288,Cafe De Pilaren,1085.9413393183647,5.0,Den Haag HS
4289,Moeke,484.4824365505958,0.0,Den Haag HS
4290,De Amstelhoek,967.9020076874574,4.0,Den Haag HS
4291,Il Colosseo,738.3859911669595,5.0,Den Haag HS
4292,Rue de la Plume,789.023446360917,5.0,Den Haag HS
4293,'t Friethuys,937.8352468571736,5.0,Den Haag HS
4294,Taormina,1149.6070313784464,5.0,Den Haag HS
4295,Ristobar Italica,1083.0744620729238,2.4,Den Haag HS
4296,Le Bon,1008.7088239418918,4.0,Den Haag HS
4297,De Bonte Bengel,574.7221520255662,2.8,Den Haag HS
4298,Subway,861.8243738210845,5.0,Den Haag HS
4299,Cafe Bali,920.3244724023469,3.7,Den Haag HS
4300,De Binnenkomer,599.4072940907039,4.7,Elst
4301,Vers Eten & Drinken,77.34336015072499,4.5,Elst
4302,Daikichi,54.04131208278735,4.0,Elst
4303,Burger King,38.753209797124605,3.0,Elst
4304,Deli,1009.748379483375,4.8,Elst
4305,Anne & Max,1050.9389047964175,4.8,Elst
4306,De Buren,1060.7939670377473,4.1,Elst
4307,King Sing,212.2733144925375,3.0,Elst
4308,Aloha,852.7449434363177,4.0,Elst
4309,Stadsstrand de Kade,620.6513341917654,5.0,Elst
4310,Alkmaars Koffiehuis,723.9196172713763,5.0,Elst
4311,Schots Restaurant Hielander,1008.5839781538273,3.8,Elst
4312,Saladebar Oogst,479.2986157354422,5.0,Elst
4313,Irish Pub Gunnery's,1101.3625315377635,5.0,Elst
4314,Mojo's,942.0027393749233,5.0,Elst
4315,Het Grand Cafeetje,935.7281656931732,4.0,Elst
4316,Horecacentrum De Studio,516.498093746401,5.0,Elst
4317,Vito,1485.8453538466451,4.3,Elst
4318,Abby's,852.017140325663,4.3,Elst
4319,Proeflokaal Bregje,525.2107427451322,2.3,Elst
4320,restaurant zegels,744.6440355872974,4.7,Elst
4321,Meat & Co,1020.6355087576528,4.3,Elst
4322,Fresh Food,93.87041630226362,0.0,Elst
4323,Petershoek Café,90.49918999393957,0.0,Elst
4324,Burgers & Zo,566.070511391871,3.5,Elst
4325,Pizzeria Ristorante La Famiglia,499.8180731679537,4.0,Elst
4326,Heeren van Sonoy,811.7969541676354,3.0,Elst
4327,Gulden Vlies,749.6198242086455,4.0,Elst
4328,La Cubanita Alkmaar,1019.1139257354848,5.0,Elst
4329,SuperThai Restaurant ,749.6106910535735,3.3,Elst
4330,Café-Bar Odeon,1117.6786219087742,4.0,Elst
4331,Grand Café Klunder,491.1964571528282,0.0,Elst
4332,1480 Food Bar,1019.4541370951409,4.0,Elst
4333,Restaurant Tapas &,1057.2459116972116,5.0,Elst
4334,Happy Italy,518.4117475871739,3.3,Elst
4335,Granada Grand Cafe & Restaurant,597.1834813755764,5.0,Elst
4336,Proeflokaal De Boom,942.184391949158,0.0,Elst
4337,Kunchai,994.5218072237367,4.5,Elst
4338,Cafe De Pilaren,1085.9413393183647,5.0,Elst
4339,Moeke,484.4824365505958,0.0,Elst
4340,De Amstelhoek,967.9020076874574,4.0,Elst
4341,Il Colosseo,738.3859911669595,5.0,Elst
4342,Rue de la Plume,789.023446360917,5.0,Elst
4343,'t Friethuys,937.8352468571736,5.0,Elst
4344,Taormina,1149.6070313784464,5.0,Elst
4345,Ristobar Italica,1083.0744620729238,2.4,Elst
4346,Le Bon,1008.7088239418918,4.0,Elst
4347,De Bonte Bengel,574.7221520255662,2.8,Elst
4348,Subway,861.8243738210845,5.0,Elst
4349,Cafe Bali,920.3244724023469,3.7,Elst
4350,De Binnenkomer,599.4072940907039,4.7,Vught
4351,Vers Eten & Drinken,77.34336015072499,4.5,Vught
4352,Daikichi,54.04131208278735,4.0,Vught
4353,Burger King,38.753209797124605,3.0,Vught
4354,Deli,1009.748379483375,4.8,Vught
4355,Anne & Max,1050.9389047964175,4.8,Vught
4356,De Buren,1060.7939670377473,4.1,Vught
4357,King Sing,212.2733144925375,3.0,Vught
4358,Aloha,852.7449434363177,4.0,Vught
4359,Stadsstrand de Kade,620.6513341917654,5.0,Vught
4360,Alkmaars Koffiehuis,723.9196172713763,5.0,Vught
4361,Schots Restaurant Hielander,1008.5839781538273,3.8,Vught
4362,Saladebar Oogst,479.2986157354422,5.0,Vught
4363,Irish Pub Gunnery's,1101.3625315377635,5.0,Vught
4364,Mojo's,942.0027393749233,5.0,Vught
4365,Het Grand Cafeetje,935.7281656931732,4.0,Vught
4366,Horecacentrum De Studio,516.498093746401,5.0,Vught
4367,Vito,1485.8453538466451,4.3,Vught
4368,Abby's,852.017140325663,4.3,Vught
4369,Proeflokaal Bregje,525.2107427451322,2.3,Vught
4370,restaurant zegels,744.6440355872974,4.7,Vught
4371,Meat & Co,1020.6355087576528,4.3,Vught
4372,Fresh Food,93.87041630226362,0.0,Vught
4373,Petershoek Café,90.49918999393957,0.0,Vught
4374,Burgers & Zo,566.070511391871,3.5,Vught
4375,Pizzeria Ristorante La Famiglia,499.8180731679537,4.0,Vught
4376,Heeren van Sonoy,811.7969541676354,3.0,Vught
4377,Gulden Vlies,749.6198242086455,4.0,Vught
4378,La Cubanita Alkmaar,1019.1139257354848,5.0,Vught
4379,SuperThai Restaurant ,749.6106910535735,3.3,Vught
4380,Café-Bar Odeon,1117.6786219087742,4.0,Vught
4381,Grand Café Klunder,491.1964571528282,0.0,Vught
4382,1480 Food Bar,1019.4541370951409,4.0,Vught
4383,Restaurant Tapas &,1057.2459116972116,5.0,Vught
4384,Happy Italy,518.4117475871739,3.3,Vught
4385,Granada Grand Cafe & Restaurant,597.1834813755764,5.0,Vught
4386,Proeflokaal De Boom,942.184391949158,0.0,Vught
4387,Kunchai,994.5218072237367,4.5,Vught
4388,Cafe De Pilaren,1085.9413393183647,5.0,Vught
4389,Moeke,484.4824365505958,0.0,Vught
4390,De Amstelhoek,967.9020076874574,4.0,Vught
4391,Il Colosseo,738.3859911669595,5.0,Vught
4392,Rue de la Plume,789.023446360917,5.0,Vught
4393,'t Friethuys,937.8352468571736,5.0,Vught
4394,Taormina,1149.6070313784464,5.0,Vught
4395,Ristobar Italica,1083.0744620729238,2.4,Vught
4396,Le Bon,1008.7088239418918,4.0,Vught
4397,De Bonte Bengel,574.7221520255662,2.8,Vught
4398,Subway,861.8243738210845,5.0,Vught
4399,Cafe Bali,920.3244724023469,3.7,Vught
4400,De Binnenkomer,599.4072940907039,4.7,Apeldoorn
4401,Vers Eten & Drinken,77.34336015072499,4.5,Apeldoorn
4402,Daikichi,54.04131208278735,4.0,Apeldoorn
4403,Burger King,38.753209797124605,3.0,Apeldoorn
4404,Deli,1009.748379483375,4.8,Apeldoorn
4405,Anne & Max,1050.9389047964175,4.8,Apeldoorn
4406,De Buren,1060.7939670377473,4.1,Apeldoorn
4407,King Sing,212.2733144925375,3.0,Apeldoorn
4408,Aloha,852.7449434363177,4.0,Apeldoorn
4409,Stadsstrand de Kade,620.6513341917654,5.0,Apeldoorn
4410,Alkmaars Koffiehuis,723.9196172713763,5.0,Apeldoorn
4411,Schots Restaurant Hielander,1008.5839781538273,3.8,Apeldoorn
4412,Saladebar Oogst,479.2986157354422,5.0,Apeldoorn
4413,Irish Pub Gunnery's,1101.3625315377635,5.0,Apeldoorn
4414,Mojo's,942.0027393749233,5.0,Apeldoorn
4415,Het Grand Cafeetje,935.7281656931732,4.0,Apeldoorn
4416,Horecacentrum De Studio,516.498093746401,5.0,Apeldoorn
4417,Vito,1485.8453538466451,4.3,Apeldoorn
4418,Abby's,852.017140325663,4.3,Apeldoorn
4419,Proeflokaal Bregje,525.2107427451322,2.3,Apeldoorn
4420,restaurant zegels,744.6440355872974,4.7,Apeldoorn
4421,Meat & Co,1020.6355087576528,4.3,Apeldoorn
4422,Fresh Food,93.87041630226362,0.0,Apeldoorn
4423,Petershoek Café,90.49918999393957,0.0,Apeldoorn
4424,Burgers & Zo,566.070511391871,3.5,Apeldoorn
4425,Pizzeria Ristorante La Famiglia,499.8180731679537,4.0,Apeldoorn
4426,Heeren van Sonoy,811.7969541676354,3.0,Apeldoorn
4427,Gulden Vlies,749.6198242086455,4.0,Apeldoorn
4428,La Cubanita Alkmaar,1019.1139257354848,5.0,Apeldoorn
4429,SuperThai Restaurant ,749.6106910535735,3.3,Apeldoorn
4430,Café-Bar Odeon,1117.6786219087742,4.0,Apeldoorn
4431,Grand Café Klunder,491.1964571528282,0.0,Apeldoorn
4432,1480 Food Bar,1019.4541370951409,4.0,Apeldoorn
4433,Restaurant Tapas &,1057.2459116972116,5.0,Apeldoorn
4434,Happy Italy,518.4117475871739,3.3,Apeldoorn
4435,Granada Grand Cafe & Restaurant,597.1834813755764,5.0,Apeldoorn
4436,Proeflokaal De Boom,942.184391949158,0.0,Apeldoorn
4437,Kunchai,994.5218072237367,4.5,Apeldoorn
4438,Cafe De Pilaren,1085.9413393183647,5.0,Apeldoorn
4439,Moeke,484.4824365505958,0.0,Apeldoorn
4440,De Amstelhoek,967.9020076874574,4.0,Apeldoorn
4441,Il Colosseo,738.3859911669595,5.0,Apeldoorn
4442,Rue de la Plume,789.023446360917,5.0,Apeldoorn
4443,'t Friethuys,937.8352468571736,5.0,Apeldoorn
4444,Taormina,1149.6070313784464,5.0,Apeldoorn
4445,Ristobar Italica,1083.0744620729238,2.4,Apeldoorn
4446,Le Bon,1008.7088239418918,4.0,Apeldoorn
4447,De Bonte Bengel,574.7221520255662,2.8,Apeldoorn
4448,Subway,861.8243738210845,5.0,Apeldoorn
4449,Cafe Bali,920.3244724023469,3.7,Apeldoorn
4450,De Binnenkomer,599.4072940907039,4.7,Utrecht Terwijde
4451,Vers Eten & Drinken,77.34336015072499,4.5,Utrecht Terwijde
4452,Daikichi,54.04131208278735,4.0,Utrecht Terwijde
4453,Burger King,38.753209797124605,3.0,Utrecht Terwijde
4454,Deli,1009.748379483375,4.8,Utrecht Terwijde
4455,Anne & Max,1050.9389047964175,4.8,Utrecht Terwijde
4456,De Buren,1060.7939670377473,4.1,Utrecht Terwijde
4457,King Sing,212.2733144925375,3.0,Utrecht Terwijde
4458,Aloha,852.7449434363177,4.0,Utrecht Terwijde
4459,Stadsstrand de Kade,620.6513341917654,5.0,Utrecht Terwijde
4460,Alkmaars Koffiehuis,723.9196172713763,5.0,Utrecht Terwijde
4461,Schots Restaurant Hielander,1008.5839781538273,3.8,Utrecht Terwijde
4462,Saladebar Oogst,479.2986157354422,5.0,Utrecht Terwijde
4463,Irish Pub Gunnery's,1101.3625315377635,5.0,Utrecht Terwijde
4464,Mojo's,942.0027393749233,5.0,Utrecht Terwijde
4465,Het Grand Cafeetje,935.7281656931732,4.0,Utrecht Terwijde
4466,Horecacentrum De Studio,516.498093746401,5.0,Utrecht Terwijde
4467,Vito,1485.8453538466451,4.3,Utrecht Terwijde
4468,Abby's,852.017140325663,4.3,Utrecht Terwijde
4469,Proeflokaal Bregje,525.2107427451322,2.3,Utrecht Terwijde
4470,restaurant zegels,744.6440355872974,4.7,Utrecht Terwijde
4471,Meat & Co,1020.6355087576528,4.3,Utrecht Terwijde
4472,Fresh Food,93.87041630226362,0.0,Utrecht Terwijde
4473,Petershoek Café,90.49918999393957,0.0,Utrecht Terwijde
4474,Burgers & Zo,566.070511391871,3.5,Utrecht Terwijde
4475,Pizzeria Ristorante La Famiglia,499.8180731679537,4.0,Utrecht Terwijde
4476,Heeren van Sonoy,811.7969541676354,3.0,Utrecht Terwijde
4477,Gulden Vlies,749.6198242086455,4.0,Utrecht Terwijde
4478,La Cubanita Alkmaar,1019.1139257354848,5.0,Utrecht Terwijde
4479,SuperThai Restaurant ,749.6106910535735,3.3,Utrecht Terwijde
4480,Café-Bar Odeon,1117.6786219087742,4.0,Utrecht Terwijde
4481,Grand Café Klunder,491.1964571528282,0.0,Utrecht Terwijde
4482,1480 Food Bar,1019.4541370951409,4.0,Utrecht Terwijde
4483,Restaurant Tapas &,1057.2459116972116,5.0,Utrecht Terwijde
4484,Happy Italy,518.4117475871739,3.3,Utrecht Terwijde
4485,Granada Grand Cafe & Restaurant,597.1834813755764,5.0,Utrecht Terwijde
4486,Proeflokaal De Boom,942.184391949158,0.0,Utrecht Terwijde
4487,Kunchai,994.5218072237367,4.5,Utrecht Terwijde
4488,Cafe De Pilaren,1085.9413393183647,5.0,Utrecht Terwijde
4489,Moeke,484.4824365505958,0.0,Utrecht Terwijde
4490,De Amstelhoek,967.9020076874574,4.0,Utrecht Terwijde
4491,Il Colosseo,738.3859911669595,5.0,Utrecht Terwijde
4492,Rue de la Plume,789.023446360917,5.0,Utrecht Terwijde
4493,'t Friethuys,937.8352468571736,5.0,Utrecht Terwijde
4494,Taormina,1149.6070313784464,5.0,Utrecht Terwijde
4495,Ristobar Italica,1083.0744620729238,2.4,Utrecht Terwijde
4496,Le Bon,1008.7088239418918,4.0,Utrecht Terwijde
4497,De Bonte Bengel,574.7221520255662,2.8,Utrecht Terwijde
4498,Subway,861.8243738210845,5.0,Utrecht Terwijde
4499,Cafe Bali,920.3244724023469,3.7,Utrecht Terwijde
4500,De Binnenkomer,599.4072940907039,4.7,Breda Belcrum
4501,Vers Eten & Drinken,77.34336015072499,4.5,Breda Belcrum
4502,Daikichi,54.04131208278735,4.0,Breda Belcrum
4503,Burger King,38.753209797124605,3.0,Breda Belcrum
4504,Deli,1009.748379483375,4.8,Breda Belcrum
4505,Anne & Max,1050.9389047964175,4.8,Breda Belcrum
4506,De Buren,1060.7939670377473,4.1,Breda Belcrum
4507,King Sing,212.2733144925375,3.0,Breda Belcrum
4508,Aloha,852.7449434363177,4.0,Breda Belcrum
4509,Stadsstrand de Kade,620.6513341917654,5.0,Breda Belcrum
4510,Alkmaars Koffiehuis,723.9196172713763,5.0,Breda Belcrum
4511,Schots Restaurant Hielander,1008.5839781538273,3.8,Breda Belcrum
4512,Saladebar Oogst,479.2986157354422,5.0,Breda Belcrum
4513,Irish Pub Gunnery's,1101.3625315377635,5.0,Breda Belcrum
4514,Mojo's,942.0027393749233,5.0,Breda Belcrum
4515,Het Grand Cafeetje,935.7281656931732,4.0,Breda Belcrum
4516,Horecacentrum De Studio,516.498093746401,5.0,Breda Belcrum
4517,Vito,1485.8453538466451,4.3,Breda Belcrum
4518,Abby's,852.017140325663,4.3,Breda Belcrum
4519,Proeflokaal Bregje,525.2107427451322,2.3,Breda Belcrum
4520,restaurant zegels,744.6440355872974,4.7,Breda Belcrum
4521,Meat & Co,1020.6355087576528,4.3,Breda Belcrum
4522,Fresh Food,93.87041630226362,0.0,Breda Belcrum
4523,Petershoek Café,90.49918999393957,0.0,Breda Belcrum
4524,Burgers & Zo,566.070511391871,3.5,Breda Belcrum
4525,Pizzeria Ristorante La Famiglia,499.8180731679537,4.0,Breda Belcrum
4526,Heeren van Sonoy,811.7969541676354,3.0,Breda Belcrum
4527,Gulden Vlies,749.6198242086455,4.0,Breda Belcrum
4528,La Cubanita Alkmaar,1019.1139257354848,5.0,Breda Belcrum
4529,SuperThai Restaurant ,749.6106910535735,3.3,Breda Belcrum
4530,Café-Bar Odeon,1117.6786219087742,4.0,Breda Belcrum
4531,Grand Café Klunder,491.1964571528282,0.0,Breda Belcrum
4532,1480 Food Bar,1019.4541370951409,4.0,Breda Belcrum
4533,Restaurant Tapas &,1057.2459116972116,5.0,Breda Belcrum
4534,Happy Italy,518.4117475871739,3.3,Breda Belcrum
4535,Granada Grand Cafe & Restaurant,597.1834813755764,5.0,Breda Belcrum
4536,Proeflokaal De Boom,942.184391949158,0.0,Breda Belcrum
4537,Kunchai,994.5218072237367,4.5,Breda Belcrum
4538,Cafe De Pilaren,1085.9413393183647,5.0,Breda Belcrum
4539,Moeke,484.4824365505958,0.0,Breda Belcrum
4540,De Amstelhoek,967.9020076874574,4.0,Breda Belcrum
4541,Il Colosseo,738.3859911669595,5.0,Breda Belcrum
4542,Rue de la Plume,789.023446360917,5.0,Breda Belcrum
4543,'t Friethuys,937.8352468571736,5.0,Breda Belcrum
4544,Taormina,1149.6070313784464,5.0,Breda Belcrum
4545,Ristobar Italica,1083.0744620729238,2.4,Breda Belcrum
4546,Le Bon,1008.7088239418918,4.0,Breda Belcrum
4547,De Bonte Bengel,574.7221520255662,2.8,Breda Belcrum
4548,Subway,861.8243738210845,5.0,Breda Belcrum
4549,Cafe Bali,920.3244724023469,3.7,Breda Belcrum
4550,De Binnenkomer,599.4072940907039,4.7,Soest Zuid
4551,Vers Eten & Drinken,77.34336015072499,4.5,Soest Zuid
4552,Daikichi,54.04131208278735,4.0,Soest Zuid
4553,Burger King,38.753209797124605,3.0,Soest Zuid
4554,Deli,1009.748379483375,4.8,Soest Zuid
4555,Anne & Max,1050.9389047964175,4.8,Soest Zuid
4556,De Buren,1060.7939670377473,4.1,Soest Zuid
4557,King Sing,212.2733144925375,3.0,Soest Zuid
4558,Aloha,852.7449434363177,4.0,Soest Zuid
4559,Stadsstrand de Kade,620.6513341917654,5.0,Soest Zuid
4560,Alkmaars Koffiehuis,723.9196172713763,5.0,Soest Zuid
4561,Schots Restaurant Hielander,1008.5839781538273,3.8,Soest Zuid
4562,Saladebar Oogst,479.2986157354422,5.0,Soest Zuid
4563,Irish Pub Gunnery's,1101.3625315377635,5.0,Soest Zuid
4564,Mojo's,942.0027393749233,5.0,Soest Zuid
4565,Het Grand Cafeetje,935.7281656931732,4.0,Soest Zuid
4566,Horecacentrum De Studio,516.498093746401,5.0,Soest Zuid
4567,Vito,1485.8453538466451,4.3,Soest Zuid
4568,Abby's,852.017140325663,4.3,Soest Zuid
4569,Proeflokaal Bregje,525.2107427451322,2.3,Soest Zuid
4570,restaurant zegels,744.6440355872974,4.7,Soest Zuid
4571,Meat & Co,1020.6355087576528,4.3,Soest Zuid
4572,Fresh Food,93.87041630226362,0.0,Soest Zuid
4573,Petershoek Café,90.49918999393957,0.0,Soest Zuid
4574,Burgers & Zo,566.070511391871,3.5,Soest Zuid
4575,Pizzeria Ristorante La Famiglia,499.8180731679537,4.0,Soest Zuid
4576,Heeren van Sonoy,811.7969541676354,3.0,Soest Zuid
4577,Gulden Vlies,749.6198242086455,4.0,Soest Zuid
4578,La Cubanita Alkmaar,1019.1139257354848,5.0,Soest Zuid
4579,SuperThai Restaurant ,749.6106910535735,3.3,Soest Zuid
4580,Café-Bar Odeon,1117.6786219087742,4.0,Soest Zuid
4581,Grand Café Klunder,491.1964571528282,0.0,Soest Zuid
4582,1480 Food Bar,1019.4541370951409,4.0,Soest Zuid
4583,Restaurant Tapas &,1057.2459116972116,5.0,Soest Zuid
4584,Happy Italy,518.4117475871739,3.3,Soest Zuid
4585,Granada Grand Cafe & Restaurant,597.1834813755764,5.0,Soest Zuid
4586,Proeflokaal De Boom,942.184391949158,0.0,Soest Zuid
4587,Kunchai,994.5218072237367,4.5,Soest Zuid
4588,Cafe De Pilaren,1085.9413393183647,5.0,Soest Zuid
4589,Moeke,484.4824365505958,0.0,Soest Zuid
4590,De Amstelhoek,967.9020076874574,4.0,Soest Zuid
4591,Il Colosseo,738.3859911669595,5.0,Soest Zuid
4592,Rue de la Plume,789.023446360917,5.0,Soest Zuid
4593,'t Friethuys,937.8352468571736,5.0,Soest Zuid
4594,Taormina,1149.6070313784464,5.0,Soest Zuid
4595,Ristobar Italica,1083.0744620729238,2.4,Soest Zuid
4596,Le Bon,1008.7088239418918,4.0,Soest Zuid
4597,De Bonte Bengel,574.7221520255662,2.8,Soest Zuid
4598,Subway,861.8243738210845,5.0,Soest Zuid
4599,Cafe Bali,920.3244724023469,3.7,Soest Zuid
4600,De Binnenkomer,599.4072940907039,4.7,Otterlo
4601,Vers Eten & Drinken,77.34336015072499,4.5,Otterlo
4602,Daikichi,54.04131208278735,4.0,Otterlo
4603,Burger King,38.753209797124605,3.0,Otterlo
4604,Deli,1009.748379483375,4.8,Otterlo
4605,Anne & Max,1050.9389047964175,4.8,Otterlo
4606,De Buren,1060.7939670377473,4.1,Otterlo
4607,King Sing,212.2733144925375,3.0,Otterlo
4608,Aloha,852.7449434363177,4.0,Otterlo
4609,Stadsstrand de Kade,620.6513341917654,5.0,Otterlo
4610,Alkmaars Koffiehuis,723.9196172713763,5.0,Otterlo
4611,Schots Restaurant Hielander,1008.5839781538273,3.8,Otterlo
4612,Saladebar Oogst,479.2986157354422,5.0,Otterlo
4613,Irish Pub Gunnery's,1101.3625315377635,5.0,Otterlo
4614,Mojo's,942.0027393749233,5.0,Otterlo
4615,Het Grand Cafeetje,935.7281656931732,4.0,Otterlo
4616,Horecacentrum De Studio,516.498093746401,5.0,Otterlo
4617,Vito,1485.8453538466451,4.3,Otterlo
4618,Abby's,852.017140325663,4.3,Otterlo
4619,Proeflokaal Bregje,525.2107427451322,2.3,Otterlo
4620,restaurant zegels,744.6440355872974,4.7,Otterlo
4621,Meat & Co,1020.6355087576528,4.3,Otterlo
4622,Fresh Food,93.87041630226362,0.0,Otterlo
4623,Petershoek Café,90.49918999393957,0.0,Otterlo
4624,Burgers & Zo,566.070511391871,3.5,Otterlo
4625,Pizzeria Ristorante La Famiglia,499.8180731679537,4.0,Otterlo
4626,Heeren van Sonoy,811.7969541676354,3.0,Otterlo
4627,Gulden Vlies,749.6198242086455,4.0,Otterlo
4628,La Cubanita Alkmaar,1019.1139257354848,5.0,Otterlo
4629,SuperThai Restaurant ,749.6106910535735,3.3,Otterlo
4630,Café-Bar Odeon,1117.6786219087742,4.0,Otterlo
4631,Grand Café Klunder,491.1964571528282,0.0,Otterlo
4632,1480 Food Bar,1019.4541370951409,4.0,Otterlo
4633,Restaurant Tapas &,1057.2459116972116,5.0,Otterlo
4634,Happy Italy,518.4117475871739,3.3,Otterlo
4635,Granada Grand Cafe & Restaurant,597.1834813755764,5.0,Otterlo
4636,Proeflokaal De Boom,942.184391949158,0.0,Otterlo
4637,Kunchai,994.5218072237367,4.5,Otterlo
4638,Cafe De Pilaren,1085.9413393183647,5.0,Otterlo
4639,Moeke,484.4824365505958,0.0,Otterlo
4640,De Amstelhoek,967.9020076874574,4.0,Otterlo
4641,Il Colosseo,738.3859911669595,5.0,Otterlo
4642,Rue de la Plume,789.023446360917,5.0,Otterlo
4643,'t Friethuys,937.8352468571736,5.0,Otterlo
4644,Taormina,1149.6070313784464,5.0,Otterlo
4645,Ristobar Italica,1083.0744620729238,2.4,Otterlo
4646,Le Bon,1008.7088239418918,4.0,Otterlo
4647,De Bonte Bengel,574.7221520255662,2.8,Otterlo
4648,Subway,861.8243738210845,5.0,Otterlo
4649,Cafe Bali,920.3244724023469,3.7,Otterlo
4650,De Binnenkomer,599.4072940907039,4.7,Amsterdam Zuid Mahlerplein
4651,Vers Eten & Drinken,77.34336015072499,4.5,Amsterdam Zuid Mahlerplein
4652,Daikichi,54.04131208278735,4.0,Amsterdam Zuid Mahlerplein
4653,Burger King,38.753209797124605,3.0,Amsterdam Zuid Mahlerplein
4654,Deli,1009.748379483375,4.8,Amsterdam Zuid Mahlerplein
4655,Anne & Max,1050.9389047964175,4.8,Amsterdam Zuid Mahlerplein
4656,De Buren,1060.7939670377473,4.1,Amsterdam Zuid Mahlerplein
4657,King Sing,212.2733144925375,3.0,Amsterdam Zuid Mahlerplein
4658,Aloha,852.7449434363177,4.0,Amsterdam Zuid Mahlerplein
4659,Stadsstrand de Kade,620.6513341917654,5.0,Amsterdam Zuid Mahlerplein
4660,Alkmaars Koffiehuis,723.9196172713763,5.0,Amsterdam Zuid Mahlerplein
4661,Schots Restaurant Hielander,1008.5839781538273,3.8,Amsterdam Zuid Mahlerplein
4662,Saladebar Oogst,479.2986157354422,5.0,Amsterdam Zuid Mahlerplein
4663,Irish Pub Gunnery's,1101.3625315377635,5.0,Amsterdam Zuid Mahlerplein
4664,Mojo's,942.0027393749233,5.0,Amsterdam Zuid Mahlerplein
4665,Het Grand Cafeetje,935.7281656931732,4.0,Amsterdam Zuid Mahlerplein
4666,Horecacentrum De Studio,516.498093746401,5.0,Amsterdam Zuid Mahlerplein
4667,Vito,1485.8453538466451,4.3,Amsterdam Zuid Mahlerplein
4668,Abby's,852.017140325663,4.3,Amsterdam Zuid Mahlerplein
4669,Proeflokaal Bregje,525.2107427451322,2.3,Amsterdam Zuid Mahlerplein
4670,restaurant zegels,744.6440355872974,4.7,Amsterdam Zuid Mahlerplein
4671,Meat & Co,1020.6355087576528,4.3,Amsterdam Zuid Mahlerplein
4672,Fresh Food,93.87041630226362,0.0,Amsterdam Zuid Mahlerplein
4673,Petershoek Café,90.49918999393957,0.0,Amsterdam Zuid Mahlerplein
4674,Burgers & Zo,566.070511391871,3.5,Amsterdam Zuid Mahlerplein
4675,Pizzeria Ristorante La Famiglia,499.8180731679537,4.0,Amsterdam Zuid Mahlerplein
4676,Heeren van Sonoy,811.7969541676354,3.0,Amsterdam Zuid Mahlerplein
4677,Gulden Vlies,749.6198242086455,4.0,Amsterdam Zuid Mahlerplein
4678,La Cubanita Alkmaar,1019.1139257354848,5.0,Amsterdam Zuid Mahlerplein
4679,SuperThai Restaurant ,749.6106910535735,3.3,Amsterdam Zuid Mahlerplein
4680,Café-Bar Odeon,1117.6786219087742,4.0,Amsterdam Zuid Mahlerplein
4681,Grand Café Klunder,491.1964571528282,0.0,Amsterdam Zuid Mahlerplein
4682,1480 Food Bar,1019.4541370951409,4.0,Amsterdam Zuid Mahlerplein
4683,Restaurant Tapas &,1057.2459116972116,5.0,Amsterdam Zuid Mahlerplein
4684,Happy Italy,518.4117475871739,3.3,Amsterdam Zuid Mahlerplein
4685,Granada Grand Cafe & Restaurant,597.1834813755764,5.0,Amsterdam Zuid Mahlerplein
4686,Proeflokaal De Boom,942.184391949158,0.0,Amsterdam Zuid Mahlerplein
4687,Kunchai,994.5218072237367,4.5,Amsterdam Zuid Mahlerplein
4688,Cafe De Pilaren,1085.9413393183647,5.0,Amsterdam Zuid Mahlerplein
4689,Moeke,484.4824365505958,0.0,Amsterdam Zuid Mahlerplein
4690,De Amstelhoek,967.9020076874574,4.0,Amsterdam Zuid Mahlerplein
4691,Il Colosseo,738.3859911669595,5.0,Amsterdam Zuid Mahlerplein
4692,Rue de la Plume,789.023446360917,5.0,Amsterdam Zuid Mahlerplein
4693,'t Friethuys,937.8352468571736,5.0,Amsterdam Zuid Mahlerplein
4694,Taormina,1149.6070313784464,5.0,Amsterdam Zuid Mahlerplein
4695,Ristobar Italica,1083.0744620729238,2.4,Amsterdam Zuid Mahlerplein
4696,Le Bon,1008.7088239418918,4.0,Amsterdam Zuid Mahlerplein
4697,De Bonte Bengel,574.7221520255662,2.8,Amsterdam Zuid Mahlerplein
4698,Subway,861.8243738210845,5.0,Amsterdam Zuid Mahlerplein
4699,Cafe Bali,920.3244724023469,3.7,Amsterdam Zuid Mahlerplein
4700,De Binnenkomer,599.4072940907039,4.7,Amsterdam Zuid Zuidplein
4701,Vers Eten & Drinken,77.34336015072499,4.5,Amsterdam Zuid Zuidplein
4702,Daikichi,54.04131208278735,4.0,Amsterdam Zuid Zuidplein
4703,Burger King,38.753209797124605,3.0,Amsterdam Zuid Zuidplein
4704,Deli,1009.748379483375,4.8,Amsterdam Zuid Zuidplein
4705,Anne & Max,1050.9389047964175,4.8,Amsterdam Zuid Zuidplein
4706,De Buren,1060.7939670377473,4.1,Amsterdam Zuid Zuidplein
4707,King Sing,212.2733144925375,3.0,Amsterdam Zuid Zuidplein
4708,Aloha,852.7449434363177,4.0,Amsterdam Zuid Zuidplein
4709,Stadsstrand de Kade,620.6513341917654,5.0,Amsterdam Zuid Zuidplein
4710,Alkmaars Koffiehuis,723.9196172713763,5.0,Amsterdam Zuid Zuidplein
4711,Schots Restaurant Hielander,1008.5839781538273,3.8,Amsterdam Zuid Zuidplein
4712,Saladebar Oogst,479.2986157354422,5.0,Amsterdam Zuid Zuidplein
4713,Irish Pub Gunnery's,1101.3625315377635,5.0,Amsterdam Zuid Zuidplein
4714,Mojo's,942.0027393749233,5.0,Amsterdam Zuid Zuidplein
4715,Het Grand Cafeetje,935.7281656931732,4.0,Amsterdam Zuid Zuidplein
4716,Horecacentrum De Studio,516.498093746401,5.0,Amsterdam Zuid Zuidplein
4717,Vito,1485.8453538466451,4.3,Amsterdam Zuid Zuidplein
4718,Abby's,852.017140325663,4.3,Amsterdam Zuid Zuidplein
4719,Proeflokaal Bregje,525.2107427451322,2.3,Amsterdam Zuid Zuidplein
4720,restaurant zegels,744.6440355872974,4.7,Amsterdam Zuid Zuidplein
4721,Meat & Co,1020.6355087576528,4.3,Amsterdam Zuid Zuidplein
4722,Fresh Food,93.87041630226362,0.0,Amsterdam Zuid Zuidplein
4723,Petershoek Café,90.49918999393957,0.0,Amsterdam Zuid Zuidplein
4724,Burgers & Zo,566.070511391871,3.5,Amsterdam Zuid Zuidplein
4725,Pizzeria Ristorante La Famiglia,499.8180731679537,4.0,Amsterdam Zuid Zuidplein
4726,Heeren van Sonoy,811.7969541676354,3.0,Amsterdam Zuid Zuidplein
4727,Gulden Vlies,749.6198242086455,4.0,Amsterdam Zuid Zuidplein
4728,La Cubanita Alkmaar,1019.1139257354848,5.0,Amsterdam Zuid Zuidplein
4729,SuperThai Restaurant ,749.6106910535735,3.3,Amsterdam Zuid Zuidplein
4730,Café-Bar Odeon,1117.6786219087742,4.0,Amsterdam Zuid Zuidplein
4731,Grand Café Klunder,491.1964571528282,0.0,Amsterdam Zuid Zuidplein
4732,1480 Food Bar,1019.4541370951409,4.0,Amsterdam Zuid Zuidplein
4733,Restaurant Tapas &,1057.2459116972116,5.0,Amsterdam Zuid Zuidplein
4734,Happy Italy,518.4117475871739,3.3,Amsterdam Zuid Zuidplein
4735,Granada Grand Cafe & Restaurant,597.1834813755764,5.0,Amsterdam Zuid Zuidplein
4736,Proeflokaal De Boom,942.184391949158,0.0,Amsterdam Zuid Zuidplein
4737,Kunchai,994.5218072237367,4.5,Amsterdam Zuid Zuidplein
4738,Cafe De Pilaren,1085.9413393183647,5.0,Amsterdam Zuid Zuidplein
4739,Moeke,484.4824365505958,0.0,Amsterdam Zuid Zuidplein
4740,De Amstelhoek,967.9020076874574,4.0,Amsterdam Zuid Zuidplein
4741,Il Colosseo,738.3859911669595,5.0,Amsterdam Zuid Zuidplein
4742,Rue de la Plume,789.023446360917,5.0,Amsterdam Zuid Zuidplein
4743,'t Friethuys,937.8352468571736,5.0,Amsterdam Zuid Zuidplein
4744,Taormina,1149.6070313784464,5.0,Amsterdam Zuid Zuidplein
4745,Ristobar Italica,1083.0744620729238,2.4,Amsterdam Zuid Zuidplein
4746,Le Bon,1008.7088239418918,4.0,Amsterdam Zuid Zuidplein
4747,De Bonte Bengel,574.7221520255662,2.8,Amsterdam Zuid Zuidplein
4748,Subway,861.8243738210845,5.0,Amsterdam Zuid Zuidplein
4749,Cafe Bali,920.3244724023469,3.7,Amsterdam Zuid Zuidplein
4750,De Binnenkomer,599.4072940907039,4.7,Heemskerk
4751,Vers Eten & Drinken,77.34336015072499,4.5,Heemskerk
4752,Daikichi,54.04131208278735,4.0,Heemskerk
4753,Burger King,38.753209797124605,3.0,Heemskerk
4754,Deli,1009.748379483375,4.8,Heemskerk
4755,Anne & Max,1050.9389047964175,4.8,Heemskerk
4756,De Buren,1060.7939670377473,4.1,Heemskerk
4757,King Sing,212.2733144925375,3.0,Heemskerk
4758,Aloha,852.7449434363177,4.0,Heemskerk
4759,Stadsstrand de Kade,620.6513341917654,5.0,Heemskerk
4760,Alkmaars Koffiehuis,723.9196172713763,5.0,Heemskerk
4761,Schots Restaurant Hielander,1008.5839781538273,3.8,Heemskerk
4762,Saladebar Oogst,479.2986157354422,5.0,Heemskerk
4763,Irish Pub Gunnery's,1101.3625315377635,5.0,Heemskerk
4764,Mojo's,942.0027393749233,5.0,Heemskerk
4765,Het Grand Cafeetje,935.7281656931732,4.0,Heemskerk
4766,Horecacentrum De Studio,516.498093746401,5.0,Heemskerk
4767,Vito,1485.8453538466451,4.3,Heemskerk
4768,Abby's,852.017140325663,4.3,Heemskerk
4769,Proeflokaal Bregje,525.2107427451322,2.3,Heemskerk
4770,restaurant zegels,744.6440355872974,4.7,Heemskerk
4771,Meat & Co,1020.6355087576528,4.3,Heemskerk
4772,Fresh Food,93.87041630226362,0.0,Heemskerk
4773,Petershoek Café,90.49918999393957,0.0,Heemskerk
4774,Burgers & Zo,566.070511391871,3.5,Heemskerk
4775,Pizzeria Ristorante La Famiglia,499.8180731679537,4.0,Heemskerk
4776,Heeren van Sonoy,811.7969541676354,3.0,Heemskerk
4777,Gulden Vlies,749.6198242086455,4.0,Heemskerk
4778,La Cubanita Alkmaar,1019.1139257354848,5.0,Heemskerk
4779,SuperThai Restaurant ,749.6106910535735,3.3,Heemskerk
4780,Café-Bar Odeon,1117.6786219087742,4.0,Heemskerk
4781,Grand Café Klunder,491.1964571528282,0.0,Heemskerk
4782,1480 Food Bar,1019.4541370951409,4.0,Heemskerk
4783,Restaurant Tapas &,1057.2459116972116,5.0,Heemskerk
4784,Happy Italy,518.4117475871739,3.3,Heemskerk
4785,Granada Grand Cafe & Restaurant,597.1834813755764,5.0,Heemskerk
4786,Proeflokaal De Boom,942.184391949158,0.0,Heemskerk
4787,Kunchai,994.5218072237367,4.5,Heemskerk
4788,Cafe De Pilaren,1085.9413393183647,5.0,Heemskerk
4789,Moeke,484.4824365505958,0.0,Heemskerk
4790,De Amstelhoek,967.9020076874574,4.0,Heemskerk
4791,Il Colosseo,738.3859911669595,5.0,Heemskerk
4792,Rue de la Plume,789.023446360917,5.0,Heemskerk
4793,'t Friethuys,937.8352468571736,5.0,Heemskerk
4794,Taormina,1149.6070313784464,5.0,Heemskerk
4795,Ristobar Italica,1083.0744620729238,2.4,Heemskerk
4796,Le Bon,1008.7088239418918,4.0,Heemskerk
4797,De Bonte Bengel,574.7221520255662,2.8,Heemskerk
4798,Subway,861.8243738210845,5.0,Heemskerk
4799,Cafe Bali,920.3244724023469,3.7,Heemskerk
4800,De Binnenkomer,599.4072940907039,4.7,Soestdijk
4801,Vers Eten & Drinken,77.34336015072499,4.5,Soestdijk
4802,Daikichi,54.04131208278735,4.0,Soestdijk
4803,Burger King,38.753209797124605,3.0,Soestdijk
4804,Deli,1009.748379483375,4.8,Soestdijk
4805,Anne & Max,1050.9389047964175,4.8,Soestdijk
4806,De Buren,1060.7939670377473,4.1,Soestdijk
4807,King Sing,212.2733144925375,3.0,Soestdijk
4808,Aloha,852.7449434363177,4.0,Soestdijk
4809,Stadsstrand de Kade,620.6513341917654,5.0,Soestdijk
4810,Alkmaars Koffiehuis,723.9196172713763,5.0,Soestdijk
4811,Schots Restaurant Hielander,1008.5839781538273,3.8,Soestdijk
4812,Saladebar Oogst,479.2986157354422,5.0,Soestdijk
4813,Irish Pub Gunnery's,1101.3625315377635,5.0,Soestdijk
4814,Mojo's,942.0027393749233,5.0,Soestdijk
4815,Het Grand Cafeetje,935.7281656931732,4.0,Soestdijk
4816,Horecacentrum De Studio,516.498093746401,5.0,Soestdijk
4817,Vito,1485.8453538466451,4.3,Soestdijk
4818,Abby's,852.017140325663,4.3,Soestdijk
4819,Proeflokaal Bregje,525.2107427451322,2.3,Soestdijk
4820,restaurant zegels,744.6440355872974,4.7,Soestdijk
4821,Meat & Co,1020.6355087576528,4.3,Soestdijk
4822,Fresh Food,93.87041630226362,0.0,Soestdijk
4823,Petershoek Café,90.49918999393957,0.0,Soestdijk
4824,Burgers & Zo,566.070511391871,3.5,Soestdijk
4825,Pizzeria Ristorante La Famiglia,499.8180731679537,4.0,Soestdijk
4826,Heeren van Sonoy,811.7969541676354,3.0,Soestdijk
4827,Gulden Vlies,749.6198242086455,4.0,Soestdijk
4828,La Cubanita Alkmaar,1019.1139257354848,5.0,Soestdijk
4829,SuperThai Restaurant ,749.6106910535735,3.3,Soestdijk
4830,Café-Bar Odeon,1117.6786219087742,4.0,Soestdijk
4831,Grand Café Klunder,491.1964571528282,0.0,Soestdijk
4832,1480 Food Bar,1019.4541370951409,4.0,Soestdijk
4833,Restaurant Tapas &,1057.2459116972116,5.0,Soestdijk
4834,Happy Italy,518.4117475871739,3.3,Soestdijk
4835,Granada Grand Cafe & Restaurant,597.1834813755764,5.0,Soestdijk
4836,Proeflokaal De Boom,942.184391949158,0.0,Soestdijk
4837,Kunchai,994.5218072237367,4.5,Soestdijk
4838,Cafe De Pilaren,1085.9413393183647,5.0,Soestdijk
4839,Moeke,484.4824365505958,0.0,Soestdijk
4840,De Amstelhoek,967.9020076874574,4.0,Soestdijk
4841,Il Colosseo,738.3859911669595,5.0,Soestdijk
4842,Rue de la Plume,789.023446360917,5.0,Soestdijk
4843,'t Friethuys,937.8352468571736,5.0,Soestdijk
4844,Taormina,1149.6070313784464,5.0,Soestdijk
4845,Ristobar Italica,1083.0744620729238,2.4,Soestdijk
4846,Le Bon,1008.7088239418918,4.0,Soestdijk
4847,De Bonte Bengel,574.7221520255662,2.8,Soestdijk
4848,Subway,861.8243738210845,5.0,Soestdijk
4849,Cafe Bali,920.3244724023469,3.7,Soestdijk
4850,De Binnenkomer,599.4072940907039,4.7,Leiden de Vink
4851,Vers Eten & Drinken,77.34336015072499,4.5,Leiden de Vink
4852,Daikichi,54.04131208278735,4.0,Leiden de Vink
4853,Burger King,38.753209797124605,3.0,Leiden de Vink
4854,Deli,1009.748379483375,4.8,Leiden de Vink
4855,Anne & Max,1050.9389047964175,4.8,Leiden de Vink
4856,De Buren,1060.7939670377473,4.1,Leiden de Vink
4857,King Sing,212.2733144925375,3.0,Leiden de Vink
4858,Aloha,852.7449434363177,4.0,Leiden de Vink
4859,Stadsstrand de Kade,620.6513341917654,5.0,Leiden de Vink
4860,Alkmaars Koffiehuis,723.9196172713763,5.0,Leiden de Vink
4861,Schots Restaurant Hielander,1008.5839781538273,3.8,Leiden de Vink
4862,Saladebar Oogst,479.2986157354422,5.0,Leiden de Vink
4863,Irish Pub Gunnery's,1101.3625315377635,5.0,Leiden de Vink
4864,Mojo's,942.0027393749233,5.0,Leiden de Vink
4865,Het Grand Cafeetje,935.7281656931732,4.0,Leiden de Vink
4866,Horecacentrum De Studio,516.498093746401,5.0,Leiden de Vink
4867,Vito,1485.8453538466451,4.3,Leiden de Vink
4868,Abby's,852.017140325663,4.3,Leiden de Vink
4869,Proeflokaal Bregje,525.2107427451322,2.3,Leiden de Vink
4870,restaurant zegels,744.6440355872974,4.7,Leiden de Vink
4871,Meat & Co,1020.6355087576528,4.3,Leiden de Vink
4872,Fresh Food,93.87041630226362,0.0,Leiden de Vink
4873,Petershoek Café,90.49918999393957,0.0,Leiden de Vink
4874,Burgers & Zo,566.070511391871,3.5,Leiden de Vink
4875,Pizzeria Ristorante La Famiglia,499.8180731679537,4.0,Leiden de Vink
4876,Heeren van Sonoy,811.7969541676354,3.0,Leiden de Vink
4877,Gulden Vlies,749.6198242086455,4.0,Leiden de Vink
4878,La Cubanita Alkmaar,1019.1139257354848,5.0,Leiden de Vink
4879,SuperThai Restaurant ,749.6106910535735,3.3,Leiden de Vink
4880,Café-Bar Odeon,1117.6786219087742,4.0,Leiden de Vink
4881,Grand Café Klunder,491.1964571528282,0.0,Leiden de Vink
4882,1480 Food Bar,1019.4541370951409,4.0,Leiden de Vink
4883,Restaurant Tapas &,1057.2459116972116,5.0,Leiden de Vink
4884,Happy Italy,518.4117475871739,3.3,Leiden de Vink
4885,Granada Grand Cafe & Restaurant,597.1834813755764,5.0,Leiden de Vink
4886,Proeflokaal De Boom,942.184391949158,0.0,Leiden de Vink
4887,Kunchai,994.5218072237367,4.5,Leiden de Vink
4888,Cafe De Pilaren,1085.9413393183647,5.0,Leiden de Vink
4889,Moeke,484.4824365505958,0.0,Leiden de Vink
4890,De Amstelhoek,967.9020076874574,4.0,Leiden de Vink
4891,Il Colosseo,738.3859911669595,5.0,Leiden de Vink
4892,Rue de la Plume,789.023446360917,5.0,Leiden de Vink
4893,'t Friethuys,937.8352468571736,5.0,Leiden de Vink
4894,Taormina,1149.6070313784464,5.0,Leiden de Vink
4895,Ristobar Italica,1083.0744620729238,2.4,Leiden de Vink
4896,Le Bon,1008.7088239418918,4.0,Leiden de Vink
4897,De Bonte Bengel,574.7221520255662,2.8,Leiden de Vink
4898,Subway,861.8243738210845,5.0,Leiden de Vink
4899,Cafe Bali,920.3244724023469,3.7,Leiden de Vink
4900,De Binnenkomer,599.4072940907039,4.7,Rotterdam Blaak
4901,Vers Eten & Drinken,77.34336015072499,4.5,Rotterdam Blaak
4902,Daikichi,54.04131208278735,4.0,Rotterdam Blaak
4903,Burger King,38.753209797124605,3.0,Rotterdam Blaak
4904,Deli,1009.748379483375,4.8,Rotterdam Blaak
4905,Anne & Max,1050.9389047964175,4.8,Rotterdam Blaak
4906,De Buren,1060.7939670377473,4.1,Rotterdam Blaak
4907,King Sing,212.2733144925375,3.0,Rotterdam Blaak
4908,Aloha,852.7449434363177,4.0,Rotterdam Blaak
4909,Stadsstrand de Kade,620.6513341917654,5.0,Rotterdam Blaak
4910,Alkmaars Koffiehuis,723.9196172713763,5.0,Rotterdam Blaak
4911,Schots Restaurant Hielander,1008.5839781538273,3.8,Rotterdam Blaak
4912,Saladebar Oogst,479.2986157354422,5.0,Rotterdam Blaak
4913,Irish Pub Gunnery's,1101.3625315377635,5.0,Rotterdam Blaak
4914,Mojo's,942.0027393749233,5.0,Rotterdam Blaak
4915,Het Grand Cafeetje,935.7281656931732,4.0,Rotterdam Blaak
4916,Horecacentrum De Studio,516.498093746401,5.0,Rotterdam Blaak
4917,Vito,1485.8453538466451,4.3,Rotterdam Blaak
4918,Abby's,852.017140325663,4.3,Rotterdam Blaak
4919,Proeflokaal Bregje,525.2107427451322,2.3,Rotterdam Blaak
4920,restaurant zegels,744.6440355872974,4.7,Rotterdam Blaak
4921,Meat & Co,1020.6355087576528,4.3,Rotterdam Blaak
4922,Fresh Food,93.87041630226362,0.0,Rotterdam Blaak
4923,Petershoek Café,90.49918999393957,0.0,Rotterdam Blaak
4924,Burgers & Zo,566.070511391871,3.5,Rotterdam Blaak
4925,Pizzeria Ristorante La Famiglia,499.8180731679537,4.0,Rotterdam Blaak
4926,Heeren van Sonoy,811.7969541676354,3.0,Rotterdam Blaak
4927,Gulden Vlies,749.6198242086455,4.0,Rotterdam Blaak
4928,La Cubanita Alkmaar,1019.1139257354848,5.0,Rotterdam Blaak
4929,SuperThai Restaurant ,749.6106910535735,3.3,Rotterdam Blaak
4930,Café-Bar Odeon,1117.6786219087742,4.0,Rotterdam Blaak
4931,Grand Café Klunder,491.1964571528282,0.0,Rotterdam Blaak
4932,1480 Food Bar,1019.4541370951409,4.0,Rotterdam Blaak
4933,Restaurant Tapas &,1057.2459116972116,5.0,Rotterdam Blaak
4934,Happy Italy,518.4117475871739,3.3,Rotterdam Blaak
4935,Granada Grand Cafe & Restaurant,597.1834813755764,5.0,Rotterdam Blaak
4936,Proeflokaal De Boom,942.184391949158,0.0,Rotterdam Blaak
4937,Kunchai,994.5218072237367,4.5,Rotterdam Blaak
4938,Cafe De Pilaren,1085.9413393183647,5.0,Rotterdam Blaak
4939,Moeke,484.4824365505958,0.0,Rotterdam Blaak
4940,De Amstelhoek,967.9020076874574,4.0,Rotterdam Blaak
4941,Il Colosseo,738.3859911669595,5.0,Rotterdam Blaak
4942,Rue de la Plume,789.023446360917,5.0,Rotterdam Blaak
4943,'t Friethuys,937.8352468571736,5.0,Rotterdam Blaak
4944,Taormina,1149.6070313784464,5.0,Rotterdam Blaak
4945,Ristobar Italica,1083.0744620729238,2.4,Rotterdam Blaak
4946,Le Bon,1008.7088239418918,4.0,Rotterdam Blaak
4947,De Bonte Bengel,574.7221520255662,2.8,Rotterdam Blaak
4948,Subway,861.8243738210845,5.0,Rotterdam Blaak
4949,Cafe Bali,920.3244724023469,3.7,Rotterdam Blaak
4950,De Binnenkomer,599.4072940907039,4.7,Nijmegen
4951,Vers Eten & Drinken,77.34336015072499,4.5,Nijmegen
4952,Daikichi,54.04131208278735,4.0,Nijmegen
4953,Burger King,38.753209797124605,3.0,Nijmegen
4954,Deli,1009.748379483375,4.8,Nijmegen
4955,Anne & Max,1050.9389047964175,4.8,Nijmegen
4956,De Buren,1060.7939670377473,4.1,Nijmegen
4957,King Sing,212.2733144925375,3.0,Nijmegen
4958,Aloha,852.7449434363177,4.0,Nijmegen
4959,Stadsstrand de Kade,620.6513341917654,5.0,Nijmegen
4960,Alkmaars Koffiehuis,723.9196172713763,5.0,Nijmegen
4961,Schots Restaurant Hielander,1008.5839781538273,3.8,Nijmegen
4962,Saladebar Oogst,479.2986157354422,5.0,Nijmegen
4963,Irish Pub Gunnery's,1101.3625315377635,5.0,Nijmegen
4964,Mojo's,942.0027393749233,5.0,Nijmegen
4965,Het Grand Cafeetje,935.7281656931732,4.0,Nijmegen
4966,Horecacentrum De Studio,516.498093746401,5.0,Nijmegen
4967,Vito,1485.8453538466451,4.3,Nijmegen
4968,Abby's,852.017140325663,4.3,Nijmegen
4969,Proeflokaal Bregje,525.2107427451322,2.3,Nijmegen
4970,restaurant zegels,744.6440355872974,4.7,Nijmegen
4971,Meat & Co,1020.6355087576528,4.3,Nijmegen
4972,Fresh Food,93.87041630226362,0.0,Nijmegen
4973,Petershoek Café,90.49918999393957,0.0,Nijmegen
4974,Burgers & Zo,566.070511391871,3.5,Nijmegen
4975,Pizzeria Ristorante La Famiglia,499.8180731679537,4.0,Nijmegen
4976,Heeren van Sonoy,811.7969541676354,3.0,Nijmegen
4977,Gulden Vlies,749.6198242086455,4.0,Nijmegen
4978,La Cubanita Alkmaar,1019.1139257354848,5.0,Nijmegen
4979,SuperThai Restaurant ,749.6106910535735,3.3,Nijmegen
4980,Café-Bar Odeon,1117.6786219087742,4.0,Nijmegen
4981,Grand Café Klunder,491.1964571528282,0.0,Nijmegen
4982,1480 Food Bar,1019.4541370951409,4.0,Nijmegen
4983,Restaurant Tapas &,1057.2459116972116,5.0,Nijmegen
4984,Happy Italy,518.4117475871739,3.3,Nijmegen
4985,Granada Grand Cafe & Restaurant,597.1834813755764,5.0,Nijmegen
4986,Proeflokaal De Boom,942.184391949158,0.0,Nijmegen
4987,Kunchai,994.5218072237367,4.5,Nijmegen
4988,Cafe De Pilaren,1085.9413393183647,5.0,Nijmegen
4989,Moeke,484.4824365505958,0.0,Nijmegen
4990,De Amstelhoek,967.9020076874574,4.0,Nijmegen
4991,Il Colosseo,738.3859911669595,5.0,Nijmegen
4992,Rue de la Plume,789.023446360917,5.0,Nijmegen
4993,'t Friethuys,937.8352468571736,5.0,Nijmegen
4994,Taormina,1149.6070313784464,5.0,Nijmegen
4995,Ristobar Italica,1083.0744620729238,2.4,Nijmegen
4996,Le Bon,1008.7088239418918,4.0,Nijmegen
4997,De Bonte Bengel,574.7221520255662,2.8,Nijmegen
4998,Subway,861.8243738210845,5.0,Nijmegen
4999,Cafe Bali,920.3244724023469,3.7,Nijmegen
5000,De Binnenkomer,599.4072940907039,4.7,Best
5001,Vers Eten & Drinken,77.34336015072499,4.5,Best
5002,Daikichi,54.04131208278735,4.0,Best
5003,Burger King,38.753209797124605,3.0,Best
5004,Deli,1009.748379483375,4.8,Best
5005,Anne & Max,1050.9389047964175,4.8,Best
5006,De Buren,1060.7939670377473,4.1,Best
5007,King Sing,212.2733144925375,3.0,Best
5008,Aloha,852.7449434363177,4.0,Best
5009,Stadsstrand de Kade,620.6513341917654,5.0,Best
5010,Alkmaars Koffiehuis,723.9196172713763,5.0,Best
5011,Schots Restaurant Hielander,1008.5839781538273,3.8,Best
5012,Saladebar Oogst,479.2986157354422,5.0,Best
5013,Irish Pub Gunnery's,1101.3625315377635,5.0,Best
5014,Mojo's,942.0027393749233,5.0,Best
5015,Het Grand Cafeetje,935.7281656931732,4.0,Best
5016,Horecacentrum De Studio,516.498093746401,5.0,Best
5017,Vito,1485.8453538466451,4.3,Best
5018,Abby's,852.017140325663,4.3,Best
5019,Proeflokaal Bregje,525.2107427451322,2.3,Best
5020,restaurant zegels,744.6440355872974,4.7,Best
5021,Meat & Co,1020.6355087576528,4.3,Best
5022,Fresh Food,93.87041630226362,0.0,Best
5023,Petershoek Café,90.49918999393957,0.0,Best
5024,Burgers & Zo,566.070511391871,3.5,Best
5025,Pizzeria Ristorante La Famiglia,499.8180731679537,4.0,Best
5026,Heeren van Sonoy,811.7969541676354,3.0,Best
5027,Gulden Vlies,749.6198242086455,4.0,Best
5028,La Cubanita Alkmaar,1019.1139257354848,5.0,Best
5029,SuperThai Restaurant ,749.6106910535735,3.3,Best
5030,Café-Bar Odeon,1117.6786219087742,4.0,Best
5031,Grand Café Klunder,491.1964571528282,0.0,Best
5032,1480 Food Bar,1019.4541370951409,4.0,Best
5033,Restaurant Tapas &,1057.2459116972116,5.0,Best
5034,Happy Italy,518.4117475871739,3.3,Best
5035,Granada Grand Cafe & Restaurant,597.1834813755764,5.0,Best
5036,Proeflokaal De Boom,942.184391949158,0.0,Best
5037,Kunchai,994.5218072237367,4.5,Best
5038,Cafe De Pilaren,1085.9413393183647,5.0,Best
5039,Moeke,484.4824365505958,0.0,Best
5040,De Amstelhoek,967.9020076874574,4.0,Best
5041,Il Colosseo,738.3859911669595,5.0,Best
5042,Rue de la Plume,789.023446360917,5.0,Best
5043,'t Friethuys,937.8352468571736,5.0,Best
5044,Taormina,1149.6070313784464,5.0,Best
5045,Ristobar Italica,1083.0744620729238,2.4,Best
5046,Le Bon,1008.7088239418918,4.0,Best
5047,De Bonte Bengel,574.7221520255662,2.8,Best
5048,Subway,861.8243738210845,5.0,Best
5049,Cafe Bali,920.3244724023469,3.7,Best
5050,De Binnenkomer,599.4072940907039,4.7,Bilthoven
5051,Vers Eten & Drinken,77.34336015072499,4.5,Bilthoven
5052,Daikichi,54.04131208278735,4.0,Bilthoven
5053,Burger King,38.753209797124605,3.0,Bilthoven
5054,Deli,1009.748379483375,4.8,Bilthoven
5055,Anne & Max,1050.9389047964175,4.8,Bilthoven
5056,De Buren,1060.7939670377473,4.1,Bilthoven
5057,King Sing,212.2733144925375,3.0,Bilthoven
5058,Aloha,852.7449434363177,4.0,Bilthoven
5059,Stadsstrand de Kade,620.6513341917654,5.0,Bilthoven
5060,Alkmaars Koffiehuis,723.9196172713763,5.0,Bilthoven
5061,Schots Restaurant Hielander,1008.5839781538273,3.8,Bilthoven
5062,Saladebar Oogst,479.2986157354422,5.0,Bilthoven
5063,Irish Pub Gunnery's,1101.3625315377635,5.0,Bilthoven
5064,Mojo's,942.0027393749233,5.0,Bilthoven
5065,Het Grand Cafeetje,935.7281656931732,4.0,Bilthoven
5066,Horecacentrum De Studio,516.498093746401,5.0,Bilthoven
5067,Vito,1485.8453538466451,4.3,Bilthoven
5068,Abby's,852.017140325663,4.3,Bilthoven
5069,Proeflokaal Bregje,525.2107427451322,2.3,Bilthoven
5070,restaurant zegels,744.6440355872974,4.7,Bilthoven
5071,Meat & Co,1020.6355087576528,4.3,Bilthoven
5072,Fresh Food,93.87041630226362,0.0,Bilthoven
5073,Petershoek Café,90.49918999393957,0.0,Bilthoven
5074,Burgers & Zo,566.070511391871,3.5,Bilthoven
5075,Pizzeria Ristorante La Famiglia,499.8180731679537,4.0,Bilthoven
5076,Heeren van Sonoy,811.7969541676354,3.0,Bilthoven
5077,Gulden Vlies,749.6198242086455,4.0,Bilthoven
5078,La Cubanita Alkmaar,1019.1139257354848,5.0,Bilthoven
5079,SuperThai Restaurant ,749.6106910535735,3.3,Bilthoven
5080,Café-Bar Odeon,1117.6786219087742,4.0,Bilthoven
5081,Grand Café Klunder,491.1964571528282,0.0,Bilthoven
5082,1480 Food Bar,1019.4541370951409,4.0,Bilthoven
5083,Restaurant Tapas &,1057.2459116972116,5.0,Bilthoven
5084,Happy Italy,518.4117475871739,3.3,Bilthoven
5085,Granada Grand Cafe & Restaurant,597.1834813755764,5.0,Bilthoven
5086,Proeflokaal De Boom,942.184391949158,0.0,Bilthoven
5087,Kunchai,994.5218072237367,4.5,Bilthoven
5088,Cafe De Pilaren,1085.9413393183647,5.0,Bilthoven
5089,Moeke,484.4824365505958,0.0,Bilthoven
5090,De Amstelhoek,967.9020076874574,4.0,Bilthoven
5091,Il Colosseo,738.3859911669595,5.0,Bilthoven
5092,Rue de la Plume,789.023446360917,5.0,Bilthoven
5093,'t Friethuys,937.8352468571736,5.0,Bilthoven
5094,Taormina,1149.6070313784464,5.0,Bilthoven
5095,Ristobar Italica,1083.0744620729238,2.4,Bilthoven
5096,Le Bon,1008.7088239418918,4.0,Bilthoven
5097,De Bonte Bengel,574.7221520255662,2.8,Bilthoven
5098,Subway,861.8243738210845,5.0,Bilthoven
5099,Cafe Bali,920.3244724023469,3.7,Bilthoven
5100,De Binnenkomer,599.4072940907039,4.7,Hoorn
5101,Vers Eten & Drinken,77.34336015072499,4.5,Hoorn
5102,Daikichi,54.04131208278735,4.0,Hoorn
5103,Burger King,38.753209797124605,3.0,Hoorn
5104,Deli,1009.748379483375,4.8,Hoorn
5105,Anne & Max,1050.9389047964175,4.8,Hoorn
5106,De Buren,1060.7939670377473,4.1,Hoorn
5107,King Sing,212.2733144925375,3.0,Hoorn
5108,Aloha,852.7449434363177,4.0,Hoorn
5109,Stadsstrand de Kade,620.6513341917654,5.0,Hoorn
5110,Alkmaars Koffiehuis,723.9196172713763,5.0,Hoorn
5111,Schots Restaurant Hielander,1008.5839781538273,3.8,Hoorn
5112,Saladebar Oogst,479.2986157354422,5.0,Hoorn
5113,Irish Pub Gunnery's,1101.3625315377635,5.0,Hoorn
5114,Mojo's,942.0027393749233,5.0,Hoorn
5115,Het Grand Cafeetje,935.7281656931732,4.0,Hoorn
5116,Horecacentrum De Studio,516.498093746401,5.0,Hoorn
5117,Vito,1485.8453538466451,4.3,Hoorn
5118,Abby's,852.017140325663,4.3,Hoorn
5119,Proeflokaal Bregje,525.2107427451322,2.3,Hoorn
5120,restaurant zegels,744.6440355872974,4.7,Hoorn
5121,Meat & Co,1020.6355087576528,4.3,Hoorn
5122,Fresh Food,93.87041630226362,0.0,Hoorn
5123,Petershoek Café,90.49918999393957,0.0,Hoorn
5124,Burgers & Zo,566.070511391871,3.5,Hoorn
5125,Pizzeria Ristorante La Famiglia,499.8180731679537,4.0,Hoorn
5126,Heeren van Sonoy,811.7969541676354,3.0,Hoorn
5127,Gulden Vlies,749.6198242086455,4.0,Hoorn
5128,La Cubanita Alkmaar,1019.1139257354848,5.0,Hoorn
5129,SuperThai Restaurant ,749.6106910535735,3.3,Hoorn
5130,Café-Bar Odeon,1117.6786219087742,4.0,Hoorn
5131,Grand Café Klunder,491.1964571528282,0.0,Hoorn
5132,1480 Food Bar,1019.4541370951409,4.0,Hoorn
5133,Restaurant Tapas &,1057.2459116972116,5.0,Hoorn
5134,Happy Italy,518.4117475871739,3.3,Hoorn
5135,Granada Grand Cafe & Restaurant,597.1834813755764,5.0,Hoorn
5136,Proeflokaal De Boom,942.184391949158,0.0,Hoorn
5137,Kunchai,994.5218072237367,4.5,Hoorn
5138,Cafe De Pilaren,1085.9413393183647,5.0,Hoorn
5139,Moeke,484.4824365505958,0.0,Hoorn
5140,De Amstelhoek,967.9020076874574,4.0,Hoorn
5141,Il Colosseo,738.3859911669595,5.0,Hoorn
5142,Rue de la Plume,789.023446360917,5.0,Hoorn
5143,'t Friethuys,937.8352468571736,5.0,Hoorn
5144,Taormina,1149.6070313784464,5.0,Hoorn
5145,Ristobar Italica,1083.0744620729238,2.4,Hoorn
5146,Le Bon,1008.7088239418918,4.0,Hoorn
5147,De Bonte Bengel,574.7221520255662,2.8,Hoorn
5148,Subway,861.8243738210845,5.0,Hoorn
5149,Cafe Bali,920.3244724023469,3.7,Hoorn
5150,De Binnenkomer,599.4072940907039,4.7,Amsterdam RAI
5151,Vers Eten & Drinken,77.34336015072499,4.5,Amsterdam RAI
5152,Daikichi,54.04131208278735,4.0,Amsterdam RAI
5153,Burger King,38.753209797124605,3.0,Amsterdam RAI
5154,Deli,1009.748379483375,4.8,Amsterdam RAI
5155,Anne & Max,1050.9389047964175,4.8,Amsterdam RAI
5156,De Buren,1060.7939670377473,4.1,Amsterdam RAI
5157,King Sing,212.2733144925375,3.0,Amsterdam RAI
5158,Aloha,852.7449434363177,4.0,Amsterdam RAI
5159,Stadsstrand de Kade,620.6513341917654,5.0,Amsterdam RAI
5160,Alkmaars Koffiehuis,723.9196172713763,5.0,Amsterdam RAI
5161,Schots Restaurant Hielander,1008.5839781538273,3.8,Amsterdam RAI
5162,Saladebar Oogst,479.2986157354422,5.0,Amsterdam RAI
5163,Irish Pub Gunnery's,1101.3625315377635,5.0,Amsterdam RAI
5164,Mojo's,942.0027393749233,5.0,Amsterdam RAI
5165,Het Grand Cafeetje,935.7281656931732,4.0,Amsterdam RAI
5166,Horecacentrum De Studio,516.498093746401,5.0,Amsterdam RAI
5167,Vito,1485.8453538466451,4.3,Amsterdam RAI
5168,Abby's,852.017140325663,4.3,Amsterdam RAI
5169,Proeflokaal Bregje,525.2107427451322,2.3,Amsterdam RAI
5170,restaurant zegels,744.6440355872974,4.7,Amsterdam RAI
5171,Meat & Co,1020.6355087576528,4.3,Amsterdam RAI
5172,Fresh Food,93.87041630226362,0.0,Amsterdam RAI
5173,Petershoek Café,90.49918999393957,0.0,Amsterdam RAI
5174,Burgers & Zo,566.070511391871,3.5,Amsterdam RAI
5175,Pizzeria Ristorante La Famiglia,499.8180731679537,4.0,Amsterdam RAI
5176,Heeren van Sonoy,811.7969541676354,3.0,Amsterdam RAI
5177,Gulden Vlies,749.6198242086455,4.0,Amsterdam RAI
5178,La Cubanita Alkmaar,1019.1139257354848,5.0,Amsterdam RAI
5179,SuperThai Restaurant ,749.6106910535735,3.3,Amsterdam RAI
5180,Café-Bar Odeon,1117.6786219087742,4.0,Amsterdam RAI
5181,Grand Café Klunder,491.1964571528282,0.0,Amsterdam RAI
5182,1480 Food Bar,1019.4541370951409,4.0,Amsterdam RAI
5183,Restaurant Tapas &,1057.2459116972116,5.0,Amsterdam RAI
5184,Happy Italy,518.4117475871739,3.3,Amsterdam RAI
5185,Granada Grand Cafe & Restaurant,597.1834813755764,5.0,Amsterdam RAI
5186,Proeflokaal De Boom,942.184391949158,0.0,Amsterdam RAI
5187,Kunchai,994.5218072237367,4.5,Amsterdam RAI
5188,Cafe De Pilaren,1085.9413393183647,5.0,Amsterdam RAI
5189,Moeke,484.4824365505958,0.0,Amsterdam RAI
5190,De Amstelhoek,967.9020076874574,4.0,Amsterdam RAI
5191,Il Colosseo,738.3859911669595,5.0,Amsterdam RAI
5192,Rue de la Plume,789.023446360917,5.0,Amsterdam RAI
5193,'t Friethuys,937.8352468571736,5.0,Amsterdam RAI
5194,Taormina,1149.6070313784464,5.0,Amsterdam RAI
5195,Ristobar Italica,1083.0744620729238,2.4,Amsterdam RAI
5196,Le Bon,1008.7088239418918,4.0,Amsterdam RAI
5197,De Bonte Bengel,574.7221520255662,2.8,Amsterdam RAI
5198,Subway,861.8243738210845,5.0,Amsterdam RAI
5199,Cafe Bali,920.3244724023469,3.7,Amsterdam RAI
5200,De Binnenkomer,599.4072940907039,4.7,Den Helder
5201,Vers Eten & Drinken,77.34336015072499,4.5,Den Helder
5202,Daikichi,54.04131208278735,4.0,Den Helder
5203,Burger King,38.753209797124605,3.0,Den Helder
5204,Deli,1009.748379483375,4.8,Den Helder
5205,Anne & Max,1050.9389047964175,4.8,Den Helder
5206,De Buren,1060.7939670377473,4.1,Den Helder
5207,King Sing,212.2733144925375,3.0,Den Helder
5208,Aloha,852.7449434363177,4.0,Den Helder
5209,Stadsstrand de Kade,620.6513341917654,5.0,Den Helder
5210,Alkmaars Koffiehuis,723.9196172713763,5.0,Den Helder
5211,Schots Restaurant Hielander,1008.5839781538273,3.8,Den Helder
5212,Saladebar Oogst,479.2986157354422,5.0,Den Helder
5213,Irish Pub Gunnery's,1101.3625315377635,5.0,Den Helder
5214,Mojo's,942.0027393749233,5.0,Den Helder
5215,Het Grand Cafeetje,935.7281656931732,4.0,Den Helder
5216,Horecacentrum De Studio,516.498093746401,5.0,Den Helder
5217,Vito,1485.8453538466451,4.3,Den Helder
5218,Abby's,852.017140325663,4.3,Den Helder
5219,Proeflokaal Bregje,525.2107427451322,2.3,Den Helder
5220,restaurant zegels,744.6440355872974,4.7,Den Helder
5221,Meat & Co,1020.6355087576528,4.3,Den Helder
5222,Fresh Food,93.87041630226362,0.0,Den Helder
5223,Petershoek Café,90.49918999393957,0.0,Den Helder
5224,Burgers & Zo,566.070511391871,3.5,Den Helder
5225,Pizzeria Ristorante La Famiglia,499.8180731679537,4.0,Den Helder
5226,Heeren van Sonoy,811.7969541676354,3.0,Den Helder
5227,Gulden Vlies,749.6198242086455,4.0,Den Helder
5228,La Cubanita Alkmaar,1019.1139257354848,5.0,Den Helder
5229,SuperThai Restaurant ,749.6106910535735,3.3,Den Helder
5230,Café-Bar Odeon,1117.6786219087742,4.0,Den Helder
5231,Grand Café Klunder,491.1964571528282,0.0,Den Helder
5232,1480 Food Bar,1019.4541370951409,4.0,Den Helder
5233,Restaurant Tapas &,1057.2459116972116,5.0,Den Helder
5234,Happy Italy,518.4117475871739,3.3,Den Helder
5235,Granada Grand Cafe & Restaurant,597.1834813755764,5.0,Den Helder
5236,Proeflokaal De Boom,942.184391949158,0.0,Den Helder
5237,Kunchai,994.5218072237367,4.5,Den Helder
5238,Cafe De Pilaren,1085.9413393183647,5.0,Den Helder
5239,Moeke,484.4824365505958,0.0,Den Helder
5240,De Amstelhoek,967.9020076874574,4.0,Den Helder
5241,Il Colosseo,738.3859911669595,5.0,Den Helder
5242,Rue de la Plume,789.023446360917,5.0,Den Helder
5243,'t Friethuys,937.8352468571736,5.0,Den Helder
5244,Taormina,1149.6070313784464,5.0,Den Helder
5245,Ristobar Italica,1083.0744620729238,2.4,Den Helder
5246,Le Bon,1008.7088239418918,4.0,Den Helder
5247,De Bonte Bengel,574.7221520255662,2.8,Den Helder
5248,Subway,861.8243738210845,5.0,Den Helder
5249,Cafe Bali,920.3244724023469,3.7,Den Helder
5250,De Binnenkomer,599.4072940907039,4.7,Rotterdam Centraal
5251,Vers Eten & Drinken,77.34336015072499,4.5,Rotterdam Centraal
5252,Daikichi,54.04131208278735,4.0,Rotterdam Centraal
5253,Burger King,38.753209797124605,3.0,Rotterdam Centraal
5254,Deli,1009.748379483375,4.8,Rotterdam Centraal
5255,Anne & Max,1050.9389047964175,4.8,Rotterdam Centraal
5256,De Buren,1060.7939670377473,4.1,Rotterdam Centraal
5257,King Sing,212.2733144925375,3.0,Rotterdam Centraal
5258,Aloha,852.7449434363177,4.0,Rotterdam Centraal
5259,Stadsstrand de Kade,620.6513341917654,5.0,Rotterdam Centraal
5260,Alkmaars Koffiehuis,723.9196172713763,5.0,Rotterdam Centraal
5261,Schots Restaurant Hielander,1008.5839781538273,3.8,Rotterdam Centraal
5262,Saladebar Oogst,479.2986157354422,5.0,Rotterdam Centraal
5263,Irish Pub Gunnery's,1101.3625315377635,5.0,Rotterdam Centraal
5264,Mojo's,942.0027393749233,5.0,Rotterdam Centraal
5265,Het Grand Cafeetje,935.7281656931732,4.0,Rotterdam Centraal
5266,Horecacentrum De Studio,516.498093746401,5.0,Rotterdam Centraal
5267,Vito,1485.8453538466451,4.3,Rotterdam Centraal
5268,Abby's,852.017140325663,4.3,Rotterdam Centraal
5269,Proeflokaal Bregje,525.2107427451322,2.3,Rotterdam Centraal
5270,restaurant zegels,744.6440355872974,4.7,Rotterdam Centraal
5271,Meat & Co,1020.6355087576528,4.3,Rotterdam Centraal
5272,Fresh Food,93.87041630226362,0.0,Rotterdam Centraal
5273,Petershoek Café,90.49918999393957,0.0,Rotterdam Centraal
5274,Burgers & Zo,566.070511391871,3.5,Rotterdam Centraal
5275,Pizzeria Ristorante La Famiglia,499.8180731679537,4.0,Rotterdam Centraal
5276,Heeren van Sonoy,811.7969541676354,3.0,Rotterdam Centraal
5277,Gulden Vlies,749.6198242086455,4.0,Rotterdam Centraal
5278,La Cubanita Alkmaar,1019.1139257354848,5.0,Rotterdam Centraal
5279,SuperThai Restaurant ,749.6106910535735,3.3,Rotterdam Centraal
5280,Café-Bar Odeon,1117.6786219087742,4.0,Rotterdam Centraal
5281,Grand Café Klunder,491.1964571528282,0.0,Rotterdam Centraal
5282,1480 Food Bar,1019.4541370951409,4.0,Rotterdam Centraal
5283,Restaurant Tapas &,1057.2459116972116,5.0,Rotterdam Centraal
5284,Happy Italy,518.4117475871739,3.3,Rotterdam Centraal
5285,Granada Grand Cafe & Restaurant,597.1834813755764,5.0,Rotterdam Centraal
5286,Proeflokaal De Boom,942.184391949158,0.0,Rotterdam Centraal
5287,Kunchai,994.5218072237367,4.5,Rotterdam Centraal
5288,Cafe De Pilaren,1085.9413393183647,5.0,Rotterdam Centraal
5289,Moeke,484.4824365505958,0.0,Rotterdam Centraal
5290,De Amstelhoek,967.9020076874574,4.0,Rotterdam Centraal
5291,Il Colosseo,738.3859911669595,5.0,Rotterdam Centraal
5292,Rue de la Plume,789.023446360917,5.0,Rotterdam Centraal
5293,'t Friethuys,937.8352468571736,5.0,Rotterdam Centraal
5294,Taormina,1149.6070313784464,5.0,Rotterdam Centraal
5295,Ristobar Italica,1083.0744620729238,2.4,Rotterdam Centraal
5296,Le Bon,1008.7088239418918,4.0,Rotterdam Centraal
5297,De Bonte Bengel,574.7221520255662,2.8,Rotterdam Centraal
5298,Subway,861.8243738210845,5.0,Rotterdam Centraal
5299,Cafe Bali,920.3244724023469,3.7,Rotterdam Centraal
5300,De Binnenkomer,599.4072940907039,4.7,Vierlingsbeek
5301,Vers Eten & Drinken,77.34336015072499,4.5,Vierlingsbeek
5302,Daikichi,54.04131208278735,4.0,Vierlingsbeek
5303,Burger King,38.753209797124605,3.0,Vierlingsbeek
5304,Deli,1009.748379483375,4.8,Vierlingsbeek
5305,Anne & Max,1050.9389047964175,4.8,Vierlingsbeek
5306,De Buren,1060.7939670377473,4.1,Vierlingsbeek
5307,King Sing,212.2733144925375,3.0,Vierlingsbeek
5308,Aloha,852.7449434363177,4.0,Vierlingsbeek
5309,Stadsstrand de Kade,620.6513341917654,5.0,Vierlingsbeek
5310,Alkmaars Koffiehuis,723.9196172713763,5.0,Vierlingsbeek
5311,Schots Restaurant Hielander,1008.5839781538273,3.8,Vierlingsbeek
5312,Saladebar Oogst,479.2986157354422,5.0,Vierlingsbeek
5313,Irish Pub Gunnery's,1101.3625315377635,5.0,Vierlingsbeek
5314,Mojo's,942.0027393749233,5.0,Vierlingsbeek
5315,Het Grand Cafeetje,935.7281656931732,4.0,Vierlingsbeek
5316,Horecacentrum De Studio,516.498093746401,5.0,Vierlingsbeek
5317,Vito,1485.8453538466451,4.3,Vierlingsbeek
5318,Abby's,852.017140325663,4.3,Vierlingsbeek
5319,Proeflokaal Bregje,525.2107427451322,2.3,Vierlingsbeek
5320,restaurant zegels,744.6440355872974,4.7,Vierlingsbeek
5321,Meat & Co,1020.6355087576528,4.3,Vierlingsbeek
5322,Fresh Food,93.87041630226362,0.0,Vierlingsbeek
5323,Petershoek Café,90.49918999393957,0.0,Vierlingsbeek
5324,Burgers & Zo,566.070511391871,3.5,Vierlingsbeek
5325,Pizzeria Ristorante La Famiglia,499.8180731679537,4.0,Vierlingsbeek
5326,Heeren van Sonoy,811.7969541676354,3.0,Vierlingsbeek
5327,Gulden Vlies,749.6198242086455,4.0,Vierlingsbeek
5328,La Cubanita Alkmaar,1019.1139257354848,5.0,Vierlingsbeek
5329,SuperThai Restaurant ,749.6106910535735,3.3,Vierlingsbeek
5330,Café-Bar Odeon,1117.6786219087742,4.0,Vierlingsbeek
5331,Grand Café Klunder,491.1964571528282,0.0,Vierlingsbeek
5332,1480 Food Bar,1019.4541370951409,4.0,Vierlingsbeek
5333,Restaurant Tapas &,1057.2459116972116,5.0,Vierlingsbeek
5334,Happy Italy,518.4117475871739,3.3,Vierlingsbeek
5335,Granada Grand Cafe & Restaurant,597.1834813755764,5.0,Vierlingsbeek
5336,Proeflokaal De Boom,942.184391949158,0.0,Vierlingsbeek
5337,Kunchai,994.5218072237367,4.5,Vierlingsbeek
5338,Cafe De Pilaren,1085.9413393183647,5.0,Vierlingsbeek
5339,Moeke,484.4824365505958,0.0,Vierlingsbeek
5340,De Amstelhoek,967.9020076874574,4.0,Vierlingsbeek
5341,Il Colosseo,738.3859911669595,5.0,Vierlingsbeek
5342,Rue de la Plume,789.023446360917,5.0,Vierlingsbeek
5343,'t Friethuys,937.8352468571736,5.0,Vierlingsbeek
5344,Taormina,1149.6070313784464,5.0,Vierlingsbeek
5345,Ristobar Italica,1083.0744620729238,2.4,Vierlingsbeek
5346,Le Bon,1008.7088239418918,4.0,Vierlingsbeek
5347,De Bonte Bengel,574.7221520255662,2.8,Vierlingsbeek
5348,Subway,861.8243738210845,5.0,Vierlingsbeek
5349,Cafe Bali,920.3244724023469,3.7,Vierlingsbeek
5350,De Binnenkomer,599.4072940907039,4.7,Vriezenveen
5351,Vers Eten & Drinken,77.34336015072499,4.5,Vriezenveen
5352,Daikichi,54.04131208278735,4.0,Vriezenveen
5353,Burger King,38.753209797124605,3.0,Vriezenveen
5354,Deli,1009.748379483375,4.8,Vriezenveen
5355,Anne & Max,1050.9389047964175,4.8,Vriezenveen
5356,De Buren,1060.7939670377473,4.1,Vriezenveen
5357,King Sing,212.2733144925375,3.0,Vriezenveen
5358,Aloha,852.7449434363177,4.0,Vriezenveen
5359,Stadsstrand de Kade,620.6513341917654,5.0,Vriezenveen
5360,Alkmaars Koffiehuis,723.9196172713763,5.0,Vriezenveen
5361,Schots Restaurant Hielander,1008.5839781538273,3.8,Vriezenveen
5362,Saladebar Oogst,479.2986157354422,5.0,Vriezenveen
5363,Irish Pub Gunnery's,1101.3625315377635,5.0,Vriezenveen
5364,Mojo's,942.0027393749233,5.0,Vriezenveen
5365,Het Grand Cafeetje,935.7281656931732,4.0,Vriezenveen
5366,Horecacentrum De Studio,516.498093746401,5.0,Vriezenveen
5367,Vito,1485.8453538466451,4.3,Vriezenveen
5368,Abby's,852.017140325663,4.3,Vriezenveen
5369,Proeflokaal Bregje,525.2107427451322,2.3,Vriezenveen
5370,restaurant zegels,744.6440355872974,4.7,Vriezenveen
5371,Meat & Co,1020.6355087576528,4.3,Vriezenveen
5372,Fresh Food,93.87041630226362,0.0,Vriezenveen
5373,Petershoek Café,90.49918999393957,0.0,Vriezenveen
5374,Burgers & Zo,566.070511391871,3.5,Vriezenveen
5375,Pizzeria Ristorante La Famiglia,499.8180731679537,4.0,Vriezenveen
5376,Heeren van Sonoy,811.7969541676354,3.0,Vriezenveen
5377,Gulden Vlies,749.6198242086455,4.0,Vriezenveen
5378,La Cubanita Alkmaar,1019.1139257354848,5.0,Vriezenveen
5379,SuperThai Restaurant ,749.6106910535735,3.3,Vriezenveen
5380,Café-Bar Odeon,1117.6786219087742,4.0,Vriezenveen
5381,Grand Café Klunder,491.1964571528282,0.0,Vriezenveen
5382,1480 Food Bar,1019.4541370951409,4.0,Vriezenveen
5383,Restaurant Tapas &,1057.2459116972116,5.0,Vriezenveen
5384,Happy Italy,518.4117475871739,3.3,Vriezenveen
5385,Granada Grand Cafe & Restaurant,597.1834813755764,5.0,Vriezenveen
5386,Proeflokaal De Boom,942.184391949158,0.0,Vriezenveen
5387,Kunchai,994.5218072237367,4.5,Vriezenveen
5388,Cafe De Pilaren,1085.9413393183647,5.0,Vriezenveen
5389,Moeke,484.4824365505958,0.0,Vriezenveen
5390,De Amstelhoek,967.9020076874574,4.0,Vriezenveen
5391,Il Colosseo,738.3859911669595,5.0,Vriezenveen
5392,Rue de la Plume,789.023446360917,5.0,Vriezenveen
5393,'t Friethuys,937.8352468571736,5.0,Vriezenveen
5394,Taormina,1149.6070313784464,5.0,Vriezenveen
5395,Ristobar Italica,1083.0744620729238,2.4,Vriezenveen
5396,Le Bon,1008.7088239418918,4.0,Vriezenveen
5397,De Bonte Bengel,574.7221520255662,2.8,Vriezenveen
5398,Subway,861.8243738210845,5.0,Vriezenveen
5399,Cafe Bali,920.3244724023469,3.7,Vriezenveen
5400,De Binnenkomer,599.4072940907039,4.7,Dronten
5401,Vers Eten & Drinken,77.34336015072499,4.5,Dronten
5402,Daikichi,54.04131208278735,4.0,Dronten
5403,Burger King,38.753209797124605,3.0,Dronten
5404,Deli,1009.748379483375,4.8,Dronten
5405,Anne & Max,1050.9389047964175,4.8,Dronten
5406,De Buren,1060.7939670377473,4.1,Dronten
5407,King Sing,212.2733144925375,3.0,Dronten
5408,Aloha,852.7449434363177,4.0,Dronten
5409,Stadsstrand de Kade,620.6513341917654,5.0,Dronten
5410,Alkmaars Koffiehuis,723.9196172713763,5.0,Dronten
5411,Schots Restaurant Hielander,1008.5839781538273,3.8,Dronten
5412,Saladebar Oogst,479.2986157354422,5.0,Dronten
5413,Irish Pub Gunnery's,1101.3625315377635,5.0,Dronten
5414,Mojo's,942.0027393749233,5.0,Dronten
5415,Het Grand Cafeetje,935.7281656931732,4.0,Dronten
5416,Horecacentrum De Studio,516.498093746401,5.0,Dronten
5417,Vito,1485.8453538466451,4.3,Dronten
5418,Abby's,852.017140325663,4.3,Dronten
5419,Proeflokaal Bregje,525.2107427451322,2.3,Dronten
5420,restaurant zegels,744.6440355872974,4.7,Dronten
5421,Meat & Co,1020.6355087576528,4.3,Dronten
5422,Fresh Food,93.87041630226362,0.0,Dronten
5423,Petershoek Café,90.49918999393957,0.0,Dronten
5424,Burgers & Zo,566.070511391871,3.5,Dronten
5425,Pizzeria Ristorante La Famiglia,499.8180731679537,4.0,Dronten
5426,Heeren van Sonoy,811.7969541676354,3.0,Dronten
5427,Gulden Vlies,749.6198242086455,4.0,Dronten
5428,La Cubanita Alkmaar,1019.1139257354848,5.0,Dronten
5429,SuperThai Restaurant ,749.6106910535735,3.3,Dronten
5430,Café-Bar Odeon,1117.6786219087742,4.0,Dronten
5431,Grand Café Klunder,491.1964571528282,0.0,Dronten
5432,1480 Food Bar,1019.4541370951409,4.0,Dronten
5433,Restaurant Tapas &,1057.2459116972116,5.0,Dronten
5434,Happy Italy,518.4117475871739,3.3,Dronten
5435,Granada Grand Cafe & Restaurant,597.1834813755764,5.0,Dronten
5436,Proeflokaal De Boom,942.184391949158,0.0,Dronten
5437,Kunchai,994.5218072237367,4.5,Dronten
5438,Cafe De Pilaren,1085.9413393183647,5.0,Dronten
5439,Moeke,484.4824365505958,0.0,Dronten
5440,De Amstelhoek,967.9020076874574,4.0,Dronten
5441,Il Colosseo,738.3859911669595,5.0,Dronten
5442,Rue de la Plume,789.023446360917,5.0,Dronten
5443,'t Friethuys,937.8352468571736,5.0,Dronten
5444,Taormina,1149.6070313784464,5.0,Dronten
5445,Ristobar Italica,1083.0744620729238,2.4,Dronten
5446,Le Bon,1008.7088239418918,4.0,Dronten
5447,De Bonte Bengel,574.7221520255662,2.8,Dronten
5448,Subway,861.8243738210845,5.0,Dronten
5449,Cafe Bali,920.3244724023469,3.7,Dronten
5450,De Binnenkomer,599.4072940907039,4.7,Rotterdam Slinge
5451,Vers Eten & Drinken,77.34336015072499,4.5,Rotterdam Slinge
5452,Daikichi,54.04131208278735,4.0,Rotterdam Slinge
5453,Burger King,38.753209797124605,3.0,Rotterdam Slinge
5454,Deli,1009.748379483375,4.8,Rotterdam Slinge
5455,Anne & Max,1050.9389047964175,4.8,Rotterdam Slinge
5456,De Buren,1060.7939670377473,4.1,Rotterdam Slinge
5457,King Sing,212.2733144925375,3.0,Rotterdam Slinge
5458,Aloha,852.7449434363177,4.0,Rotterdam Slinge
5459,Stadsstrand de Kade,620.6513341917654,5.0,Rotterdam Slinge
5460,Alkmaars Koffiehuis,723.9196172713763,5.0,Rotterdam Slinge
5461,Schots Restaurant Hielander,1008.5839781538273,3.8,Rotterdam Slinge
5462,Saladebar Oogst,479.2986157354422,5.0,Rotterdam Slinge
5463,Irish Pub Gunnery's,1101.3625315377635,5.0,Rotterdam Slinge
5464,Mojo's,942.0027393749233,5.0,Rotterdam Slinge
5465,Het Grand Cafeetje,935.7281656931732,4.0,Rotterdam Slinge
5466,Horecacentrum De Studio,516.498093746401,5.0,Rotterdam Slinge
5467,Vito,1485.8453538466451,4.3,Rotterdam Slinge
5468,Abby's,852.017140325663,4.3,Rotterdam Slinge
5469,Proeflokaal Bregje,525.2107427451322,2.3,Rotterdam Slinge
5470,restaurant zegels,744.6440355872974,4.7,Rotterdam Slinge
5471,Meat & Co,1020.6355087576528,4.3,Rotterdam Slinge
5472,Fresh Food,93.87041630226362,0.0,Rotterdam Slinge
5473,Petershoek Café,90.49918999393957,0.0,Rotterdam Slinge
5474,Burgers & Zo,566.070511391871,3.5,Rotterdam Slinge
5475,Pizzeria Ristorante La Famiglia,499.8180731679537,4.0,Rotterdam Slinge
5476,Heeren van Sonoy,811.7969541676354,3.0,Rotterdam Slinge
5477,Gulden Vlies,749.6198242086455,4.0,Rotterdam Slinge
5478,La Cubanita Alkmaar,1019.1139257354848,5.0,Rotterdam Slinge
5479,SuperThai Restaurant ,749.6106910535735,3.3,Rotterdam Slinge
5480,Café-Bar Odeon,1117.6786219087742,4.0,Rotterdam Slinge
5481,Grand Café Klunder,491.1964571528282,0.0,Rotterdam Slinge
5482,1480 Food Bar,1019.4541370951409,4.0,Rotterdam Slinge
5483,Restaurant Tapas &,1057.2459116972116,5.0,Rotterdam Slinge
5484,Happy Italy,518.4117475871739,3.3,Rotterdam Slinge
5485,Granada Grand Cafe & Restaurant,597.1834813755764,5.0,Rotterdam Slinge
5486,Proeflokaal De Boom,942.184391949158,0.0,Rotterdam Slinge
5487,Kunchai,994.5218072237367,4.5,Rotterdam Slinge
5488,Cafe De Pilaren,1085.9413393183647,5.0,Rotterdam Slinge
5489,Moeke,484.4824365505958,0.0,Rotterdam Slinge
5490,De Amstelhoek,967.9020076874574,4.0,Rotterdam Slinge
5491,Il Colosseo,738.3859911669595,5.0,Rotterdam Slinge
5492,Rue de la Plume,789.023446360917,5.0,Rotterdam Slinge
5493,'t Friethuys,937.8352468571736,5.0,Rotterdam Slinge
5494,Taormina,1149.6070313784464,5.0,Rotterdam Slinge
5495,Ristobar Italica,1083.0744620729238,2.4,Rotterdam Slinge
5496,Le Bon,1008.7088239418918,4.0,Rotterdam Slinge
5497,De Bonte Bengel,574.7221520255662,2.8,Rotterdam Slinge
5498,Subway,861.8243738210845,5.0,Rotterdam Slinge
5499,Cafe Bali,920.3244724023469,3.7,Rotterdam Slinge
5500,De Binnenkomer,599.4072940907039,4.7,Veghel
5501,Vers Eten & Drinken,77.34336015072499,4.5,Veghel
5502,Daikichi,54.04131208278735,4.0,Veghel
5503,Burger King,38.753209797124605,3.0,Veghel
5504,Deli,1009.748379483375,4.8,Veghel
5505,Anne & Max,1050.9389047964175,4.8,Veghel
5506,De Buren,1060.7939670377473,4.1,Veghel
5507,King Sing,212.2733144925375,3.0,Veghel
5508,Aloha,852.7449434363177,4.0,Veghel
5509,Stadsstrand de Kade,620.6513341917654,5.0,Veghel
5510,Alkmaars Koffiehuis,723.9196172713763,5.0,Veghel
5511,Schots Restaurant Hielander,1008.5839781538273,3.8,Veghel
5512,Saladebar Oogst,479.2986157354422,5.0,Veghel
5513,Irish Pub Gunnery's,1101.3625315377635,5.0,Veghel
5514,Mojo's,942.0027393749233,5.0,Veghel
5515,Het Grand Cafeetje,935.7281656931732,4.0,Veghel
5516,Horecacentrum De Studio,516.498093746401,5.0,Veghel
5517,Vito,1485.8453538466451,4.3,Veghel
5518,Abby's,852.017140325663,4.3,Veghel
5519,Proeflokaal Bregje,525.2107427451322,2.3,Veghel
5520,restaurant zegels,744.6440355872974,4.7,Veghel
5521,Meat & Co,1020.6355087576528,4.3,Veghel
5522,Fresh Food,93.87041630226362,0.0,Veghel
5523,Petershoek Café,90.49918999393957,0.0,Veghel
5524,Burgers & Zo,566.070511391871,3.5,Veghel
5525,Pizzeria Ristorante La Famiglia,499.8180731679537,4.0,Veghel
5526,Heeren van Sonoy,811.7969541676354,3.0,Veghel
5527,Gulden Vlies,749.6198242086455,4.0,Veghel
5528,La Cubanita Alkmaar,1019.1139257354848,5.0,Veghel
5529,SuperThai Restaurant ,749.6106910535735,3.3,Veghel
5530,Café-Bar Odeon,1117.6786219087742,4.0,Veghel
5531,Grand Café Klunder,491.1964571528282,0.0,Veghel
5532,1480 Food Bar,1019.4541370951409,4.0,Veghel
5533,Restaurant Tapas &,1057.2459116972116,5.0,Veghel
5534,Happy Italy,518.4117475871739,3.3,Veghel
5535,Granada Grand Cafe & Restaurant,597.1834813755764,5.0,Veghel
5536,Proeflokaal De Boom,942.184391949158,0.0,Veghel
5537,Kunchai,994.5218072237367,4.5,Veghel
5538,Cafe De Pilaren,1085.9413393183647,5.0,Veghel
5539,Moeke,484.4824365505958,0.0,Veghel
5540,De Amstelhoek,967.9020076874574,4.0,Veghel
5541,Il Colosseo,738.3859911669595,5.0,Veghel
5542,Rue de la Plume,789.023446360917,5.0,Veghel
5543,'t Friethuys,937.8352468571736,5.0,Veghel
5544,Taormina,1149.6070313784464,5.0,Veghel
5545,Ristobar Italica,1083.0744620729238,2.4,Veghel
5546,Le Bon,1008.7088239418918,4.0,Veghel
5547,De Bonte Bengel,574.7221520255662,2.8,Veghel
5548,Subway,861.8243738210845,5.0,Veghel
5549,Cafe Bali,920.3244724023469,3.7,Veghel
5550,De Binnenkomer,599.4072940907039,4.7,Santpoort Zuid
5551,Vers Eten & Drinken,77.34336015072499,4.5,Santpoort Zuid
5552,Daikichi,54.04131208278735,4.0,Santpoort Zuid
5553,Burger King,38.753209797124605,3.0,Santpoort Zuid
5554,Deli,1009.748379483375,4.8,Santpoort Zuid
5555,Anne & Max,1050.9389047964175,4.8,Santpoort Zuid
5556,De Buren,1060.7939670377473,4.1,Santpoort Zuid
5557,King Sing,212.2733144925375,3.0,Santpoort Zuid
5558,Aloha,852.7449434363177,4.0,Santpoort Zuid
5559,Stadsstrand de Kade,620.6513341917654,5.0,Santpoort Zuid
5560,Alkmaars Koffiehuis,723.9196172713763,5.0,Santpoort Zuid
5561,Schots Restaurant Hielander,1008.5839781538273,3.8,Santpoort Zuid
5562,Saladebar Oogst,479.2986157354422,5.0,Santpoort Zuid
5563,Irish Pub Gunnery's,1101.3625315377635,5.0,Santpoort Zuid
5564,Mojo's,942.0027393749233,5.0,Santpoort Zuid
5565,Het Grand Cafeetje,935.7281656931732,4.0,Santpoort Zuid
5566,Horecacentrum De Studio,516.498093746401,5.0,Santpoort Zuid
5567,Vito,1485.8453538466451,4.3,Santpoort Zuid
5568,Abby's,852.017140325663,4.3,Santpoort Zuid
5569,Proeflokaal Bregje,525.2107427451322,2.3,Santpoort Zuid
5570,restaurant zegels,744.6440355872974,4.7,Santpoort Zuid
5571,Meat & Co,1020.6355087576528,4.3,Santpoort Zuid
5572,Fresh Food,93.87041630226362,0.0,Santpoort Zuid
5573,Petershoek Café,90.49918999393957,0.0,Santpoort Zuid
5574,Burgers & Zo,566.070511391871,3.5,Santpoort Zuid
5575,Pizzeria Ristorante La Famiglia,499.8180731679537,4.0,Santpoort Zuid
5576,Heeren van Sonoy,811.7969541676354,3.0,Santpoort Zuid
5577,Gulden Vlies,749.6198242086455,4.0,Santpoort Zuid
5578,La Cubanita Alkmaar,1019.1139257354848,5.0,Santpoort Zuid
5579,SuperThai Restaurant ,749.6106910535735,3.3,Santpoort Zuid
5580,Café-Bar Odeon,1117.6786219087742,4.0,Santpoort Zuid
5581,Grand Café Klunder,491.1964571528282,0.0,Santpoort Zuid
5582,1480 Food Bar,1019.4541370951409,4.0,Santpoort Zuid
5583,Restaurant Tapas &,1057.2459116972116,5.0,Santpoort Zuid
5584,Happy Italy,518.4117475871739,3.3,Santpoort Zuid
5585,Granada Grand Cafe & Restaurant,597.1834813755764,5.0,Santpoort Zuid
5586,Proeflokaal De Boom,942.184391949158,0.0,Santpoort Zuid
5587,Kunchai,994.5218072237367,4.5,Santpoort Zuid
5588,Cafe De Pilaren,1085.9413393183647,5.0,Santpoort Zuid
5589,Moeke,484.4824365505958,0.0,Santpoort Zuid
5590,De Amstelhoek,967.9020076874574,4.0,Santpoort Zuid
5591,Il Colosseo,738.3859911669595,5.0,Santpoort Zuid
5592,Rue de la Plume,789.023446360917,5.0,Santpoort Zuid
5593,'t Friethuys,937.8352468571736,5.0,Santpoort Zuid
5594,Taormina,1149.6070313784464,5.0,Santpoort Zuid
5595,Ristobar Italica,1083.0744620729238,2.4,Santpoort Zuid
5596,Le Bon,1008.7088239418918,4.0,Santpoort Zuid
5597,De Bonte Bengel,574.7221520255662,2.8,Santpoort Zuid
5598,Subway,861.8243738210845,5.0,Santpoort Zuid
5599,Cafe Bali,920.3244724023469,3.7,Santpoort Zuid
5600,De Binnenkomer,599.4072940907039,4.7,Openbare fietsenstalling gemeente Groningen : Fietsenstalling Europapark
5601,Vers Eten & Drinken,77.34336015072499,4.5,Openbare fietsenstalling gemeente Groningen : Fietsenstalling Europapark
5602,Daikichi,54.04131208278735,4.0,Openbare fietsenstalling gemeente Groningen : Fietsenstalling Europapark
5603,Burger King,38.753209797124605,3.0,Openbare fietsenstalling gemeente Groningen : Fietsenstalling Europapark
5604,Deli,1009.748379483375,4.8,Openbare fietsenstalling gemeente Groningen : Fietsenstalling Europapark
5605,Anne & Max,1050.9389047964175,4.8,Openbare fietsenstalling gemeente Groningen : Fietsenstalling Europapark
5606,De Buren,1060.7939670377473,4.1,Openbare fietsenstalling gemeente Groningen : Fietsenstalling Europapark
5607,King Sing,212.2733144925375,3.0,Openbare fietsenstalling gemeente Groningen : Fietsenstalling Europapark
5608,Aloha,852.7449434363177,4.0,Openbare fietsenstalling gemeente Groningen : Fietsenstalling Europapark
5609,Stadsstrand de Kade,620.6513341917654,5.0,Openbare fietsenstalling gemeente Groningen : Fietsenstalling Europapark
5610,Alkmaars Koffiehuis,723.9196172713763,5.0,Openbare fietsenstalling gemeente Groningen : Fietsenstalling Europapark
5611,Schots Restaurant Hielander,1008.5839781538273,3.8,Openbare fietsenstalling gemeente Groningen : Fietsenstalling Europapark
5612,Saladebar Oogst,479.2986157354422,5.0,Openbare fietsenstalling gemeente Groningen : Fietsenstalling Europapark
5613,Irish Pub Gunnery's,1101.3625315377635,5.0,Openbare fietsenstalling gemeente Groningen : Fietsenstalling Europapark
5614,Mojo's,942.0027393749233,5.0,Openbare fietsenstalling gemeente Groningen : Fietsenstalling Europapark
5615,Het Grand Cafeetje,935.7281656931732,4.0,Openbare fietsenstalling gemeente Groningen : Fietsenstalling Europapark
5616,Horecacentrum De Studio,516.498093746401,5.0,Openbare fietsenstalling gemeente Groningen : Fietsenstalling Europapark
5617,Vito,1485.8453538466451,4.3,Openbare fietsenstalling gemeente Groningen : Fietsenstalling Europapark
5618,Abby's,852.017140325663,4.3,Openbare fietsenstalling gemeente Groningen : Fietsenstalling Europapark
5619,Proeflokaal Bregje,525.2107427451322,2.3,Openbare fietsenstalling gemeente Groningen : Fietsenstalling Europapark
5620,restaurant zegels,744.6440355872974,4.7,Openbare fietsenstalling gemeente Groningen : Fietsenstalling Europapark
5621,Meat & Co,1020.6355087576528,4.3,Openbare fietsenstalling gemeente Groningen : Fietsenstalling Europapark
5622,Fresh Food,93.87041630226362,0.0,Openbare fietsenstalling gemeente Groningen : Fietsenstalling Europapark
5623,Petershoek Café,90.49918999393957,0.0,Openbare fietsenstalling gemeente Groningen : Fietsenstalling Europapark
5624,Burgers & Zo,566.070511391871,3.5,Openbare fietsenstalling gemeente Groningen : Fietsenstalling Europapark
5625,Pizzeria Ristorante La Famiglia,499.8180731679537,4.0,Openbare fietsenstalling gemeente Groningen : Fietsenstalling Europapark
5626,Heeren van Sonoy,811.7969541676354,3.0,Openbare fietsenstalling gemeente Groningen : Fietsenstalling Europapark
5627,Gulden Vlies,749.6198242086455,4.0,Openbare fietsenstalling gemeente Groningen : Fietsenstalling Europapark
5628,La Cubanita Alkmaar,1019.1139257354848,5.0,Openbare fietsenstalling gemeente Groningen : Fietsenstalling Europapark
5629,SuperThai Restaurant ,749.6106910535735,3.3,Openbare fietsenstalling gemeente Groningen : Fietsenstalling Europapark
5630,Café-Bar Odeon,1117.6786219087742,4.0,Openbare fietsenstalling gemeente Groningen : Fietsenstalling Europapark
5631,Grand Café Klunder,491.1964571528282,0.0,Openbare fietsenstalling gemeente Groningen : Fietsenstalling Europapark
5632,1480 Food Bar,1019.4541370951409,4.0,Openbare fietsenstalling gemeente Groningen : Fietsenstalling Europapark
5633,Restaurant Tapas &,1057.2459116972116,5.0,Openbare fietsenstalling gemeente Groningen : Fietsenstalling Europapark
5634,Happy Italy,518.4117475871739,3.3,Openbare fietsenstalling gemeente Groningen : Fietsenstalling Europapark
5635,Granada Grand Cafe & Restaurant,597.1834813755764,5.0,Openbare fietsenstalling gemeente Groningen : Fietsenstalling Europapark
5636,Proeflokaal De Boom,942.184391949158,0.0,Openbare fietsenstalling gemeente Groningen : Fietsenstalling Europapark
5637,Kunchai,994.5218072237367,4.5,Openbare fietsenstalling gemeente Groningen : Fietsenstalling Europapark
5638,Cafe De Pilaren,1085.9413393183647,5.0,Openbare fietsenstalling gemeente Groningen : Fietsenstalling Europapark
5639,Moeke,484.4824365505958,0.0,Openbare fietsenstalling gemeente Groningen : Fietsenstalling Europapark
5640,De Amstelhoek,967.9020076874574,4.0,Openbare fietsenstalling gemeente Groningen : Fietsenstalling Europapark
5641,Il Colosseo,738.3859911669595,5.0,Openbare fietsenstalling gemeente Groningen : Fietsenstalling Europapark
5642,Rue de la Plume,789.023446360917,5.0,Openbare fietsenstalling gemeente Groningen : Fietsenstalling Europapark
5643,'t Friethuys,937.8352468571736,5.0,Openbare fietsenstalling gemeente Groningen : Fietsenstalling Europapark
5644,Taormina,1149.6070313784464,5.0,Openbare fietsenstalling gemeente Groningen : Fietsenstalling Europapark
5645,Ristobar Italica,1083.0744620729238,2.4,Openbare fietsenstalling gemeente Groningen : Fietsenstalling Europapark
5646,Le Bon,1008.7088239418918,4.0,Openbare fietsenstalling gemeente Groningen : Fietsenstalling Europapark
5647,De Bonte Bengel,574.7221520255662,2.8,Openbare fietsenstalling gemeente Groningen : Fietsenstalling Europapark
5648,Subway,861.8243738210845,5.0,Openbare fietsenstalling gemeente Groningen : Fietsenstalling Europapark
5649,Cafe Bali,920.3244724023469,3.7,Openbare fietsenstalling gemeente Groningen : Fietsenstalling Europapark
5650,De Binnenkomer,599.4072940907039,4.7,Breda Prinsenbeek
5651,Vers Eten & Drinken,77.34336015072499,4.5,Breda Prinsenbeek
5652,Daikichi,54.04131208278735,4.0,Breda Prinsenbeek
5653,Burger King,38.753209797124605,3.0,Breda Prinsenbeek
5654,Deli,1009.748379483375,4.8,Breda Prinsenbeek
5655,Anne & Max,1050.9389047964175,4.8,Breda Prinsenbeek
5656,De Buren,1060.7939670377473,4.1,Breda Prinsenbeek
5657,King Sing,212.2733144925375,3.0,Breda Prinsenbeek
5658,Aloha,852.7449434363177,4.0,Breda Prinsenbeek
5659,Stadsstrand de Kade,620.6513341917654,5.0,Breda Prinsenbeek
5660,Alkmaars Koffiehuis,723.9196172713763,5.0,Breda Prinsenbeek
5661,Schots Restaurant Hielander,1008.5839781538273,3.8,Breda Prinsenbeek
5662,Saladebar Oogst,479.2986157354422,5.0,Breda Prinsenbeek
5663,Irish Pub Gunnery's,1101.3625315377635,5.0,Breda Prinsenbeek
5664,Mojo's,942.0027393749233,5.0,Breda Prinsenbeek
5665,Het Grand Cafeetje,935.7281656931732,4.0,Breda Prinsenbeek
5666,Horecacentrum De Studio,516.498093746401,5.0,Breda Prinsenbeek
5667,Vito,1485.8453538466451,4.3,Breda Prinsenbeek
5668,Abby's,852.017140325663,4.3,Breda Prinsenbeek
5669,Proeflokaal Bregje,525.2107427451322,2.3,Breda Prinsenbeek
5670,restaurant zegels,744.6440355872974,4.7,Breda Prinsenbeek
5671,Meat & Co,1020.6355087576528,4.3,Breda Prinsenbeek
5672,Fresh Food,93.87041630226362,0.0,Breda Prinsenbeek
5673,Petershoek Café,90.49918999393957,0.0,Breda Prinsenbeek
5674,Burgers & Zo,566.070511391871,3.5,Breda Prinsenbeek
5675,Pizzeria Ristorante La Famiglia,499.8180731679537,4.0,Breda Prinsenbeek
5676,Heeren van Sonoy,811.7969541676354,3.0,Breda Prinsenbeek
5677,Gulden Vlies,749.6198242086455,4.0,Breda Prinsenbeek
5678,La Cubanita Alkmaar,1019.1139257354848,5.0,Breda Prinsenbeek
5679,SuperThai Restaurant ,749.6106910535735,3.3,Breda Prinsenbeek
5680,Café-Bar Odeon,1117.6786219087742,4.0,Breda Prinsenbeek
5681,Grand Café Klunder,491.1964571528282,0.0,Breda Prinsenbeek
5682,1480 Food Bar,1019.4541370951409,4.0,Breda Prinsenbeek
5683,Restaurant Tapas &,1057.2459116972116,5.0,Breda Prinsenbeek
5684,Happy Italy,518.4117475871739,3.3,Breda Prinsenbeek
5685,Granada Grand Cafe & Restaurant,597.1834813755764,5.0,Breda Prinsenbeek
5686,Proeflokaal De Boom,942.184391949158,0.0,Breda Prinsenbeek
5687,Kunchai,994.5218072237367,4.5,Breda Prinsenbeek
5688,Cafe De Pilaren,1085.9413393183647,5.0,Breda Prinsenbeek
5689,Moeke,484.4824365505958,0.0,Breda Prinsenbeek
5690,De Amstelhoek,967.9020076874574,4.0,Breda Prinsenbeek
5691,Il Colosseo,738.3859911669595,5.0,Breda Prinsenbeek
5692,Rue de la Plume,789.023446360917,5.0,Breda Prinsenbeek
5693,'t Friethuys,937.8352468571736,5.0,Breda Prinsenbeek
5694,Taormina,1149.6070313784464,5.0,Breda Prinsenbeek
5695,Ristobar Italica,1083.0744620729238,2.4,Breda Prinsenbeek
5696,Le Bon,1008.7088239418918,4.0,Breda Prinsenbeek
5697,De Bonte Bengel,574.7221520255662,2.8,Breda Prinsenbeek
5698,Subway,861.8243738210845,5.0,Breda Prinsenbeek
5699,Cafe Bali,920.3244724023469,3.7,Breda Prinsenbeek
5700,De Binnenkomer,599.4072940907039,4.7,Zandvoort
5701,Vers Eten & Drinken,77.34336015072499,4.5,Zandvoort
5702,Daikichi,54.04131208278735,4.0,Zandvoort
5703,Burger King,38.753209797124605,3.0,Zandvoort
5704,Deli,1009.748379483375,4.8,Zandvoort
5705,Anne & Max,1050.9389047964175,4.8,Zandvoort
5706,De Buren,1060.7939670377473,4.1,Zandvoort
5707,King Sing,212.2733144925375,3.0,Zandvoort
5708,Aloha,852.7449434363177,4.0,Zandvoort
5709,Stadsstrand de Kade,620.6513341917654,5.0,Zandvoort
5710,Alkmaars Koffiehuis,723.9196172713763,5.0,Zandvoort
5711,Schots Restaurant Hielander,1008.5839781538273,3.8,Zandvoort
5712,Saladebar Oogst,479.2986157354422,5.0,Zandvoort
5713,Irish Pub Gunnery's,1101.3625315377635,5.0,Zandvoort
5714,Mojo's,942.0027393749233,5.0,Zandvoort
5715,Het Grand Cafeetje,935.7281656931732,4.0,Zandvoort
5716,Horecacentrum De Studio,516.498093746401,5.0,Zandvoort
5717,Vito,1485.8453538466451,4.3,Zandvoort
5718,Abby's,852.017140325663,4.3,Zandvoort
5719,Proeflokaal Bregje,525.2107427451322,2.3,Zandvoort
5720,restaurant zegels,744.6440355872974,4.7,Zandvoort
5721,Meat & Co,1020.6355087576528,4.3,Zandvoort
5722,Fresh Food,93.87041630226362,0.0,Zandvoort
5723,Petershoek Café,90.49918999393957,0.0,Zandvoort
5724,Burgers & Zo,566.070511391871,3.5,Zandvoort
5725,Pizzeria Ristorante La Famiglia,499.8180731679537,4.0,Zandvoort
5726,Heeren van Sonoy,811.7969541676354,3.0,Zandvoort
5727,Gulden Vlies,749.6198242086455,4.0,Zandvoort
5728,La Cubanita Alkmaar,1019.1139257354848,5.0,Zandvoort
5729,SuperThai Restaurant ,749.6106910535735,3.3,Zandvoort
5730,Café-Bar Odeon,1117.6786219087742,4.0,Zandvoort
5731,Grand Café Klunder,491.1964571528282,0.0,Zandvoort
5732,1480 Food Bar,1019.4541370951409,4.0,Zandvoort
5733,Restaurant Tapas &,1057.2459116972116,5.0,Zandvoort
5734,Happy Italy,518.4117475871739,3.3,Zandvoort
5735,Granada Grand Cafe & Restaurant,597.1834813755764,5.0,Zandvoort
5736,Proeflokaal De Boom,942.184391949158,0.0,Zandvoort
5737,Kunchai,994.5218072237367,4.5,Zandvoort
5738,Cafe De Pilaren,1085.9413393183647,5.0,Zandvoort
5739,Moeke,484.4824365505958,0.0,Zandvoort
5740,De Amstelhoek,967.9020076874574,4.0,Zandvoort
5741,Il Colosseo,738.3859911669595,5.0,Zandvoort
5742,Rue de la Plume,789.023446360917,5.0,Zandvoort
5743,'t Friethuys,937.8352468571736,5.0,Zandvoort
5744,Taormina,1149.6070313784464,5.0,Zandvoort
5745,Ristobar Italica,1083.0744620729238,2.4,Zandvoort
5746,Le Bon,1008.7088239418918,4.0,Zandvoort
5747,De Bonte Bengel,574.7221520255662,2.8,Zandvoort
5748,Subway,861.8243738210845,5.0,Zandvoort
5749,Cafe Bali,920.3244724023469,3.7,Zandvoort
5750,De Binnenkomer,599.4072940907039,4.7,Utrecht Zuilen
5751,Vers Eten & Drinken,77.34336015072499,4.5,Utrecht Zuilen
5752,Daikichi,54.04131208278735,4.0,Utrecht Zuilen
5753,Burger King,38.753209797124605,3.0,Utrecht Zuilen
5754,Deli,1009.748379483375,4.8,Utrecht Zuilen
5755,Anne & Max,1050.9389047964175,4.8,Utrecht Zuilen
5756,De Buren,1060.7939670377473,4.1,Utrecht Zuilen
5757,King Sing,212.2733144925375,3.0,Utrecht Zuilen
5758,Aloha,852.7449434363177,4.0,Utrecht Zuilen
5759,Stadsstrand de Kade,620.6513341917654,5.0,Utrecht Zuilen
5760,Alkmaars Koffiehuis,723.9196172713763,5.0,Utrecht Zuilen
5761,Schots Restaurant Hielander,1008.5839781538273,3.8,Utrecht Zuilen
5762,Saladebar Oogst,479.2986157354422,5.0,Utrecht Zuilen
5763,Irish Pub Gunnery's,1101.3625315377635,5.0,Utrecht Zuilen
5764,Mojo's,942.0027393749233,5.0,Utrecht Zuilen
5765,Het Grand Cafeetje,935.7281656931732,4.0,Utrecht Zuilen
5766,Horecacentrum De Studio,516.498093746401,5.0,Utrecht Zuilen
5767,Vito,1485.8453538466451,4.3,Utrecht Zuilen
5768,Abby's,852.017140325663,4.3,Utrecht Zuilen
5769,Proeflokaal Bregje,525.2107427451322,2.3,Utrecht Zuilen
5770,restaurant zegels,744.6440355872974,4.7,Utrecht Zuilen
5771,Meat & Co,1020.6355087576528,4.3,Utrecht Zuilen
5772,Fresh Food,93.87041630226362,0.0,Utrecht Zuilen
5773,Petershoek Café,90.49918999393957,0.0,Utrecht Zuilen
5774,Burgers & Zo,566.070511391871,3.5,Utrecht Zuilen
5775,Pizzeria Ristorante La Famiglia,499.8180731679537,4.0,Utrecht Zuilen
5776,Heeren van Sonoy,811.7969541676354,3.0,Utrecht Zuilen
5777,Gulden Vlies,749.6198242086455,4.0,Utrecht Zuilen
5778,La Cubanita Alkmaar,1019.1139257354848,5.0,Utrecht Zuilen
5779,SuperThai Restaurant ,749.6106910535735,3.3,Utrecht Zuilen
5780,Café-Bar Odeon,1117.6786219087742,4.0,Utrecht Zuilen
5781,Grand Café Klunder,491.1964571528282,0.0,Utrecht Zuilen
5782,1480 Food Bar,1019.4541370951409,4.0,Utrecht Zuilen
5783,Restaurant Tapas &,1057.2459116972116,5.0,Utrecht Zuilen
5784,Happy Italy,518.4117475871739,3.3,Utrecht Zuilen
5785,Granada Grand Cafe & Restaurant,597.1834813755764,5.0,Utrecht Zuilen
5786,Proeflokaal De Boom,942.184391949158,0.0,Utrecht Zuilen
5787,Kunchai,994.5218072237367,4.5,Utrecht Zuilen
5788,Cafe De Pilaren,1085.9413393183647,5.0,Utrecht Zuilen
5789,Moeke,484.4824365505958,0.0,Utrecht Zuilen
5790,De Amstelhoek,967.9020076874574,4.0,Utrecht Zuilen
5791,Il Colosseo,738.3859911669595,5.0,Utrecht Zuilen
5792,Rue de la Plume,789.023446360917,5.0,Utrecht Zuilen
5793,'t Friethuys,937.8352468571736,5.0,Utrecht Zuilen
5794,Taormina,1149.6070313784464,5.0,Utrecht Zuilen
5795,Ristobar Italica,1083.0744620729238,2.4,Utrecht Zuilen
5796,Le Bon,1008.7088239418918,4.0,Utrecht Zuilen
5797,De Bonte Bengel,574.7221520255662,2.8,Utrecht Zuilen
5798,Subway,861.8243738210845,5.0,Utrecht Zuilen
5799,Cafe Bali,920.3244724023469,3.7,Utrecht Zuilen
5800,De Binnenkomer,599.4072940907039,4.7,Amsterdam Centraal Oost
5801,Vers Eten & Drinken,77.34336015072499,4.5,Amsterdam Centraal Oost
5802,Daikichi,54.04131208278735,4.0,Amsterdam Centraal Oost
5803,Burger King,38.753209797124605,3.0,Amsterdam Centraal Oost
5804,Deli,1009.748379483375,4.8,Amsterdam Centraal Oost
5805,Anne & Max,1050.9389047964175,4.8,Amsterdam Centraal Oost
5806,De Buren,1060.7939670377473,4.1,Amsterdam Centraal Oost
5807,King Sing,212.2733144925375,3.0,Amsterdam Centraal Oost
5808,Aloha,852.7449434363177,4.0,Amsterdam Centraal Oost
5809,Stadsstrand de Kade,620.6513341917654,5.0,Amsterdam Centraal Oost
5810,Alkmaars Koffiehuis,723.9196172713763,5.0,Amsterdam Centraal Oost
5811,Schots Restaurant Hielander,1008.5839781538273,3.8,Amsterdam Centraal Oost
5812,Saladebar Oogst,479.2986157354422,5.0,Amsterdam Centraal Oost
5813,Irish Pub Gunnery's,1101.3625315377635,5.0,Amsterdam Centraal Oost
5814,Mojo's,942.0027393749233,5.0,Amsterdam Centraal Oost
5815,Het Grand Cafeetje,935.7281656931732,4.0,Amsterdam Centraal Oost
5816,Horecacentrum De Studio,516.498093746401,5.0,Amsterdam Centraal Oost
5817,Vito,1485.8453538466451,4.3,Amsterdam Centraal Oost
5818,Abby's,852.017140325663,4.3,Amsterdam Centraal Oost
5819,Proeflokaal Bregje,525.2107427451322,2.3,Amsterdam Centraal Oost
5820,restaurant zegels,744.6440355872974,4.7,Amsterdam Centraal Oost
5821,Meat & Co,1020.6355087576528,4.3,Amsterdam Centraal Oost
5822,Fresh Food,93.87041630226362,0.0,Amsterdam Centraal Oost
5823,Petershoek Café,90.49918999393957,0.0,Amsterdam Centraal Oost
5824,Burgers & Zo,566.070511391871,3.5,Amsterdam Centraal Oost
5825,Pizzeria Ristorante La Famiglia,499.8180731679537,4.0,Amsterdam Centraal Oost
5826,Heeren van Sonoy,811.7969541676354,3.0,Amsterdam Centraal Oost
5827,Gulden Vlies,749.6198242086455,4.0,Amsterdam Centraal Oost
5828,La Cubanita Alkmaar,1019.1139257354848,5.0,Amsterdam Centraal Oost
5829,SuperThai Restaurant ,749.6106910535735,3.3,Amsterdam Centraal Oost
5830,Café-Bar Odeon,1117.6786219087742,4.0,Amsterdam Centraal Oost
5831,Grand Café Klunder,491.1964571528282,0.0,Amsterdam Centraal Oost
5832,1480 Food Bar,1019.4541370951409,4.0,Amsterdam Centraal Oost
5833,Restaurant Tapas &,1057.2459116972116,5.0,Amsterdam Centraal Oost
5834,Happy Italy,518.4117475871739,3.3,Amsterdam Centraal Oost
5835,Granada Grand Cafe & Restaurant,597.1834813755764,5.0,Amsterdam Centraal Oost
5836,Proeflokaal De Boom,942.184391949158,0.0,Amsterdam Centraal Oost
5837,Kunchai,994.5218072237367,4.5,Amsterdam Centraal Oost
5838,Cafe De Pilaren,1085.9413393183647,5.0,Amsterdam Centraal Oost
5839,Moeke,484.4824365505958,0.0,Amsterdam Centraal Oost
5840,De Amstelhoek,967.9020076874574,4.0,Amsterdam Centraal Oost
5841,Il Colosseo,738.3859911669595,5.0,Amsterdam Centraal Oost
5842,Rue de la Plume,789.023446360917,5.0,Amsterdam Centraal Oost
5843,'t Friethuys,937.8352468571736,5.0,Amsterdam Centraal Oost
5844,Taormina,1149.6070313784464,5.0,Amsterdam Centraal Oost
5845,Ristobar Italica,1083.0744620729238,2.4,Amsterdam Centraal Oost
5846,Le Bon,1008.7088239418918,4.0,Amsterdam Centraal Oost
5847,De Bonte Bengel,574.7221520255662,2.8,Amsterdam Centraal Oost
5848,Subway,861.8243738210845,5.0,Amsterdam Centraal Oost
5849,Cafe Bali,920.3244724023469,3.7,Amsterdam Centraal Oost
5850,De Binnenkomer,599.4072940907039,4.7,Terborg
5851,Vers Eten & Drinken,77.34336015072499,4.5,Terborg
5852,Daikichi,54.04131208278735,4.0,Terborg
5853,Burger King,38.753209797124605,3.0,Terborg
5854,Deli,1009.748379483375,4.8,Terborg
5855,Anne & Max,1050.9389047964175,4.8,Terborg
5856,De Buren,1060.7939670377473,4.1,Terborg
5857,King Sing,212.2733144925375,3.0,Terborg
5858,Aloha,852.7449434363177,4.0,Terborg
5859,Stadsstrand de Kade,620.6513341917654,5.0,Terborg
5860,Alkmaars Koffiehuis,723.9196172713763,5.0,Terborg
5861,Schots Restaurant Hielander,1008.5839781538273,3.8,Terborg
5862,Saladebar Oogst,479.2986157354422,5.0,Terborg
5863,Irish Pub Gunnery's,1101.3625315377635,5.0,Terborg
5864,Mojo's,942.0027393749233,5.0,Terborg
5865,Het Grand Cafeetje,935.7281656931732,4.0,Terborg
5866,Horecacentrum De Studio,516.498093746401,5.0,Terborg
5867,Vito,1485.8453538466451,4.3,Terborg
5868,Abby's,852.017140325663,4.3,Terborg
5869,Proeflokaal Bregje,525.2107427451322,2.3,Terborg
5870,restaurant zegels,744.6440355872974,4.7,Terborg
5871,Meat & Co,1020.6355087576528,4.3,Terborg
5872,Fresh Food,93.87041630226362,0.0,Terborg
5873,Petershoek Café,90.49918999393957,0.0,Terborg
5874,Burgers & Zo,566.070511391871,3.5,Terborg
5875,Pizzeria Ristorante La Famiglia,499.8180731679537,4.0,Terborg
5876,Heeren van Sonoy,811.7969541676354,3.0,Terborg
5877,Gulden Vlies,749.6198242086455,4.0,Terborg
5878,La Cubanita Alkmaar,1019.1139257354848,5.0,Terborg
5879,SuperThai Restaurant ,749.6106910535735,3.3,Terborg
5880,Café-Bar Odeon,1117.6786219087742,4.0,Terborg
5881,Grand Café Klunder,491.1964571528282,0.0,Terborg
5882,1480 Food Bar,1019.4541370951409,4.0,Terborg
5883,Restaurant Tapas &,1057.2459116972116,5.0,Terborg
5884,Happy Italy,518.4117475871739,3.3,Terborg
5885,Granada Grand Cafe & Restaurant,597.1834813755764,5.0,Terborg
5886,Proeflokaal De Boom,942.184391949158,0.0,Terborg
5887,Kunchai,994.5218072237367,4.5,Terborg
5888,Cafe De Pilaren,1085.9413393183647,5.0,Terborg
5889,Moeke,484.4824365505958,0.0,Terborg
5890,De Amstelhoek,967.9020076874574,4.0,Terborg
5891,Il Colosseo,738.3859911669595,5.0,Terborg
5892,Rue de la Plume,789.023446360917,5.0,Terborg
5893,'t Friethuys,937.8352468571736,5.0,Terborg
5894,Taormina,1149.6070313784464,5.0,Terborg
5895,Ristobar Italica,1083.0744620729238,2.4,Terborg
5896,Le Bon,1008.7088239418918,4.0,Terborg
5897,De Bonte Bengel,574.7221520255662,2.8,Terborg
5898,Subway,861.8243738210845,5.0,Terborg
5899,Cafe Bali,920.3244724023469,3.7,Terborg
5900,De Binnenkomer,599.4072940907039,4.7,Ermelo
5901,Vers Eten & Drinken,77.34336015072499,4.5,Ermelo
5902,Daikichi,54.04131208278735,4.0,Ermelo
5903,Burger King,38.753209797124605,3.0,Ermelo
5904,Deli,1009.748379483375,4.8,Ermelo
5905,Anne & Max,1050.9389047964175,4.8,Ermelo
5906,De Buren,1060.7939670377473,4.1,Ermelo
5907,King Sing,212.2733144925375,3.0,Ermelo
5908,Aloha,852.7449434363177,4.0,Ermelo
5909,Stadsstrand de Kade,620.6513341917654,5.0,Ermelo
5910,Alkmaars Koffiehuis,723.9196172713763,5.0,Ermelo
5911,Schots Restaurant Hielander,1008.5839781538273,3.8,Ermelo
5912,Saladebar Oogst,479.2986157354422,5.0,Ermelo
5913,Irish Pub Gunnery's,1101.3625315377635,5.0,Ermelo
5914,Mojo's,942.0027393749233,5.0,Ermelo
5915,Het Grand Cafeetje,935.7281656931732,4.0,Ermelo
5916,Horecacentrum De Studio,516.498093746401,5.0,Ermelo
5917,Vito,1485.8453538466451,4.3,Ermelo
5918,Abby's,852.017140325663,4.3,Ermelo
5919,Proeflokaal Bregje,525.2107427451322,2.3,Ermelo
5920,restaurant zegels,744.6440355872974,4.7,Ermelo
5921,Meat & Co,1020.6355087576528,4.3,Ermelo
5922,Fresh Food,93.87041630226362,0.0,Ermelo
5923,Petershoek Café,90.49918999393957,0.0,Ermelo
5924,Burgers & Zo,566.070511391871,3.5,Ermelo
5925,Pizzeria Ristorante La Famiglia,499.8180731679537,4.0,Ermelo
5926,Heeren van Sonoy,811.7969541676354,3.0,Ermelo
5927,Gulden Vlies,749.6198242086455,4.0,Ermelo
5928,La Cubanita Alkmaar,1019.1139257354848,5.0,Ermelo
5929,SuperThai Restaurant ,749.6106910535735,3.3,Ermelo
5930,Café-Bar Odeon,1117.6786219087742,4.0,Ermelo
5931,Grand Café Klunder,491.1964571528282,0.0,Ermelo
5932,1480 Food Bar,1019.4541370951409,4.0,Ermelo
5933,Restaurant Tapas &,1057.2459116972116,5.0,Ermelo
5934,Happy Italy,518.4117475871739,3.3,Ermelo
5935,Granada Grand Cafe & Restaurant,597.1834813755764,5.0,Ermelo
5936,Proeflokaal De Boom,942.184391949158,0.0,Ermelo
5937,Kunchai,994.5218072237367,4.5,Ermelo
5938,Cafe De Pilaren,1085.9413393183647,5.0,Ermelo
5939,Moeke,484.4824365505958,0.0,Ermelo
5940,De Amstelhoek,967.9020076874574,4.0,Ermelo
5941,Il Colosseo,738.3859911669595,5.0,Ermelo
5942,Rue de la Plume,789.023446360917,5.0,Ermelo
5943,'t Friethuys,937.8352468571736,5.0,Ermelo
5944,Taormina,1149.6070313784464,5.0,Ermelo
5945,Ristobar Italica,1083.0744620729238,2.4,Ermelo
5946,Le Bon,1008.7088239418918,4.0,Ermelo
5947,De Bonte Bengel,574.7221520255662,2.8,Ermelo
5948,Subway,861.8243738210845,5.0,Ermelo
5949,Cafe Bali,920.3244724023469,3.7,Ermelo
5950,De Binnenkomer,599.4072940907039,4.7,Amsterdam Amstel
5951,Vers Eten & Drinken,77.34336015072499,4.5,Amsterdam Amstel
5952,Daikichi,54.04131208278735,4.0,Amsterdam Amstel
5953,Burger King,38.753209797124605,3.0,Amsterdam Amstel
5954,Deli,1009.748379483375,4.8,Amsterdam Amstel
5955,Anne & Max,1050.9389047964175,4.8,Amsterdam Amstel
5956,De Buren,1060.7939670377473,4.1,Amsterdam Amstel
5957,King Sing,212.2733144925375,3.0,Amsterdam Amstel
5958,Aloha,852.7449434363177,4.0,Amsterdam Amstel
5959,Stadsstrand de Kade,620.6513341917654,5.0,Amsterdam Amstel
5960,Alkmaars Koffiehuis,723.9196172713763,5.0,Amsterdam Amstel
5961,Schots Restaurant Hielander,1008.5839781538273,3.8,Amsterdam Amstel
5962,Saladebar Oogst,479.2986157354422,5.0,Amsterdam Amstel
5963,Irish Pub Gunnery's,1101.3625315377635,5.0,Amsterdam Amstel
5964,Mojo's,942.0027393749233,5.0,Amsterdam Amstel
5965,Het Grand Cafeetje,935.7281656931732,4.0,Amsterdam Amstel
5966,Horecacentrum De Studio,516.498093746401,5.0,Amsterdam Amstel
5967,Vito,1485.8453538466451,4.3,Amsterdam Amstel
5968,Abby's,852.017140325663,4.3,Amsterdam Amstel
5969,Proeflokaal Bregje,525.2107427451322,2.3,Amsterdam Amstel
5970,restaurant zegels,744.6440355872974,4.7,Amsterdam Amstel
5971,Meat & Co,1020.6355087576528,4.3,Amsterdam Amstel
5972,Fresh Food,93.87041630226362,0.0,Amsterdam Amstel
5973,Petershoek Café,90.49918999393957,0.0,Amsterdam Amstel
5974,Burgers & Zo,566.070511391871,3.5,Amsterdam Amstel
5975,Pizzeria Ristorante La Famiglia,499.8180731679537,4.0,Amsterdam Amstel
5976,Heeren van Sonoy,811.7969541676354,3.0,Amsterdam Amstel
5977,Gulden Vlies,749.6198242086455,4.0,Amsterdam Amstel
5978,La Cubanita Alkmaar,1019.1139257354848,5.0,Amsterdam Amstel
5979,SuperThai Restaurant ,749.6106910535735,3.3,Amsterdam Amstel
5980,Café-Bar Odeon,1117.6786219087742,4.0,Amsterdam Amstel
5981,Grand Café Klunder,491.1964571528282,0.0,Amsterdam Amstel
5982,1480 Food Bar,1019.4541370951409,4.0,Amsterdam Amstel
5983,Restaurant Tapas &,1057.2459116972116,5.0,Amsterdam Amstel
5984,Happy Italy,518.4117475871739,3.3,Amsterdam Amstel
5985,Granada Grand Cafe & Restaurant,597.1834813755764,5.0,Amsterdam Amstel
5986,Proeflokaal De Boom,942.184391949158,0.0,Amsterdam Amstel
5987,Kunchai,994.5218072237367,4.5,Amsterdam Amstel
5988,Cafe De Pilaren,1085.9413393183647,5.0,Amsterdam Amstel
5989,Moeke,484.4824365505958,0.0,Amsterdam Amstel
5990,De Amstelhoek,967.9020076874574,4.0,Amsterdam Amstel
5991,Il Colosseo,738.3859911669595,5.0,Amsterdam Amstel
5992,Rue de la Plume,789.023446360917,5.0,Amsterdam Amstel
5993,'t Friethuys,937.8352468571736,5.0,Amsterdam Amstel
5994,Taormina,1149.6070313784464,5.0,Amsterdam Amstel
5995,Ristobar Italica,1083.0744620729238,2.4,Amsterdam Amstel
5996,Le Bon,1008.7088239418918,4.0,Amsterdam Amstel
5997,De Bonte Bengel,574.7221520255662,2.8,Amsterdam Amstel
5998,Subway,861.8243738210845,5.0,Amsterdam Amstel
5999,Cafe Bali,920.3244724023469,3.7,Amsterdam Amstel
6000,De Binnenkomer,599.4072940907039,4.7,Eindhoven Centraal noordzijde
6001,Vers Eten & Drinken,77.34336015072499,4.5,Eindhoven Centraal noordzijde
6002,Daikichi,54.04131208278735,4.0,Eindhoven Centraal noordzijde
6003,Burger King,38.753209797124605,3.0,Eindhoven Centraal noordzijde
6004,Deli,1009.748379483375,4.8,Eindhoven Centraal noordzijde
6005,Anne & Max,1050.9389047964175,4.8,Eindhoven Centraal noordzijde
6006,De Buren,1060.7939670377473,4.1,Eindhoven Centraal noordzijde
6007,King Sing,212.2733144925375,3.0,Eindhoven Centraal noordzijde
6008,Aloha,852.7449434363177,4.0,Eindhoven Centraal noordzijde
6009,Stadsstrand de Kade,620.6513341917654,5.0,Eindhoven Centraal noordzijde
6010,Alkmaars Koffiehuis,723.9196172713763,5.0,Eindhoven Centraal noordzijde
6011,Schots Restaurant Hielander,1008.5839781538273,3.8,Eindhoven Centraal noordzijde
6012,Saladebar Oogst,479.2986157354422,5.0,Eindhoven Centraal noordzijde
6013,Irish Pub Gunnery's,1101.3625315377635,5.0,Eindhoven Centraal noordzijde
6014,Mojo's,942.0027393749233,5.0,Eindhoven Centraal noordzijde
6015,Het Grand Cafeetje,935.7281656931732,4.0,Eindhoven Centraal noordzijde
6016,Horecacentrum De Studio,516.498093746401,5.0,Eindhoven Centraal noordzijde
6017,Vito,1485.8453538466451,4.3,Eindhoven Centraal noordzijde
6018,Abby's,852.017140325663,4.3,Eindhoven Centraal noordzijde
6019,Proeflokaal Bregje,525.2107427451322,2.3,Eindhoven Centraal noordzijde
6020,restaurant zegels,744.6440355872974,4.7,Eindhoven Centraal noordzijde
6021,Meat & Co,1020.6355087576528,4.3,Eindhoven Centraal noordzijde
6022,Fresh Food,93.87041630226362,0.0,Eindhoven Centraal noordzijde
6023,Petershoek Café,90.49918999393957,0.0,Eindhoven Centraal noordzijde
6024,Burgers & Zo,566.070511391871,3.5,Eindhoven Centraal noordzijde
6025,Pizzeria Ristorante La Famiglia,499.8180731679537,4.0,Eindhoven Centraal noordzijde
6026,Heeren van Sonoy,811.7969541676354,3.0,Eindhoven Centraal noordzijde
6027,Gulden Vlies,749.6198242086455,4.0,Eindhoven Centraal noordzijde
6028,La Cubanita Alkmaar,1019.1139257354848,5.0,Eindhoven Centraal noordzijde
6029,SuperThai Restaurant ,749.6106910535735,3.3,Eindhoven Centraal noordzijde
6030,Café-Bar Odeon,1117.6786219087742,4.0,Eindhoven Centraal noordzijde
6031,Grand Café Klunder,491.1964571528282,0.0,Eindhoven Centraal noordzijde
6032,1480 Food Bar,1019.4541370951409,4.0,Eindhoven Centraal noordzijde
6033,Restaurant Tapas &,1057.2459116972116,5.0,Eindhoven Centraal noordzijde
6034,Happy Italy,518.4117475871739,3.3,Eindhoven Centraal noordzijde
6035,Granada Grand Cafe & Restaurant,597.1834813755764,5.0,Eindhoven Centraal noordzijde
6036,Proeflokaal De Boom,942.184391949158,0.0,Eindhoven Centraal noordzijde
6037,Kunchai,994.5218072237367,4.5,Eindhoven Centraal noordzijde
6038,Cafe De Pilaren,1085.9413393183647,5.0,Eindhoven Centraal noordzijde
6039,Moeke,484.4824365505958,0.0,Eindhoven Centraal noordzijde
6040,De Amstelhoek,967.9020076874574,4.0,Eindhoven Centraal noordzijde
6041,Il Colosseo,738.3859911669595,5.0,Eindhoven Centraal noordzijde
6042,Rue de la Plume,789.023446360917,5.0,Eindhoven Centraal noordzijde
6043,'t Friethuys,937.8352468571736,5.0,Eindhoven Centraal noordzijde
6044,Taormina,1149.6070313784464,5.0,Eindhoven Centraal noordzijde
6045,Ristobar Italica,1083.0744620729238,2.4,Eindhoven Centraal noordzijde
6046,Le Bon,1008.7088239418918,4.0,Eindhoven Centraal noordzijde
6047,De Bonte Bengel,574.7221520255662,2.8,Eindhoven Centraal noordzijde
6048,Subway,861.8243738210845,5.0,Eindhoven Centraal noordzijde
6049,Cafe Bali,920.3244724023469,3.7,Eindhoven Centraal noordzijde
6050,De Binnenkomer,599.4072940907039,4.7,Rotterdam Fietspunt Wilhelminakade Prinsendam
6051,Vers Eten & Drinken,77.34336015072499,4.5,Rotterdam Fietspunt Wilhelminakade Prinsendam
6052,Daikichi,54.04131208278735,4.0,Rotterdam Fietspunt Wilhelminakade Prinsendam
6053,Burger King,38.753209797124605,3.0,Rotterdam Fietspunt Wilhelminakade Prinsendam
6054,Deli,1009.748379483375,4.8,Rotterdam Fietspunt Wilhelminakade Prinsendam
6055,Anne & Max,1050.9389047964175,4.8,Rotterdam Fietspunt Wilhelminakade Prinsendam
6056,De Buren,1060.7939670377473,4.1,Rotterdam Fietspunt Wilhelminakade Prinsendam
6057,King Sing,212.2733144925375,3.0,Rotterdam Fietspunt Wilhelminakade Prinsendam
6058,Aloha,852.7449434363177,4.0,Rotterdam Fietspunt Wilhelminakade Prinsendam
6059,Stadsstrand de Kade,620.6513341917654,5.0,Rotterdam Fietspunt Wilhelminakade Prinsendam
6060,Alkmaars Koffiehuis,723.9196172713763,5.0,Rotterdam Fietspunt Wilhelminakade Prinsendam
6061,Schots Restaurant Hielander,1008.5839781538273,3.8,Rotterdam Fietspunt Wilhelminakade Prinsendam
6062,Saladebar Oogst,479.2986157354422,5.0,Rotterdam Fietspunt Wilhelminakade Prinsendam
6063,Irish Pub Gunnery's,1101.3625315377635,5.0,Rotterdam Fietspunt Wilhelminakade Prinsendam
6064,Mojo's,942.0027393749233,5.0,Rotterdam Fietspunt Wilhelminakade Prinsendam
6065,Het Grand Cafeetje,935.7281656931732,4.0,Rotterdam Fietspunt Wilhelminakade Prinsendam
6066,Horecacentrum De Studio,516.498093746401,5.0,Rotterdam Fietspunt Wilhelminakade Prinsendam
6067,Vito,1485.8453538466451,4.3,Rotterdam Fietspunt Wilhelminakade Prinsendam
6068,Abby's,852.017140325663,4.3,Rotterdam Fietspunt Wilhelminakade Prinsendam
6069,Proeflokaal Bregje,525.2107427451322,2.3,Rotterdam Fietspunt Wilhelminakade Prinsendam
6070,restaurant zegels,744.6440355872974,4.7,Rotterdam Fietspunt Wilhelminakade Prinsendam
6071,Meat & Co,1020.6355087576528,4.3,Rotterdam Fietspunt Wilhelminakade Prinsendam
6072,Fresh Food,93.87041630226362,0.0,Rotterdam Fietspunt Wilhelminakade Prinsendam
6073,Petershoek Café,90.49918999393957,0.0,Rotterdam Fietspunt Wilhelminakade Prinsendam
6074,Burgers & Zo,566.070511391871,3.5,Rotterdam Fietspunt Wilhelminakade Prinsendam
6075,Pizzeria Ristorante La Famiglia,499.8180731679537,4.0,Rotterdam Fietspunt Wilhelminakade Prinsendam
6076,Heeren van Sonoy,811.7969541676354,3.0,Rotterdam Fietspunt Wilhelminakade Prinsendam
6077,Gulden Vlies,749.6198242086455,4.0,Rotterdam Fietspunt Wilhelminakade Prinsendam
6078,La Cubanita Alkmaar,1019.1139257354848,5.0,Rotterdam Fietspunt Wilhelminakade Prinsendam
6079,SuperThai Restaurant ,749.6106910535735,3.3,Rotterdam Fietspunt Wilhelminakade Prinsendam
6080,Café-Bar Odeon,1117.6786219087742,4.0,Rotterdam Fietspunt Wilhelminakade Prinsendam
6081,Grand Café Klunder,491.1964571528282,0.0,Rotterdam Fietspunt Wilhelminakade Prinsendam
6082,1480 Food Bar,1019.4541370951409,4.0,Rotterdam Fietspunt Wilhelminakade Prinsendam
6083,Restaurant Tapas &,1057.2459116972116,5.0,Rotterdam Fietspunt Wilhelminakade Prinsendam
6084,Happy Italy,518.4117475871739,3.3,Rotterdam Fietspunt Wilhelminakade Prinsendam
6085,Granada Grand Cafe & Restaurant,597.1834813755764,5.0,Rotterdam Fietspunt Wilhelminakade Prinsendam
6086,Proeflokaal De Boom,942.184391949158,0.0,Rotterdam Fietspunt Wilhelminakade Prinsendam
6087,Kunchai,994.5218072237367,4.5,Rotterdam Fietspunt Wilhelminakade Prinsendam
6088,Cafe De Pilaren,1085.9413393183647,5.0,Rotterdam Fietspunt Wilhelminakade Prinsendam
6089,Moeke,484.4824365505958,0.0,Rotterdam Fietspunt Wilhelminakade Prinsendam
6090,De Amstelhoek,967.9020076874574,4.0,Rotterdam Fietspunt Wilhelminakade Prinsendam
6091,Il Colosseo,738.3859911669595,5.0,Rotterdam Fietspunt Wilhelminakade Prinsendam
6092,Rue de la Plume,789.023446360917,5.0,Rotterdam Fietspunt Wilhelminakade Prinsendam
6093,'t Friethuys,937.8352468571736,5.0,Rotterdam Fietspunt Wilhelminakade Prinsendam
6094,Taormina,1149.6070313784464,5.0,Rotterdam Fietspunt Wilhelminakade Prinsendam
6095,Ristobar Italica,1083.0744620729238,2.4,Rotterdam Fietspunt Wilhelminakade Prinsendam
6096,Le Bon,1008.7088239418918,4.0,Rotterdam Fietspunt Wilhelminakade Prinsendam
6097,De Bonte Bengel,574.7221520255662,2.8,Rotterdam Fietspunt Wilhelminakade Prinsendam
6098,Subway,861.8243738210845,5.0,Rotterdam Fietspunt Wilhelminakade Prinsendam
6099,Cafe Bali,920.3244724023469,3.7,Rotterdam Fietspunt Wilhelminakade Prinsendam
6100,De Binnenkomer,599.4072940907039,4.7,Oisterwijk
6101,Vers Eten & Drinken,77.34336015072499,4.5,Oisterwijk
6102,Daikichi,54.04131208278735,4.0,Oisterwijk
6103,Burger King,38.753209797124605,3.0,Oisterwijk
6104,Deli,1009.748379483375,4.8,Oisterwijk
6105,Anne & Max,1050.9389047964175,4.8,Oisterwijk
6106,De Buren,1060.7939670377473,4.1,Oisterwijk
6107,King Sing,212.2733144925375,3.0,Oisterwijk
6108,Aloha,852.7449434363177,4.0,Oisterwijk
6109,Stadsstrand de Kade,620.6513341917654,5.0,Oisterwijk
6110,Alkmaars Koffiehuis,723.9196172713763,5.0,Oisterwijk
6111,Schots Restaurant Hielander,1008.5839781538273,3.8,Oisterwijk
6112,Saladebar Oogst,479.2986157354422,5.0,Oisterwijk
6113,Irish Pub Gunnery's,1101.3625315377635,5.0,Oisterwijk
6114,Mojo's,942.0027393749233,5.0,Oisterwijk
6115,Het Grand Cafeetje,935.7281656931732,4.0,Oisterwijk
6116,Horecacentrum De Studio,516.498093746401,5.0,Oisterwijk
6117,Vito,1485.8453538466451,4.3,Oisterwijk
6118,Abby's,852.017140325663,4.3,Oisterwijk
6119,Proeflokaal Bregje,525.2107427451322,2.3,Oisterwijk
6120,restaurant zegels,744.6440355872974,4.7,Oisterwijk
6121,Meat & Co,1020.6355087576528,4.3,Oisterwijk
6122,Fresh Food,93.87041630226362,0.0,Oisterwijk
6123,Petershoek Café,90.49918999393957,0.0,Oisterwijk
6124,Burgers & Zo,566.070511391871,3.5,Oisterwijk
6125,Pizzeria Ristorante La Famiglia,499.8180731679537,4.0,Oisterwijk
6126,Heeren van Sonoy,811.7969541676354,3.0,Oisterwijk
6127,Gulden Vlies,749.6198242086455,4.0,Oisterwijk
6128,La Cubanita Alkmaar,1019.1139257354848,5.0,Oisterwijk
6129,SuperThai Restaurant ,749.6106910535735,3.3,Oisterwijk
6130,Café-Bar Odeon,1117.6786219087742,4.0,Oisterwijk
6131,Grand Café Klunder,491.1964571528282,0.0,Oisterwijk
6132,1480 Food Bar,1019.4541370951409,4.0,Oisterwijk
6133,Restaurant Tapas &,1057.2459116972116,5.0,Oisterwijk
6134,Happy Italy,518.4117475871739,3.3,Oisterwijk
6135,Granada Grand Cafe & Restaurant,597.1834813755764,5.0,Oisterwijk
6136,Proeflokaal De Boom,942.184391949158,0.0,Oisterwijk
6137,Kunchai,994.5218072237367,4.5,Oisterwijk
6138,Cafe De Pilaren,1085.9413393183647,5.0,Oisterwijk
6139,Moeke,484.4824365505958,0.0,Oisterwijk
6140,De Amstelhoek,967.9020076874574,4.0,Oisterwijk
6141,Il Colosseo,738.3859911669595,5.0,Oisterwijk
6142,Rue de la Plume,789.023446360917,5.0,Oisterwijk
6143,'t Friethuys,937.8352468571736,5.0,Oisterwijk
6144,Taormina,1149.6070313784464,5.0,Oisterwijk
6145,Ristobar Italica,1083.0744620729238,2.4,Oisterwijk
6146,Le Bon,1008.7088239418918,4.0,Oisterwijk
6147,De Bonte Bengel,574.7221520255662,2.8,Oisterwijk
6148,Subway,861.8243738210845,5.0,Oisterwijk
6149,Cafe Bali,920.3244724023469,3.7,Oisterwijk
6150,De Binnenkomer,599.4072940907039,4.7,Driebergen-Zeist
6151,Vers Eten & Drinken,77.34336015072499,4.5,Driebergen-Zeist
6152,Daikichi,54.04131208278735,4.0,Driebergen-Zeist
6153,Burger King,38.753209797124605,3.0,Driebergen-Zeist
6154,Deli,1009.748379483375,4.8,Driebergen-Zeist
6155,Anne & Max,1050.9389047964175,4.8,Driebergen-Zeist
6156,De Buren,1060.7939670377473,4.1,Driebergen-Zeist
6157,King Sing,212.2733144925375,3.0,Driebergen-Zeist
6158,Aloha,852.7449434363177,4.0,Driebergen-Zeist
6159,Stadsstrand de Kade,620.6513341917654,5.0,Driebergen-Zeist
6160,Alkmaars Koffiehuis,723.9196172713763,5.0,Driebergen-Zeist
6161,Schots Restaurant Hielander,1008.5839781538273,3.8,Driebergen-Zeist
6162,Saladebar Oogst,479.2986157354422,5.0,Driebergen-Zeist
6163,Irish Pub Gunnery's,1101.3625315377635,5.0,Driebergen-Zeist
6164,Mojo's,942.0027393749233,5.0,Driebergen-Zeist
6165,Het Grand Cafeetje,935.7281656931732,4.0,Driebergen-Zeist
6166,Horecacentrum De Studio,516.498093746401,5.0,Driebergen-Zeist
6167,Vito,1485.8453538466451,4.3,Driebergen-Zeist
6168,Abby's,852.017140325663,4.3,Driebergen-Zeist
6169,Proeflokaal Bregje,525.2107427451322,2.3,Driebergen-Zeist
6170,restaurant zegels,744.6440355872974,4.7,Driebergen-Zeist
6171,Meat & Co,1020.6355087576528,4.3,Driebergen-Zeist
6172,Fresh Food,93.87041630226362,0.0,Driebergen-Zeist
6173,Petershoek Café,90.49918999393957,0.0,Driebergen-Zeist
6174,Burgers & Zo,566.070511391871,3.5,Driebergen-Zeist
6175,Pizzeria Ristorante La Famiglia,499.8180731679537,4.0,Driebergen-Zeist
6176,Heeren van Sonoy,811.7969541676354,3.0,Driebergen-Zeist
6177,Gulden Vlies,749.6198242086455,4.0,Driebergen-Zeist
6178,La Cubanita Alkmaar,1019.1139257354848,5.0,Driebergen-Zeist
6179,SuperThai Restaurant ,749.6106910535735,3.3,Driebergen-Zeist
6180,Café-Bar Odeon,1117.6786219087742,4.0,Driebergen-Zeist
6181,Grand Café Klunder,491.1964571528282,0.0,Driebergen-Zeist
6182,1480 Food Bar,1019.4541370951409,4.0,Driebergen-Zeist
6183,Restaurant Tapas &,1057.2459116972116,5.0,Driebergen-Zeist
6184,Happy Italy,518.4117475871739,3.3,Driebergen-Zeist
6185,Granada Grand Cafe & Restaurant,597.1834813755764,5.0,Driebergen-Zeist
6186,Proeflokaal De Boom,942.184391949158,0.0,Driebergen-Zeist
6187,Kunchai,994.5218072237367,4.5,Driebergen-Zeist
6188,Cafe De Pilaren,1085.9413393183647,5.0,Driebergen-Zeist
6189,Moeke,484.4824365505958,0.0,Driebergen-Zeist
6190,De Amstelhoek,967.9020076874574,4.0,Driebergen-Zeist
6191,Il Colosseo,738.3859911669595,5.0,Driebergen-Zeist
6192,Rue de la Plume,789.023446360917,5.0,Driebergen-Zeist
6193,'t Friethuys,937.8352468571736,5.0,Driebergen-Zeist
6194,Taormina,1149.6070313784464,5.0,Driebergen-Zeist
6195,Ristobar Italica,1083.0744620729238,2.4,Driebergen-Zeist
6196,Le Bon,1008.7088239418918,4.0,Driebergen-Zeist
6197,De Bonte Bengel,574.7221520255662,2.8,Driebergen-Zeist
6198,Subway,861.8243738210845,5.0,Driebergen-Zeist
6199,Cafe Bali,920.3244724023469,3.7,Driebergen-Zeist
6200,De Binnenkomer,599.4072940907039,4.7,Heerlen
6201,Vers Eten & Drinken,77.34336015072499,4.5,Heerlen
6202,Daikichi,54.04131208278735,4.0,Heerlen
6203,Burger King,38.753209797124605,3.0,Heerlen
6204,Deli,1009.748379483375,4.8,Heerlen
6205,Anne & Max,1050.9389047964175,4.8,Heerlen
6206,De Buren,1060.7939670377473,4.1,Heerlen
6207,King Sing,212.2733144925375,3.0,Heerlen
6208,Aloha,852.7449434363177,4.0,Heerlen
6209,Stadsstrand de Kade,620.6513341917654,5.0,Heerlen
6210,Alkmaars Koffiehuis,723.9196172713763,5.0,Heerlen
6211,Schots Restaurant Hielander,1008.5839781538273,3.8,Heerlen
6212,Saladebar Oogst,479.2986157354422,5.0,Heerlen
6213,Irish Pub Gunnery's,1101.3625315377635,5.0,Heerlen
6214,Mojo's,942.0027393749233,5.0,Heerlen
6215,Het Grand Cafeetje,935.7281656931732,4.0,Heerlen
6216,Horecacentrum De Studio,516.498093746401,5.0,Heerlen
6217,Vito,1485.8453538466451,4.3,Heerlen
6218,Abby's,852.017140325663,4.3,Heerlen
6219,Proeflokaal Bregje,525.2107427451322,2.3,Heerlen
6220,restaurant zegels,744.6440355872974,4.7,Heerlen
6221,Meat & Co,1020.6355087576528,4.3,Heerlen
6222,Fresh Food,93.87041630226362,0.0,Heerlen
6223,Petershoek Café,90.49918999393957,0.0,Heerlen
6224,Burgers & Zo,566.070511391871,3.5,Heerlen
6225,Pizzeria Ristorante La Famiglia,499.8180731679537,4.0,Heerlen
6226,Heeren van Sonoy,811.7969541676354,3.0,Heerlen
6227,Gulden Vlies,749.6198242086455,4.0,Heerlen
6228,La Cubanita Alkmaar,1019.1139257354848,5.0,Heerlen
6229,SuperThai Restaurant ,749.6106910535735,3.3,Heerlen
6230,Café-Bar Odeon,1117.6786219087742,4.0,Heerlen
6231,Grand Café Klunder,491.1964571528282,0.0,Heerlen
6232,1480 Food Bar,1019.4541370951409,4.0,Heerlen
6233,Restaurant Tapas &,1057.2459116972116,5.0,Heerlen
6234,Happy Italy,518.4117475871739,3.3,Heerlen
6235,Granada Grand Cafe & Restaurant,597.1834813755764,5.0,Heerlen
6236,Proeflokaal De Boom,942.184391949158,0.0,Heerlen
6237,Kunchai,994.5218072237367,4.5,Heerlen
6238,Cafe De Pilaren,1085.9413393183647,5.0,Heerlen
6239,Moeke,484.4824365505958,0.0,Heerlen
6240,De Amstelhoek,967.9020076874574,4.0,Heerlen
6241,Il Colosseo,738.3859911669595,5.0,Heerlen
6242,Rue de la Plume,789.023446360917,5.0,Heerlen
6243,'t Friethuys,937.8352468571736,5.0,Heerlen
6244,Taormina,1149.6070313784464,5.0,Heerlen
6245,Ristobar Italica,1083.0744620729238,2.4,Heerlen
6246,Le Bon,1008.7088239418918,4.0,Heerlen
6247,De Bonte Bengel,574.7221520255662,2.8,Heerlen
6248,Subway,861.8243738210845,5.0,Heerlen
6249,Cafe Bali,920.3244724023469,3.7,Heerlen
6250,De Binnenkomer,599.4072940907039,4.7,"Leiden Centraal, Centrumzijde"
6251,Vers Eten & Drinken,77.34336015072499,4.5,"Leiden Centraal, Centrumzijde"
6252,Daikichi,54.04131208278735,4.0,"Leiden Centraal, Centrumzijde"
6253,Burger King,38.753209797124605,3.0,"Leiden Centraal, Centrumzijde"
6254,Deli,1009.748379483375,4.8,"Leiden Centraal, Centrumzijde"
6255,Anne & Max,1050.9389047964175,4.8,"Leiden Centraal, Centrumzijde"
6256,De Buren,1060.7939670377473,4.1,"Leiden Centraal, Centrumzijde"
6257,King Sing,212.2733144925375,3.0,"Leiden Centraal, Centrumzijde"
6258,Aloha,852.7449434363177,4.0,"Leiden Centraal, Centrumzijde"
6259,Stadsstrand de Kade,620.6513341917654,5.0,"Leiden Centraal, Centrumzijde"
6260,Alkmaars Koffiehuis,723.9196172713763,5.0,"Leiden Centraal, Centrumzijde"
6261,Schots Restaurant Hielander,1008.5839781538273,3.8,"Leiden Centraal, Centrumzijde"
6262,Saladebar Oogst,479.2986157354422,5.0,"Leiden Centraal, Centrumzijde"
6263,Irish Pub Gunnery's,1101.3625315377635,5.0,"Leiden Centraal, Centrumzijde"
6264,Mojo's,942.0027393749233,5.0,"Leiden Centraal, Centrumzijde"
6265,Het Grand Cafeetje,935.7281656931732,4.0,"Leiden Centraal, Centrumzijde"
6266,Horecacentrum De Studio,516.498093746401,5.0,"Leiden Centraal, Centrumzijde"
6267,Vito,1485.8453538466451,4.3,"Leiden Centraal, Centrumzijde"
6268,Abby's,852.017140325663,4.3,"Leiden Centraal, Centrumzijde"
6269,Proeflokaal Bregje,525.2107427451322,2.3,"Leiden Centraal, Centrumzijde"
6270,restaurant zegels,744.6440355872974,4.7,"Leiden Centraal, Centrumzijde"
6271,Meat & Co,1020.6355087576528,4.3,"Leiden Centraal, Centrumzijde"
6272,Fresh Food,93.87041630226362,0.0,"Leiden Centraal, Centrumzijde"
6273,Petershoek Café,90.49918999393957,0.0,"Leiden Centraal, Centrumzijde"
6274,Burgers & Zo,566.070511391871,3.5,"Leiden Centraal, Centrumzijde"
6275,Pizzeria Ristorante La Famiglia,499.8180731679537,4.0,"Leiden Centraal, Centrumzijde"
6276,Heeren van Sonoy,811.7969541676354,3.0,"Leiden Centraal, Centrumzijde"
6277,Gulden Vlies,749.6198242086455,4.0,"Leiden Centraal, Centrumzijde"
6278,La Cubanita Alkmaar,1019.1139257354848,5.0,"Leiden Centraal, Centrumzijde"
6279,SuperThai Restaurant ,749.6106910535735,3.3,"Leiden Centraal, Centrumzijde"
6280,Café-Bar Odeon,1117.6786219087742,4.0,"Leiden Centraal, Centrumzijde"
6281,Grand Café Klunder,491.1964571528282,0.0,"Leiden Centraal, Centrumzijde"
6282,1480 Food Bar,1019.4541370951409,4.0,"Leiden Centraal, Centrumzijde"
6283,Restaurant Tapas &,1057.2459116972116,5.0,"Leiden Centraal, Centrumzijde"
6284,Happy Italy,518.4117475871739,3.3,"Leiden Centraal, Centrumzijde"
6285,Granada Grand Cafe & Restaurant,597.1834813755764,5.0,"Leiden Centraal, Centrumzijde"
6286,Proeflokaal De Boom,942.184391949158,0.0,"Leiden Centraal, Centrumzijde"
6287,Kunchai,994.5218072237367,4.5,"Leiden Centraal, Centrumzijde"
6288,Cafe De Pilaren,1085.9413393183647,5.0,"Leiden Centraal, Centrumzijde"
6289,Moeke,484.4824365505958,0.0,"Leiden Centraal, Centrumzijde"
6290,De Amstelhoek,967.9020076874574,4.0,"Leiden Centraal, Centrumzijde"
6291,Il Colosseo,738.3859911669595,5.0,"Leiden Centraal, Centrumzijde"
6292,Rue de la Plume,789.023446360917,5.0,"Leiden Centraal, Centrumzijde"
6293,'t Friethuys,937.8352468571736,5.0,"Leiden Centraal, Centrumzijde"
6294,Taormina,1149.6070313784464,5.0,"Leiden Centraal, Centrumzijde"
6295,Ristobar Italica,1083.0744620729238,2.4,"Leiden Centraal, Centrumzijde"
6296,Le Bon,1008.7088239418918,4.0,"Leiden Centraal, Centrumzijde"
6297,De Bonte Bengel,574.7221520255662,2.8,"Leiden Centraal, Centrumzijde"
6298,Subway,861.8243738210845,5.0,"Leiden Centraal, Centrumzijde"
6299,Cafe Bali,920.3244724023469,3.7,"Leiden Centraal, Centrumzijde"
6300,De Binnenkomer,599.4072940907039,4.7,Utrecht P+R Westraven
6301,Vers Eten & Drinken,77.34336015072499,4.5,Utrecht P+R Westraven
6302,Daikichi,54.04131208278735,4.0,Utrecht P+R Westraven
6303,Burger King,38.753209797124605,3.0,Utrecht P+R Westraven
6304,Deli,1009.748379483375,4.8,Utrecht P+R Westraven
6305,Anne & Max,1050.9389047964175,4.8,Utrecht P+R Westraven
6306,De Buren,1060.7939670377473,4.1,Utrecht P+R Westraven
6307,King Sing,212.2733144925375,3.0,Utrecht P+R Westraven
6308,Aloha,852.7449434363177,4.0,Utrecht P+R Westraven
6309,Stadsstrand de Kade,620.6513341917654,5.0,Utrecht P+R Westraven
6310,Alkmaars Koffiehuis,723.9196172713763,5.0,Utrecht P+R Westraven
6311,Schots Restaurant Hielander,1008.5839781538273,3.8,Utrecht P+R Westraven
6312,Saladebar Oogst,479.2986157354422,5.0,Utrecht P+R Westraven
6313,Irish Pub Gunnery's,1101.3625315377635,5.0,Utrecht P+R Westraven
6314,Mojo's,942.0027393749233,5.0,Utrecht P+R Westraven
6315,Het Grand Cafeetje,935.7281656931732,4.0,Utrecht P+R Westraven
6316,Horecacentrum De Studio,516.498093746401,5.0,Utrecht P+R Westraven
6317,Vito,1485.8453538466451,4.3,Utrecht P+R Westraven
6318,Abby's,852.017140325663,4.3,Utrecht P+R Westraven
6319,Proeflokaal Bregje,525.2107427451322,2.3,Utrecht P+R Westraven
6320,restaurant zegels,744.6440355872974,4.7,Utrecht P+R Westraven
6321,Meat & Co,1020.6355087576528,4.3,Utrecht P+R Westraven
6322,Fresh Food,93.87041630226362,0.0,Utrecht P+R Westraven
6323,Petershoek Café,90.49918999393957,0.0,Utrecht P+R Westraven
6324,Burgers & Zo,566.070511391871,3.5,Utrecht P+R Westraven
6325,Pizzeria Ristorante La Famiglia,499.8180731679537,4.0,Utrecht P+R Westraven
6326,Heeren van Sonoy,811.7969541676354,3.0,Utrecht P+R Westraven
6327,Gulden Vlies,749.6198242086455,4.0,Utrecht P+R Westraven
6328,La Cubanita Alkmaar,1019.1139257354848,5.0,Utrecht P+R Westraven
6329,SuperThai Restaurant ,749.6106910535735,3.3,Utrecht P+R Westraven
6330,Café-Bar Odeon,1117.6786219087742,4.0,Utrecht P+R Westraven
6331,Grand Café Klunder,491.1964571528282,0.0,Utrecht P+R Westraven
6332,1480 Food Bar,1019.4541370951409,4.0,Utrecht P+R Westraven
6333,Restaurant Tapas &,1057.2459116972116,5.0,Utrecht P+R Westraven
6334,Happy Italy,518.4117475871739,3.3,Utrecht P+R Westraven
6335,Granada Grand Cafe & Restaurant,597.1834813755764,5.0,Utrecht P+R Westraven
6336,Proeflokaal De Boom,942.184391949158,0.0,Utrecht P+R Westraven
6337,Kunchai,994.5218072237367,4.5,Utrecht P+R Westraven
6338,Cafe De Pilaren,1085.9413393183647,5.0,Utrecht P+R Westraven
6339,Moeke,484.4824365505958,0.0,Utrecht P+R Westraven
6340,De Amstelhoek,967.9020076874574,4.0,Utrecht P+R Westraven
6341,Il Colosseo,738.3859911669595,5.0,Utrecht P+R Westraven
6342,Rue de la Plume,789.023446360917,5.0,Utrecht P+R Westraven
6343,'t Friethuys,937.8352468571736,5.0,Utrecht P+R Westraven
6344,Taormina,1149.6070313784464,5.0,Utrecht P+R Westraven
6345,Ristobar Italica,1083.0744620729238,2.4,Utrecht P+R Westraven
6346,Le Bon,1008.7088239418918,4.0,Utrecht P+R Westraven
6347,De Bonte Bengel,574.7221520255662,2.8,Utrecht P+R Westraven
6348,Subway,861.8243738210845,5.0,Utrecht P+R Westraven
6349,Cafe Bali,920.3244724023469,3.7,Utrecht P+R Westraven
6350,De Binnenkomer,599.4072940907039,4.7,Etten-Leur
6351,Vers Eten & Drinken,77.34336015072499,4.5,Etten-Leur
6352,Daikichi,54.04131208278735,4.0,Etten-Leur
6353,Burger King,38.753209797124605,3.0,Etten-Leur
6354,Deli,1009.748379483375,4.8,Etten-Leur
6355,Anne & Max,1050.9389047964175,4.8,Etten-Leur
6356,De Buren,1060.7939670377473,4.1,Etten-Leur
6357,King Sing,212.2733144925375,3.0,Etten-Leur
6358,Aloha,852.7449434363177,4.0,Etten-Leur
6359,Stadsstrand de Kade,620.6513341917654,5.0,Etten-Leur
6360,Alkmaars Koffiehuis,723.9196172713763,5.0,Etten-Leur
6361,Schots Restaurant Hielander,1008.5839781538273,3.8,Etten-Leur
6362,Saladebar Oogst,479.2986157354422,5.0,Etten-Leur
6363,Irish Pub Gunnery's,1101.3625315377635,5.0,Etten-Leur
6364,Mojo's,942.0027393749233,5.0,Etten-Leur
6365,Het Grand Cafeetje,935.7281656931732,4.0,Etten-Leur
6366,Horecacentrum De Studio,516.498093746401,5.0,Etten-Leur
6367,Vito,1485.8453538466451,4.3,Etten-Leur
6368,Abby's,852.017140325663,4.3,Etten-Leur
6369,Proeflokaal Bregje,525.2107427451322,2.3,Etten-Leur
6370,restaurant zegels,744.6440355872974,4.7,Etten-Leur
6371,Meat & Co,1020.6355087576528,4.3,Etten-Leur
6372,Fresh Food,93.87041630226362,0.0,Etten-Leur
6373,Petershoek Café,90.49918999393957,0.0,Etten-Leur
6374,Burgers & Zo,566.070511391871,3.5,Etten-Leur
6375,Pizzeria Ristorante La Famiglia,499.8180731679537,4.0,Etten-Leur
6376,Heeren van Sonoy,811.7969541676354,3.0,Etten-Leur
6377,Gulden Vlies,749.6198242086455,4.0,Etten-Leur
6378,La Cubanita Alkmaar,1019.1139257354848,5.0,Etten-Leur
6379,SuperThai Restaurant ,749.6106910535735,3.3,Etten-Leur
6380,Café-Bar Odeon,1117.6786219087742,4.0,Etten-Leur
6381,Grand Café Klunder,491.1964571528282,0.0,Etten-Leur
6382,1480 Food Bar,1019.4541370951409,4.0,Etten-Leur
6383,Restaurant Tapas &,1057.2459116972116,5.0,Etten-Leur
6384,Happy Italy,518.4117475871739,3.3,Etten-Leur
6385,Granada Grand Cafe & Restaurant,597.1834813755764,5.0,Etten-Leur
6386,Proeflokaal De Boom,942.184391949158,0.0,Etten-Leur
6387,Kunchai,994.5218072237367,4.5,Etten-Leur
6388,Cafe De Pilaren,1085.9413393183647,5.0,Etten-Leur
6389,Moeke,484.4824365505958,0.0,Etten-Leur
6390,De Amstelhoek,967.9020076874574,4.0,Etten-Leur
6391,Il Colosseo,738.3859911669595,5.0,Etten-Leur
6392,Rue de la Plume,789.023446360917,5.0,Etten-Leur
6393,'t Friethuys,937.8352468571736,5.0,Etten-Leur
6394,Taormina,1149.6070313784464,5.0,Etten-Leur
6395,Ristobar Italica,1083.0744620729238,2.4,Etten-Leur
6396,Le Bon,1008.7088239418918,4.0,Etten-Leur
6397,De Bonte Bengel,574.7221520255662,2.8,Etten-Leur
6398,Subway,861.8243738210845,5.0,Etten-Leur
6399,Cafe Bali,920.3244724023469,3.7,Etten-Leur
6400,De Binnenkomer,599.4072940907039,4.7,Landgraaf
6401,Vers Eten & Drinken,77.34336015072499,4.5,Landgraaf
6402,Daikichi,54.04131208278735,4.0,Landgraaf
6403,Burger King,38.753209797124605,3.0,Landgraaf
6404,Deli,1009.748379483375,4.8,Landgraaf
6405,Anne & Max,1050.9389047964175,4.8,Landgraaf
6406,De Buren,1060.7939670377473,4.1,Landgraaf
6407,King Sing,212.2733144925375,3.0,Landgraaf
6408,Aloha,852.7449434363177,4.0,Landgraaf
6409,Stadsstrand de Kade,620.6513341917654,5.0,Landgraaf
6410,Alkmaars Koffiehuis,723.9196172713763,5.0,Landgraaf
6411,Schots Restaurant Hielander,1008.5839781538273,3.8,Landgraaf
6412,Saladebar Oogst,479.2986157354422,5.0,Landgraaf
6413,Irish Pub Gunnery's,1101.3625315377635,5.0,Landgraaf
6414,Mojo's,942.0027393749233,5.0,Landgraaf
6415,Het Grand Cafeetje,935.7281656931732,4.0,Landgraaf
6416,Horecacentrum De Studio,516.498093746401,5.0,Landgraaf
6417,Vito,1485.8453538466451,4.3,Landgraaf
6418,Abby's,852.017140325663,4.3,Landgraaf
6419,Proeflokaal Bregje,525.2107427451322,2.3,Landgraaf
6420,restaurant zegels,744.6440355872974,4.7,Landgraaf
6421,Meat & Co,1020.6355087576528,4.3,Landgraaf
6422,Fresh Food,93.87041630226362,0.0,Landgraaf
6423,Petershoek Café,90.49918999393957,0.0,Landgraaf
6424,Burgers & Zo,566.070511391871,3.5,Landgraaf
6425,Pizzeria Ristorante La Famiglia,499.8180731679537,4.0,Landgraaf
6426,Heeren van Sonoy,811.7969541676354,3.0,Landgraaf
6427,Gulden Vlies,749.6198242086455,4.0,Landgraaf
6428,La Cubanita Alkmaar,1019.1139257354848,5.0,Landgraaf
6429,SuperThai Restaurant ,749.6106910535735,3.3,Landgraaf
6430,Café-Bar Odeon,1117.6786219087742,4.0,Landgraaf
6431,Grand Café Klunder,491.1964571528282,0.0,Landgraaf
6432,1480 Food Bar,1019.4541370951409,4.0,Landgraaf
6433,Restaurant Tapas &,1057.2459116972116,5.0,Landgraaf
6434,Happy Italy,518.4117475871739,3.3,Landgraaf
6435,Granada Grand Cafe & Restaurant,597.1834813755764,5.0,Landgraaf
6436,Proeflokaal De Boom,942.184391949158,0.0,Landgraaf
6437,Kunchai,994.5218072237367,4.5,Landgraaf
6438,Cafe De Pilaren,1085.9413393183647,5.0,Landgraaf
6439,Moeke,484.4824365505958,0.0,Landgraaf
6440,De Amstelhoek,967.9020076874574,4.0,Landgraaf
6441,Il Colosseo,738.3859911669595,5.0,Landgraaf
6442,Rue de la Plume,789.023446360917,5.0,Landgraaf
6443,'t Friethuys,937.8352468571736,5.0,Landgraaf
6444,Taormina,1149.6070313784464,5.0,Landgraaf
6445,Ristobar Italica,1083.0744620729238,2.4,Landgraaf
6446,Le Bon,1008.7088239418918,4.0,Landgraaf
6447,De Bonte Bengel,574.7221520255662,2.8,Landgraaf
6448,Subway,861.8243738210845,5.0,Landgraaf
6449,Cafe Bali,920.3244724023469,3.7,Landgraaf
6450,De Binnenkomer,599.4072940907039,4.7,Alkmaar Noord
6451,Vers Eten & Drinken,77.34336015072499,4.5,Alkmaar Noord
6452,Daikichi,54.04131208278735,4.0,Alkmaar Noord
6453,Burger King,38.753209797124605,3.0,Alkmaar Noord
6454,Deli,1009.748379483375,4.8,Alkmaar Noord
6455,Anne & Max,1050.9389047964175,4.8,Alkmaar Noord
6456,De Buren,1060.7939670377473,4.1,Alkmaar Noord
6457,King Sing,212.2733144925375,3.0,Alkmaar Noord
6458,Aloha,852.7449434363177,4.0,Alkmaar Noord
6459,Stadsstrand de Kade,620.6513341917654,5.0,Alkmaar Noord
6460,Alkmaars Koffiehuis,723.9196172713763,5.0,Alkmaar Noord
6461,Schots Restaurant Hielander,1008.5839781538273,3.8,Alkmaar Noord
6462,Saladebar Oogst,479.2986157354422,5.0,Alkmaar Noord
6463,Irish Pub Gunnery's,1101.3625315377635,5.0,Alkmaar Noord
6464,Mojo's,942.0027393749233,5.0,Alkmaar Noord
6465,Het Grand Cafeetje,935.7281656931732,4.0,Alkmaar Noord
6466,Horecacentrum De Studio,516.498093746401,5.0,Alkmaar Noord
6467,Vito,1485.8453538466451,4.3,Alkmaar Noord
6468,Abby's,852.017140325663,4.3,Alkmaar Noord
6469,Proeflokaal Bregje,525.2107427451322,2.3,Alkmaar Noord
6470,restaurant zegels,744.6440355872974,4.7,Alkmaar Noord
6471,Meat & Co,1020.6355087576528,4.3,Alkmaar Noord
6472,Fresh Food,93.87041630226362,0.0,Alkmaar Noord
6473,Petershoek Café,90.49918999393957,0.0,Alkmaar Noord
6474,Burgers & Zo,566.070511391871,3.5,Alkmaar Noord
6475,Pizzeria Ristorante La Famiglia,499.8180731679537,4.0,Alkmaar Noord
6476,Heeren van Sonoy,811.7969541676354,3.0,Alkmaar Noord
6477,Gulden Vlies,749.6198242086455,4.0,Alkmaar Noord
6478,La Cubanita Alkmaar,1019.1139257354848,5.0,Alkmaar Noord
6479,SuperThai Restaurant ,749.6106910535735,3.3,Alkmaar Noord
6480,Café-Bar Odeon,1117.6786219087742,4.0,Alkmaar Noord
6481,Grand Café Klunder,491.1964571528282,0.0,Alkmaar Noord
6482,1480 Food Bar,1019.4541370951409,4.0,Alkmaar Noord
6483,Restaurant Tapas &,1057.2459116972116,5.0,Alkmaar Noord
6484,Happy Italy,518.4117475871739,3.3,Alkmaar Noord
6485,Granada Grand Cafe & Restaurant,597.1834813755764,5.0,Alkmaar Noord
6486,Proeflokaal De Boom,942.184391949158,0.0,Alkmaar Noord
6487,Kunchai,994.5218072237367,4.5,Alkmaar Noord
6488,Cafe De Pilaren,1085.9413393183647,5.0,Alkmaar Noord
6489,Moeke,484.4824365505958,0.0,Alkmaar Noord
6490,De Amstelhoek,967.9020076874574,4.0,Alkmaar Noord
6491,Il Colosseo,738.3859911669595,5.0,Alkmaar Noord
6492,Rue de la Plume,789.023446360917,5.0,Alkmaar Noord
6493,'t Friethuys,937.8352468571736,5.0,Alkmaar Noord
6494,Taormina,1149.6070313784464,5.0,Alkmaar Noord
6495,Ristobar Italica,1083.0744620729238,2.4,Alkmaar Noord
6496,Le Bon,1008.7088239418918,4.0,Alkmaar Noord
6497,De Bonte Bengel,574.7221520255662,2.8,Alkmaar Noord
6498,Subway,861.8243738210845,5.0,Alkmaar Noord
6499,Cafe Bali,920.3244724023469,3.7,Alkmaar Noord
6500,De Binnenkomer,599.4072940907039,4.7,Breukelen
6501,Vers Eten & Drinken,77.34336015072499,4.5,Breukelen
6502,Daikichi,54.04131208278735,4.0,Breukelen
6503,Burger King,38.753209797124605,3.0,Breukelen
6504,Deli,1009.748379483375,4.8,Breukelen
6505,Anne & Max,1050.9389047964175,4.8,Breukelen
6506,De Buren,1060.7939670377473,4.1,Breukelen
6507,King Sing,212.2733144925375,3.0,Breukelen
6508,Aloha,852.7449434363177,4.0,Breukelen
6509,Stadsstrand de Kade,620.6513341917654,5.0,Breukelen
6510,Alkmaars Koffiehuis,723.9196172713763,5.0,Breukelen
6511,Schots Restaurant Hielander,1008.5839781538273,3.8,Breukelen
6512,Saladebar Oogst,479.2986157354422,5.0,Breukelen
6513,Irish Pub Gunnery's,1101.3625315377635,5.0,Breukelen
6514,Mojo's,942.0027393749233,5.0,Breukelen
6515,Het Grand Cafeetje,935.7281656931732,4.0,Breukelen
6516,Horecacentrum De Studio,516.498093746401,5.0,Breukelen
6517,Vito,1485.8453538466451,4.3,Breukelen
6518,Abby's,852.017140325663,4.3,Breukelen
6519,Proeflokaal Bregje,525.2107427451322,2.3,Breukelen
6520,restaurant zegels,744.6440355872974,4.7,Breukelen
6521,Meat & Co,1020.6355087576528,4.3,Breukelen
6522,Fresh Food,93.87041630226362,0.0,Breukelen
6523,Petershoek Café,90.49918999393957,0.0,Breukelen
6524,Burgers & Zo,566.070511391871,3.5,Breukelen
6525,Pizzeria Ristorante La Famiglia,499.8180731679537,4.0,Breukelen
6526,Heeren van Sonoy,811.7969541676354,3.0,Breukelen
6527,Gulden Vlies,749.6198242086455,4.0,Breukelen
6528,La Cubanita Alkmaar,1019.1139257354848,5.0,Breukelen
6529,SuperThai Restaurant ,749.6106910535735,3.3,Breukelen
6530,Café-Bar Odeon,1117.6786219087742,4.0,Breukelen
6531,Grand Café Klunder,491.1964571528282,0.0,Breukelen
6532,1480 Food Bar,1019.4541370951409,4.0,Breukelen
6533,Restaurant Tapas &,1057.2459116972116,5.0,Breukelen
6534,Happy Italy,518.4117475871739,3.3,Breukelen
6535,Granada Grand Cafe & Restaurant,597.1834813755764,5.0,Breukelen
6536,Proeflokaal De Boom,942.184391949158,0.0,Breukelen
6537,Kunchai,994.5218072237367,4.5,Breukelen
6538,Cafe De Pilaren,1085.9413393183647,5.0,Breukelen
6539,Moeke,484.4824365505958,0.0,Breukelen
6540,De Amstelhoek,967.9020076874574,4.0,Breukelen
6541,Il Colosseo,738.3859911669595,5.0,Breukelen
6542,Rue de la Plume,789.023446360917,5.0,Breukelen
6543,'t Friethuys,937.8352468571736,5.0,Breukelen
6544,Taormina,1149.6070313784464,5.0,Breukelen
6545,Ristobar Italica,1083.0744620729238,2.4,Breukelen
6546,Le Bon,1008.7088239418918,4.0,Breukelen
6547,De Bonte Bengel,574.7221520255662,2.8,Breukelen
6548,Subway,861.8243738210845,5.0,Breukelen
6549,Cafe Bali,920.3244724023469,3.7,Breukelen
6550,De Binnenkomer,599.4072940907039,4.7,Tilburg West Universiteit
6551,Vers Eten & Drinken,77.34336015072499,4.5,Tilburg West Universiteit
6552,Daikichi,54.04131208278735,4.0,Tilburg West Universiteit
6553,Burger King,38.753209797124605,3.0,Tilburg West Universiteit
6554,Deli,1009.748379483375,4.8,Tilburg West Universiteit
6555,Anne & Max,1050.9389047964175,4.8,Tilburg West Universiteit
6556,De Buren,1060.7939670377473,4.1,Tilburg West Universiteit
6557,King Sing,212.2733144925375,3.0,Tilburg West Universiteit
6558,Aloha,852.7449434363177,4.0,Tilburg West Universiteit
6559,Stadsstrand de Kade,620.6513341917654,5.0,Tilburg West Universiteit
6560,Alkmaars Koffiehuis,723.9196172713763,5.0,Tilburg West Universiteit
6561,Schots Restaurant Hielander,1008.5839781538273,3.8,Tilburg West Universiteit
6562,Saladebar Oogst,479.2986157354422,5.0,Tilburg West Universiteit
6563,Irish Pub Gunnery's,1101.3625315377635,5.0,Tilburg West Universiteit
6564,Mojo's,942.0027393749233,5.0,Tilburg West Universiteit
6565,Het Grand Cafeetje,935.7281656931732,4.0,Tilburg West Universiteit
6566,Horecacentrum De Studio,516.498093746401,5.0,Tilburg West Universiteit
6567,Vito,1485.8453538466451,4.3,Tilburg West Universiteit
6568,Abby's,852.017140325663,4.3,Tilburg West Universiteit
6569,Proeflokaal Bregje,525.2107427451322,2.3,Tilburg West Universiteit
6570,restaurant zegels,744.6440355872974,4.7,Tilburg West Universiteit
6571,Meat & Co,1020.6355087576528,4.3,Tilburg West Universiteit
6572,Fresh Food,93.87041630226362,0.0,Tilburg West Universiteit
6573,Petershoek Café,90.49918999393957,0.0,Tilburg West Universiteit
6574,Burgers & Zo,566.070511391871,3.5,Tilburg West Universiteit
6575,Pizzeria Ristorante La Famiglia,499.8180731679537,4.0,Tilburg West Universiteit
6576,Heeren van Sonoy,811.7969541676354,3.0,Tilburg West Universiteit
6577,Gulden Vlies,749.6198242086455,4.0,Tilburg West Universiteit
6578,La Cubanita Alkmaar,1019.1139257354848,5.0,Tilburg West Universiteit
6579,SuperThai Restaurant ,749.6106910535735,3.3,Tilburg West Universiteit
6580,Café-Bar Odeon,1117.6786219087742,4.0,Tilburg West Universiteit
6581,Grand Café Klunder,491.1964571528282,0.0,Tilburg West Universiteit
6582,1480 Food Bar,1019.4541370951409,4.0,Tilburg West Universiteit
6583,Restaurant Tapas &,1057.2459116972116,5.0,Tilburg West Universiteit
6584,Happy Italy,518.4117475871739,3.3,Tilburg West Universiteit
6585,Granada Grand Cafe & Restaurant,597.1834813755764,5.0,Tilburg West Universiteit
6586,Proeflokaal De Boom,942.184391949158,0.0,Tilburg West Universiteit
6587,Kunchai,994.5218072237367,4.5,Tilburg West Universiteit
6588,Cafe De Pilaren,1085.9413393183647,5.0,Tilburg West Universiteit
6589,Moeke,484.4824365505958,0.0,Tilburg West Universiteit
6590,De Amstelhoek,967.9020076874574,4.0,Tilburg West Universiteit
6591,Il Colosseo,738.3859911669595,5.0,Tilburg West Universiteit
6592,Rue de la Plume,789.023446360917,5.0,Tilburg West Universiteit
6593,'t Friethuys,937.8352468571736,5.0,Tilburg West Universiteit
6594,Taormina,1149.6070313784464,5.0,Tilburg West Universiteit
6595,Ristobar Italica,1083.0744620729238,2.4,Tilburg West Universiteit
6596,Le Bon,1008.7088239418918,4.0,Tilburg West Universiteit
6597,De Bonte Bengel,574.7221520255662,2.8,Tilburg West Universiteit
6598,Subway,861.8243738210845,5.0,Tilburg West Universiteit
6599,Cafe Bali,920.3244724023469,3.7,Tilburg West Universiteit
6600,De Binnenkomer,599.4072940907039,4.7,Utrecht Centraal Knoop
6601,Vers Eten & Drinken,77.34336015072499,4.5,Utrecht Centraal Knoop
6602,Daikichi,54.04131208278735,4.0,Utrecht Centraal Knoop
6603,Burger King,38.753209797124605,3.0,Utrecht Centraal Knoop
6604,Deli,1009.748379483375,4.8,Utrecht Centraal Knoop
6605,Anne & Max,1050.9389047964175,4.8,Utrecht Centraal Knoop
6606,De Buren,1060.7939670377473,4.1,Utrecht Centraal Knoop
6607,King Sing,212.2733144925375,3.0,Utrecht Centraal Knoop
6608,Aloha,852.7449434363177,4.0,Utrecht Centraal Knoop
6609,Stadsstrand de Kade,620.6513341917654,5.0,Utrecht Centraal Knoop
6610,Alkmaars Koffiehuis,723.9196172713763,5.0,Utrecht Centraal Knoop
6611,Schots Restaurant Hielander,1008.5839781538273,3.8,Utrecht Centraal Knoop
6612,Saladebar Oogst,479.2986157354422,5.0,Utrecht Centraal Knoop
6613,Irish Pub Gunnery's,1101.3625315377635,5.0,Utrecht Centraal Knoop
6614,Mojo's,942.0027393749233,5.0,Utrecht Centraal Knoop
6615,Het Grand Cafeetje,935.7281656931732,4.0,Utrecht Centraal Knoop
6616,Horecacentrum De Studio,516.498093746401,5.0,Utrecht Centraal Knoop
6617,Vito,1485.8453538466451,4.3,Utrecht Centraal Knoop
6618,Abby's,852.017140325663,4.3,Utrecht Centraal Knoop
6619,Proeflokaal Bregje,525.2107427451322,2.3,Utrecht Centraal Knoop
6620,restaurant zegels,744.6440355872974,4.7,Utrecht Centraal Knoop
6621,Meat & Co,1020.6355087576528,4.3,Utrecht Centraal Knoop
6622,Fresh Food,93.87041630226362,0.0,Utrecht Centraal Knoop
6623,Petershoek Café,90.49918999393957,0.0,Utrecht Centraal Knoop
6624,Burgers & Zo,566.070511391871,3.5,Utrecht Centraal Knoop
6625,Pizzeria Ristorante La Famiglia,499.8180731679537,4.0,Utrecht Centraal Knoop
6626,Heeren van Sonoy,811.7969541676354,3.0,Utrecht Centraal Knoop
6627,Gulden Vlies,749.6198242086455,4.0,Utrecht Centraal Knoop
6628,La Cubanita Alkmaar,1019.1139257354848,5.0,Utrecht Centraal Knoop
6629,SuperThai Restaurant ,749.6106910535735,3.3,Utrecht Centraal Knoop
6630,Café-Bar Odeon,1117.6786219087742,4.0,Utrecht Centraal Knoop
6631,Grand Café Klunder,491.1964571528282,0.0,Utrecht Centraal Knoop
6632,1480 Food Bar,1019.4541370951409,4.0,Utrecht Centraal Knoop
6633,Restaurant Tapas &,1057.2459116972116,5.0,Utrecht Centraal Knoop
6634,Happy Italy,518.4117475871739,3.3,Utrecht Centraal Knoop
6635,Granada Grand Cafe & Restaurant,597.1834813755764,5.0,Utrecht Centraal Knoop
6636,Proeflokaal De Boom,942.184391949158,0.0,Utrecht Centraal Knoop
6637,Kunchai,994.5218072237367,4.5,Utrecht Centraal Knoop
6638,Cafe De Pilaren,1085.9413393183647,5.0,Utrecht Centraal Knoop
6639,Moeke,484.4824365505958,0.0,Utrecht Centraal Knoop
6640,De Amstelhoek,967.9020076874574,4.0,Utrecht Centraal Knoop
6641,Il Colosseo,738.3859911669595,5.0,Utrecht Centraal Knoop
6642,Rue de la Plume,789.023446360917,5.0,Utrecht Centraal Knoop
6643,'t Friethuys,937.8352468571736,5.0,Utrecht Centraal Knoop
6644,Taormina,1149.6070313784464,5.0,Utrecht Centraal Knoop
6645,Ristobar Italica,1083.0744620729238,2.4,Utrecht Centraal Knoop
6646,Le Bon,1008.7088239418918,4.0,Utrecht Centraal Knoop
6647,De Bonte Bengel,574.7221520255662,2.8,Utrecht Centraal Knoop
6648,Subway,861.8243738210845,5.0,Utrecht Centraal Knoop
6649,Cafe Bali,920.3244724023469,3.7,Utrecht Centraal Knoop
6650,De Binnenkomer,599.4072940907039,4.7,Culemborg
6651,Vers Eten & Drinken,77.34336015072499,4.5,Culemborg
6652,Daikichi,54.04131208278735,4.0,Culemborg
6653,Burger King,38.753209797124605,3.0,Culemborg
6654,Deli,1009.748379483375,4.8,Culemborg
6655,Anne & Max,1050.9389047964175,4.8,Culemborg
6656,De Buren,1060.7939670377473,4.1,Culemborg
6657,King Sing,212.2733144925375,3.0,Culemborg
6658,Aloha,852.7449434363177,4.0,Culemborg
6659,Stadsstrand de Kade,620.6513341917654,5.0,Culemborg
6660,Alkmaars Koffiehuis,723.9196172713763,5.0,Culemborg
6661,Schots Restaurant Hielander,1008.5839781538273,3.8,Culemborg
6662,Saladebar Oogst,479.2986157354422,5.0,Culemborg
6663,Irish Pub Gunnery's,1101.3625315377635,5.0,Culemborg
6664,Mojo's,942.0027393749233,5.0,Culemborg
6665,Het Grand Cafeetje,935.7281656931732,4.0,Culemborg
6666,Horecacentrum De Studio,516.498093746401,5.0,Culemborg
6667,Vito,1485.8453538466451,4.3,Culemborg
6668,Abby's,852.017140325663,4.3,Culemborg
6669,Proeflokaal Bregje,525.2107427451322,2.3,Culemborg
6670,restaurant zegels,744.6440355872974,4.7,Culemborg
6671,Meat & Co,1020.6355087576528,4.3,Culemborg
6672,Fresh Food,93.87041630226362,0.0,Culemborg
6673,Petershoek Café,90.49918999393957,0.0,Culemborg
6674,Burgers & Zo,566.070511391871,3.5,Culemborg
6675,Pizzeria Ristorante La Famiglia,499.8180731679537,4.0,Culemborg
6676,Heeren van Sonoy,811.7969541676354,3.0,Culemborg
6677,Gulden Vlies,749.6198242086455,4.0,Culemborg
6678,La Cubanita Alkmaar,1019.1139257354848,5.0,Culemborg
6679,SuperThai Restaurant ,749.6106910535735,3.3,Culemborg
6680,Café-Bar Odeon,1117.6786219087742,4.0,Culemborg
6681,Grand Café Klunder,491.1964571528282,0.0,Culemborg
6682,1480 Food Bar,1019.4541370951409,4.0,Culemborg
6683,Restaurant Tapas &,1057.2459116972116,5.0,Culemborg
6684,Happy Italy,518.4117475871739,3.3,Culemborg
6685,Granada Grand Cafe & Restaurant,597.1834813755764,5.0,Culemborg
6686,Proeflokaal De Boom,942.184391949158,0.0,Culemborg
6687,Kunchai,994.5218072237367,4.5,Culemborg
6688,Cafe De Pilaren,1085.9413393183647,5.0,Culemborg
6689,Moeke,484.4824365505958,0.0,Culemborg
6690,De Amstelhoek,967.9020076874574,4.0,Culemborg
6691,Il Colosseo,738.3859911669595,5.0,Culemborg
6692,Rue de la Plume,789.023446360917,5.0,Culemborg
6693,'t Friethuys,937.8352468571736,5.0,Culemborg
6694,Taormina,1149.6070313784464,5.0,Culemborg
6695,Ristobar Italica,1083.0744620729238,2.4,Culemborg
6696,Le Bon,1008.7088239418918,4.0,Culemborg
6697,De Bonte Bengel,574.7221520255662,2.8,Culemborg
6698,Subway,861.8243738210845,5.0,Culemborg
6699,Cafe Bali,920.3244724023469,3.7,Culemborg
6700,De Binnenkomer,599.4072940907039,4.7,Sleeuwijk Tol West
6701,Vers Eten & Drinken,77.34336015072499,4.5,Sleeuwijk Tol West
6702,Daikichi,54.04131208278735,4.0,Sleeuwijk Tol West
6703,Burger King,38.753209797124605,3.0,Sleeuwijk Tol West
6704,Deli,1009.748379483375,4.8,Sleeuwijk Tol West
6705,Anne & Max,1050.9389047964175,4.8,Sleeuwijk Tol West
6706,De Buren,1060.7939670377473,4.1,Sleeuwijk Tol West
6707,King Sing,212.2733144925375,3.0,Sleeuwijk Tol West
6708,Aloha,852.7449434363177,4.0,Sleeuwijk Tol West
6709,Stadsstrand de Kade,620.6513341917654,5.0,Sleeuwijk Tol West
6710,Alkmaars Koffiehuis,723.9196172713763,5.0,Sleeuwijk Tol West
6711,Schots Restaurant Hielander,1008.5839781538273,3.8,Sleeuwijk Tol West
6712,Saladebar Oogst,479.2986157354422,5.0,Sleeuwijk Tol West
6713,Irish Pub Gunnery's,1101.3625315377635,5.0,Sleeuwijk Tol West
6714,Mojo's,942.0027393749233,5.0,Sleeuwijk Tol West
6715,Het Grand Cafeetje,935.7281656931732,4.0,Sleeuwijk Tol West
6716,Horecacentrum De Studio,516.498093746401,5.0,Sleeuwijk Tol West
6717,Vito,1485.8453538466451,4.3,Sleeuwijk Tol West
6718,Abby's,852.017140325663,4.3,Sleeuwijk Tol West
6719,Proeflokaal Bregje,525.2107427451322,2.3,Sleeuwijk Tol West
6720,restaurant zegels,744.6440355872974,4.7,Sleeuwijk Tol West
6721,Meat & Co,1020.6355087576528,4.3,Sleeuwijk Tol West
6722,Fresh Food,93.87041630226362,0.0,Sleeuwijk Tol West
6723,Petershoek Café,90.49918999393957,0.0,Sleeuwijk Tol West
6724,Burgers & Zo,566.070511391871,3.5,Sleeuwijk Tol West
6725,Pizzeria Ristorante La Famiglia,499.8180731679537,4.0,Sleeuwijk Tol West
6726,Heeren van Sonoy,811.7969541676354,3.0,Sleeuwijk Tol West
6727,Gulden Vlies,749.6198242086455,4.0,Sleeuwijk Tol West
6728,La Cubanita Alkmaar,1019.1139257354848,5.0,Sleeuwijk Tol West
6729,SuperThai Restaurant ,749.6106910535735,3.3,Sleeuwijk Tol West
6730,Café-Bar Odeon,1117.6786219087742,4.0,Sleeuwijk Tol West
6731,Grand Café Klunder,491.1964571528282,0.0,Sleeuwijk Tol West
6732,1480 Food Bar,1019.4541370951409,4.0,Sleeuwijk Tol West
6733,Restaurant Tapas &,1057.2459116972116,5.0,Sleeuwijk Tol West
6734,Happy Italy,518.4117475871739,3.3,Sleeuwijk Tol West
6735,Granada Grand Cafe & Restaurant,597.1834813755764,5.0,Sleeuwijk Tol West
6736,Proeflokaal De Boom,942.184391949158,0.0,Sleeuwijk Tol West
6737,Kunchai,994.5218072237367,4.5,Sleeuwijk Tol West
6738,Cafe De Pilaren,1085.9413393183647,5.0,Sleeuwijk Tol West
6739,Moeke,484.4824365505958,0.0,Sleeuwijk Tol West
6740,De Amstelhoek,967.9020076874574,4.0,Sleeuwijk Tol West
6741,Il Colosseo,738.3859911669595,5.0,Sleeuwijk Tol West
6742,Rue de la Plume,789.023446360917,5.0,Sleeuwijk Tol West
6743,'t Friethuys,937.8352468571736,5.0,Sleeuwijk Tol West
6744,Taormina,1149.6070313784464,5.0,Sleeuwijk Tol West
6745,Ristobar Italica,1083.0744620729238,2.4,Sleeuwijk Tol West
6746,Le Bon,1008.7088239418918,4.0,Sleeuwijk Tol West
6747,De Bonte Bengel,574.7221520255662,2.8,Sleeuwijk Tol West
6748,Subway,861.8243738210845,5.0,Sleeuwijk Tol West
6749,Cafe Bali,920.3244724023469,3.7,Sleeuwijk Tol West
6750,De Binnenkomer,599.4072940907039,4.7,Rotterdam Kralingse Zoom
6751,Vers Eten & Drinken,77.34336015072499,4.5,Rotterdam Kralingse Zoom
6752,Daikichi,54.04131208278735,4.0,Rotterdam Kralingse Zoom
6753,Burger King,38.753209797124605,3.0,Rotterdam Kralingse Zoom
6754,Deli,1009.748379483375,4.8,Rotterdam Kralingse Zoom
6755,Anne & Max,1050.9389047964175,4.8,Rotterdam Kralingse Zoom
6756,De Buren,1060.7939670377473,4.1,Rotterdam Kralingse Zoom
6757,King Sing,212.2733144925375,3.0,Rotterdam Kralingse Zoom
6758,Aloha,852.7449434363177,4.0,Rotterdam Kralingse Zoom
6759,Stadsstrand de Kade,620.6513341917654,5.0,Rotterdam Kralingse Zoom
6760,Alkmaars Koffiehuis,723.9196172713763,5.0,Rotterdam Kralingse Zoom
6761,Schots Restaurant Hielander,1008.5839781538273,3.8,Rotterdam Kralingse Zoom
6762,Saladebar Oogst,479.2986157354422,5.0,Rotterdam Kralingse Zoom
6763,Irish Pub Gunnery's,1101.3625315377635,5.0,Rotterdam Kralingse Zoom
6764,Mojo's,942.0027393749233,5.0,Rotterdam Kralingse Zoom
6765,Het Grand Cafeetje,935.7281656931732,4.0,Rotterdam Kralingse Zoom
6766,Horecacentrum De Studio,516.498093746401,5.0,Rotterdam Kralingse Zoom
6767,Vito,1485.8453538466451,4.3,Rotterdam Kralingse Zoom
6768,Abby's,852.017140325663,4.3,Rotterdam Kralingse Zoom
6769,Proeflokaal Bregje,525.2107427451322,2.3,Rotterdam Kralingse Zoom
6770,restaurant zegels,744.6440355872974,4.7,Rotterdam Kralingse Zoom
6771,Meat & Co,1020.6355087576528,4.3,Rotterdam Kralingse Zoom
6772,Fresh Food,93.87041630226362,0.0,Rotterdam Kralingse Zoom
6773,Petershoek Café,90.49918999393957,0.0,Rotterdam Kralingse Zoom
6774,Burgers & Zo,566.070511391871,3.5,Rotterdam Kralingse Zoom
6775,Pizzeria Ristorante La Famiglia,499.8180731679537,4.0,Rotterdam Kralingse Zoom
6776,Heeren van Sonoy,811.7969541676354,3.0,Rotterdam Kralingse Zoom
6777,Gulden Vlies,749.6198242086455,4.0,Rotterdam Kralingse Zoom
6778,La Cubanita Alkmaar,1019.1139257354848,5.0,Rotterdam Kralingse Zoom
6779,SuperThai Restaurant ,749.6106910535735,3.3,Rotterdam Kralingse Zoom
6780,Café-Bar Odeon,1117.6786219087742,4.0,Rotterdam Kralingse Zoom
6781,Grand Café Klunder,491.1964571528282,0.0,Rotterdam Kralingse Zoom
6782,1480 Food Bar,1019.4541370951409,4.0,Rotterdam Kralingse Zoom
6783,Restaurant Tapas &,1057.2459116972116,5.0,Rotterdam Kralingse Zoom
6784,Happy Italy,518.4117475871739,3.3,Rotterdam Kralingse Zoom
6785,Granada Grand Cafe & Restaurant,597.1834813755764,5.0,Rotterdam Kralingse Zoom
6786,Proeflokaal De Boom,942.184391949158,0.0,Rotterdam Kralingse Zoom
6787,Kunchai,994.5218072237367,4.5,Rotterdam Kralingse Zoom
6788,Cafe De Pilaren,1085.9413393183647,5.0,Rotterdam Kralingse Zoom
6789,Moeke,484.4824365505958,0.0,Rotterdam Kralingse Zoom
6790,De Amstelhoek,967.9020076874574,4.0,Rotterdam Kralingse Zoom
6791,Il Colosseo,738.3859911669595,5.0,Rotterdam Kralingse Zoom
6792,Rue de la Plume,789.023446360917,5.0,Rotterdam Kralingse Zoom
6793,'t Friethuys,937.8352468571736,5.0,Rotterdam Kralingse Zoom
6794,Taormina,1149.6070313784464,5.0,Rotterdam Kralingse Zoom
6795,Ristobar Italica,1083.0744620729238,2.4,Rotterdam Kralingse Zoom
6796,Le Bon,1008.7088239418918,4.0,Rotterdam Kralingse Zoom
6797,De Bonte Bengel,574.7221520255662,2.8,Rotterdam Kralingse Zoom
6798,Subway,861.8243738210845,5.0,Rotterdam Kralingse Zoom
6799,Cafe Bali,920.3244724023469,3.7,Rotterdam Kralingse Zoom
6800,De Binnenkomer,599.4072940907039,4.7,Sliedrecht
6801,Vers Eten & Drinken,77.34336015072499,4.5,Sliedrecht
6802,Daikichi,54.04131208278735,4.0,Sliedrecht
6803,Burger King,38.753209797124605,3.0,Sliedrecht
6804,Deli,1009.748379483375,4.8,Sliedrecht
6805,Anne & Max,1050.9389047964175,4.8,Sliedrecht
6806,De Buren,1060.7939670377473,4.1,Sliedrecht
6807,King Sing,212.2733144925375,3.0,Sliedrecht
6808,Aloha,852.7449434363177,4.0,Sliedrecht
6809,Stadsstrand de Kade,620.6513341917654,5.0,Sliedrecht
6810,Alkmaars Koffiehuis,723.9196172713763,5.0,Sliedrecht
6811,Schots Restaurant Hielander,1008.5839781538273,3.8,Sliedrecht
6812,Saladebar Oogst,479.2986157354422,5.0,Sliedrecht
6813,Irish Pub Gunnery's,1101.3625315377635,5.0,Sliedrecht
6814,Mojo's,942.0027393749233,5.0,Sliedrecht
6815,Het Grand Cafeetje,935.7281656931732,4.0,Sliedrecht
6816,Horecacentrum De Studio,516.498093746401,5.0,Sliedrecht
6817,Vito,1485.8453538466451,4.3,Sliedrecht
6818,Abby's,852.017140325663,4.3,Sliedrecht
6819,Proeflokaal Bregje,525.2107427451322,2.3,Sliedrecht
6820,restaurant zegels,744.6440355872974,4.7,Sliedrecht
6821,Meat & Co,1020.6355087576528,4.3,Sliedrecht
6822,Fresh Food,93.87041630226362,0.0,Sliedrecht
6823,Petershoek Café,90.49918999393957,0.0,Sliedrecht
6824,Burgers & Zo,566.070511391871,3.5,Sliedrecht
6825,Pizzeria Ristorante La Famiglia,499.8180731679537,4.0,Sliedrecht
6826,Heeren van Sonoy,811.7969541676354,3.0,Sliedrecht
6827,Gulden Vlies,749.6198242086455,4.0,Sliedrecht
6828,La Cubanita Alkmaar,1019.1139257354848,5.0,Sliedrecht
6829,SuperThai Restaurant ,749.6106910535735,3.3,Sliedrecht
6830,Café-Bar Odeon,1117.6786219087742,4.0,Sliedrecht
6831,Grand Café Klunder,491.1964571528282,0.0,Sliedrecht
6832,1480 Food Bar,1019.4541370951409,4.0,Sliedrecht
6833,Restaurant Tapas &,1057.2459116972116,5.0,Sliedrecht
6834,Happy Italy,518.4117475871739,3.3,Sliedrecht
6835,Granada Grand Cafe & Restaurant,597.1834813755764,5.0,Sliedrecht
6836,Proeflokaal De Boom,942.184391949158,0.0,Sliedrecht
6837,Kunchai,994.5218072237367,4.5,Sliedrecht
6838,Cafe De Pilaren,1085.9413393183647,5.0,Sliedrecht
6839,Moeke,484.4824365505958,0.0,Sliedrecht
6840,De Amstelhoek,967.9020076874574,4.0,Sliedrecht
6841,Il Colosseo,738.3859911669595,5.0,Sliedrecht
6842,Rue de la Plume,789.023446360917,5.0,Sliedrecht
6843,'t Friethuys,937.8352468571736,5.0,Sliedrecht
6844,Taormina,1149.6070313784464,5.0,Sliedrecht
6845,Ristobar Italica,1083.0744620729238,2.4,Sliedrecht
6846,Le Bon,1008.7088239418918,4.0,Sliedrecht
6847,De Bonte Bengel,574.7221520255662,2.8,Sliedrecht
6848,Subway,861.8243738210845,5.0,Sliedrecht
6849,Cafe Bali,920.3244724023469,3.7,Sliedrecht
6850,De Binnenkomer,599.4072940907039,4.7,OV-fiets - Maastricht
6851,Vers Eten & Drinken,77.34336015072499,4.5,OV-fiets - Maastricht
6852,Daikichi,54.04131208278735,4.0,OV-fiets - Maastricht
6853,Burger King,38.753209797124605,3.0,OV-fiets - Maastricht
6854,Deli,1009.748379483375,4.8,OV-fiets - Maastricht
6855,Anne & Max,1050.9389047964175,4.8,OV-fiets - Maastricht
6856,De Buren,1060.7939670377473,4.1,OV-fiets - Maastricht
6857,King Sing,212.2733144925375,3.0,OV-fiets - Maastricht
6858,Aloha,852.7449434363177,4.0,OV-fiets - Maastricht
6859,Stadsstrand de Kade,620.6513341917654,5.0,OV-fiets - Maastricht
6860,Alkmaars Koffiehuis,723.9196172713763,5.0,OV-fiets - Maastricht
6861,Schots Restaurant Hielander,1008.5839781538273,3.8,OV-fiets - Maastricht
6862,Saladebar Oogst,479.2986157354422,5.0,OV-fiets - Maastricht
6863,Irish Pub Gunnery's,1101.3625315377635,5.0,OV-fiets - Maastricht
6864,Mojo's,942.0027393749233,5.0,OV-fiets - Maastricht
6865,Het Grand Cafeetje,935.7281656931732,4.0,OV-fiets - Maastricht
6866,Horecacentrum De Studio,516.498093746401,5.0,OV-fiets - Maastricht
6867,Vito,1485.8453538466451,4.3,OV-fiets - Maastricht
6868,Abby's,852.017140325663,4.3,OV-fiets - Maastricht
6869,Proeflokaal Bregje,525.2107427451322,2.3,OV-fiets - Maastricht
6870,restaurant zegels,744.6440355872974,4.7,OV-fiets - Maastricht
6871,Meat & Co,1020.6355087576528,4.3,OV-fiets - Maastricht
6872,Fresh Food,93.87041630226362,0.0,OV-fiets - Maastricht
6873,Petershoek Café,90.49918999393957,0.0,OV-fiets - Maastricht
6874,Burgers & Zo,566.070511391871,3.5,OV-fiets - Maastricht
6875,Pizzeria Ristorante La Famiglia,499.8180731679537,4.0,OV-fiets - Maastricht
6876,Heeren van Sonoy,811.7969541676354,3.0,OV-fiets - Maastricht
6877,Gulden Vlies,749.6198242086455,4.0,OV-fiets - Maastricht
6878,La Cubanita Alkmaar,1019.1139257354848,5.0,OV-fiets - Maastricht
6879,SuperThai Restaurant ,749.6106910535735,3.3,OV-fiets - Maastricht
6880,Café-Bar Odeon,1117.6786219087742,4.0,OV-fiets - Maastricht
6881,Grand Café Klunder,491.1964571528282,0.0,OV-fiets - Maastricht
6882,1480 Food Bar,1019.4541370951409,4.0,OV-fiets - Maastricht
6883,Restaurant Tapas &,1057.2459116972116,5.0,OV-fiets - Maastricht
6884,Happy Italy,518.4117475871739,3.3,OV-fiets - Maastricht
6885,Granada Grand Cafe & Restaurant,597.1834813755764,5.0,OV-fiets - Maastricht
6886,Proeflokaal De Boom,942.184391949158,0.0,OV-fiets - Maastricht
6887,Kunchai,994.5218072237367,4.5,OV-fiets - Maastricht
6888,Cafe De Pilaren,1085.9413393183647,5.0,OV-fiets - Maastricht
6889,Moeke,484.4824365505958,0.0,OV-fiets - Maastricht
6890,De Amstelhoek,967.9020076874574,4.0,OV-fiets - Maastricht
6891,Il Colosseo,738.3859911669595,5.0,OV-fiets - Maastricht
6892,Rue de la Plume,789.023446360917,5.0,OV-fiets - Maastricht
6893,'t Friethuys,937.8352468571736,5.0,OV-fiets - Maastricht
6894,Taormina,1149.6070313784464,5.0,OV-fiets - Maastricht
6895,Ristobar Italica,1083.0744620729238,2.4,OV-fiets - Maastricht
6896,Le Bon,1008.7088239418918,4.0,OV-fiets - Maastricht
6897,De Bonte Bengel,574.7221520255662,2.8,OV-fiets - Maastricht
6898,Subway,861.8243738210845,5.0,OV-fiets - Maastricht
6899,Cafe Bali,920.3244724023469,3.7,OV-fiets - Maastricht
6900,De Binnenkomer,599.4072940907039,4.7,Nunspeet
6901,Vers Eten & Drinken,77.34336015072499,4.5,Nunspeet
6902,Daikichi,54.04131208278735,4.0,Nunspeet
6903,Burger King,38.753209797124605,3.0,Nunspeet
6904,Deli,1009.748379483375,4.8,Nunspeet
6905,Anne & Max,1050.9389047964175,4.8,Nunspeet
6906,De Buren,1060.7939670377473,4.1,Nunspeet
6907,King Sing,212.2733144925375,3.0,Nunspeet
6908,Aloha,852.7449434363177,4.0,Nunspeet
6909,Stadsstrand de Kade,620.6513341917654,5.0,Nunspeet
6910,Alkmaars Koffiehuis,723.9196172713763,5.0,Nunspeet
6911,Schots Restaurant Hielander,1008.5839781538273,3.8,Nunspeet
6912,Saladebar Oogst,479.2986157354422,5.0,Nunspeet
6913,Irish Pub Gunnery's,1101.3625315377635,5.0,Nunspeet
6914,Mojo's,942.0027393749233,5.0,Nunspeet
6915,Het Grand Cafeetje,935.7281656931732,4.0,Nunspeet
6916,Horecacentrum De Studio,516.498093746401,5.0,Nunspeet
6917,Vito,1485.8453538466451,4.3,Nunspeet
6918,Abby's,852.017140325663,4.3,Nunspeet
6919,Proeflokaal Bregje,525.2107427451322,2.3,Nunspeet
6920,restaurant zegels,744.6440355872974,4.7,Nunspeet
6921,Meat & Co,1020.6355087576528,4.3,Nunspeet
6922,Fresh Food,93.87041630226362,0.0,Nunspeet
6923,Petershoek Café,90.49918999393957,0.0,Nunspeet
6924,Burgers & Zo,566.070511391871,3.5,Nunspeet
6925,Pizzeria Ristorante La Famiglia,499.8180731679537,4.0,Nunspeet
6926,Heeren van Sonoy,811.7969541676354,3.0,Nunspeet
6927,Gulden Vlies,749.6198242086455,4.0,Nunspeet
6928,La Cubanita Alkmaar,1019.1139257354848,5.0,Nunspeet
6929,SuperThai Restaurant ,749.6106910535735,3.3,Nunspeet
6930,Café-Bar Odeon,1117.6786219087742,4.0,Nunspeet
6931,Grand Café Klunder,491.1964571528282,0.0,Nunspeet
6932,1480 Food Bar,1019.4541370951409,4.0,Nunspeet
6933,Restaurant Tapas &,1057.2459116972116,5.0,Nunspeet
6934,Happy Italy,518.4117475871739,3.3,Nunspeet
6935,Granada Grand Cafe & Restaurant,597.1834813755764,5.0,Nunspeet
6936,Proeflokaal De Boom,942.184391949158,0.0,Nunspeet
6937,Kunchai,994.5218072237367,4.5,Nunspeet
6938,Cafe De Pilaren,1085.9413393183647,5.0,Nunspeet
6939,Moeke,484.4824365505958,0.0,Nunspeet
6940,De Amstelhoek,967.9020076874574,4.0,Nunspeet
6941,Il Colosseo,738.3859911669595,5.0,Nunspeet
6942,Rue de la Plume,789.023446360917,5.0,Nunspeet
6943,'t Friethuys,937.8352468571736,5.0,Nunspeet
6944,Taormina,1149.6070313784464,5.0,Nunspeet
6945,Ristobar Italica,1083.0744620729238,2.4,Nunspeet
6946,Le Bon,1008.7088239418918,4.0,Nunspeet
6947,De Bonte Bengel,574.7221520255662,2.8,Nunspeet
6948,Subway,861.8243738210845,5.0,Nunspeet
6949,Cafe Bali,920.3244724023469,3.7,Nunspeet
6950,De Binnenkomer,599.4072940907039,4.7,Brummen
6951,Vers Eten & Drinken,77.34336015072499,4.5,Brummen
6952,Daikichi,54.04131208278735,4.0,Brummen
6953,Burger King,38.753209797124605,3.0,Brummen
6954,Deli,1009.748379483375,4.8,Brummen
6955,Anne & Max,1050.9389047964175,4.8,Brummen
6956,De Buren,1060.7939670377473,4.1,Brummen
6957,King Sing,212.2733144925375,3.0,Brummen
6958,Aloha,852.7449434363177,4.0,Brummen
6959,Stadsstrand de Kade,620.6513341917654,5.0,Brummen
6960,Alkmaars Koffiehuis,723.9196172713763,5.0,Brummen
6961,Schots Restaurant Hielander,1008.5839781538273,3.8,Brummen
6962,Saladebar Oogst,479.2986157354422,5.0,Brummen
6963,Irish Pub Gunnery's,1101.3625315377635,5.0,Brummen
6964,Mojo's,942.0027393749233,5.0,Brummen
6965,Het Grand Cafeetje,935.7281656931732,4.0,Brummen
6966,Horecacentrum De Studio,516.498093746401,5.0,Brummen
6967,Vito,1485.8453538466451,4.3,Brummen
6968,Abby's,852.017140325663,4.3,Brummen
6969,Proeflokaal Bregje,525.2107427451322,2.3,Brummen
6970,restaurant zegels,744.6440355872974,4.7,Brummen
6971,Meat & Co,1020.6355087576528,4.3,Brummen
6972,Fresh Food,93.87041630226362,0.0,Brummen
6973,Petershoek Café,90.49918999393957,0.0,Brummen
6974,Burgers & Zo,566.070511391871,3.5,Brummen
6975,Pizzeria Ristorante La Famiglia,499.8180731679537,4.0,Brummen
6976,Heeren van Sonoy,811.7969541676354,3.0,Brummen
6977,Gulden Vlies,749.6198242086455,4.0,Brummen
6978,La Cubanita Alkmaar,1019.1139257354848,5.0,Brummen
6979,SuperThai Restaurant ,749.6106910535735,3.3,Brummen
6980,Café-Bar Odeon,1117.6786219087742,4.0,Brummen
6981,Grand Café Klunder,491.1964571528282,0.0,Brummen
6982,1480 Food Bar,1019.4541370951409,4.0,Brummen
6983,Restaurant Tapas &,1057.2459116972116,5.0,Brummen
6984,Happy Italy,518.4117475871739,3.3,Brummen
6985,Granada Grand Cafe & Restaurant,597.1834813755764,5.0,Brummen
6986,Proeflokaal De Boom,942.184391949158,0.0,Brummen
6987,Kunchai,994.5218072237367,4.5,Brummen
6988,Cafe De Pilaren,1085.9413393183647,5.0,Brummen
6989,Moeke,484.4824365505958,0.0,Brummen
6990,De Amstelhoek,967.9020076874574,4.0,Brummen
6991,Il Colosseo,738.3859911669595,5.0,Brummen
6992,Rue de la Plume,789.023446360917,5.0,Brummen
6993,'t Friethuys,937.8352468571736,5.0,Brummen
6994,Taormina,1149.6070313784464,5.0,Brummen
6995,Ristobar Italica,1083.0744620729238,2.4,Brummen
6996,Le Bon,1008.7088239418918,4.0,Brummen
6997,De Bonte Bengel,574.7221520255662,2.8,Brummen
6998,Subway,861.8243738210845,5.0,Brummen
6999,Cafe Bali,920.3244724023469,3.7,Brummen
7000,De Binnenkomer,599.4072940907039,4.7,Zaltbommel
7001,Vers Eten & Drinken,77.34336015072499,4.5,Zaltbommel
7002,Daikichi,54.04131208278735,4.0,Zaltbommel
7003,Burger King,38.753209797124605,3.0,Zaltbommel
7004,Deli,1009.748379483375,4.8,Zaltbommel
7005,Anne & Max,1050.9389047964175,4.8,Zaltbommel
7006,De Buren,1060.7939670377473,4.1,Zaltbommel
7007,King Sing,212.2733144925375,3.0,Zaltbommel
7008,Aloha,852.7449434363177,4.0,Zaltbommel
7009,Stadsstrand de Kade,620.6513341917654,5.0,Zaltbommel
7010,Alkmaars Koffiehuis,723.9196172713763,5.0,Zaltbommel
7011,Schots Restaurant Hielander,1008.5839781538273,3.8,Zaltbommel
7012,Saladebar Oogst,479.2986157354422,5.0,Zaltbommel
7013,Irish Pub Gunnery's,1101.3625315377635,5.0,Zaltbommel
7014,Mojo's,942.0027393749233,5.0,Zaltbommel
7015,Het Grand Cafeetje,935.7281656931732,4.0,Zaltbommel
7016,Horecacentrum De Studio,516.498093746401,5.0,Zaltbommel
7017,Vito,1485.8453538466451,4.3,Zaltbommel
7018,Abby's,852.017140325663,4.3,Zaltbommel
7019,Proeflokaal Bregje,525.2107427451322,2.3,Zaltbommel
7020,restaurant zegels,744.6440355872974,4.7,Zaltbommel
7021,Meat & Co,1020.6355087576528,4.3,Zaltbommel
7022,Fresh Food,93.87041630226362,0.0,Zaltbommel
7023,Petershoek Café,90.49918999393957,0.0,Zaltbommel
7024,Burgers & Zo,566.070511391871,3.5,Zaltbommel
7025,Pizzeria Ristorante La Famiglia,499.8180731679537,4.0,Zaltbommel
7026,Heeren van Sonoy,811.7969541676354,3.0,Zaltbommel
7027,Gulden Vlies,749.6198242086455,4.0,Zaltbommel
7028,La Cubanita Alkmaar,1019.1139257354848,5.0,Zaltbommel
7029,SuperThai Restaurant ,749.6106910535735,3.3,Zaltbommel
7030,Café-Bar Odeon,1117.6786219087742,4.0,Zaltbommel
7031,Grand Café Klunder,491.1964571528282,0.0,Zaltbommel
7032,1480 Food Bar,1019.4541370951409,4.0,Zaltbommel
7033,Restaurant Tapas &,1057.2459116972116,5.0,Zaltbommel
7034,Happy Italy,518.4117475871739,3.3,Zaltbommel
7035,Granada Grand Cafe & Restaurant,597.1834813755764,5.0,Zaltbommel
7036,Proeflokaal De Boom,942.184391949158,0.0,Zaltbommel
7037,Kunchai,994.5218072237367,4.5,Zaltbommel
7038,Cafe De Pilaren,1085.9413393183647,5.0,Zaltbommel
7039,Moeke,484.4824365505958,0.0,Zaltbommel
7040,De Amstelhoek,967.9020076874574,4.0,Zaltbommel
7041,Il Colosseo,738.3859911669595,5.0,Zaltbommel
7042,Rue de la Plume,789.023446360917,5.0,Zaltbommel
7043,'t Friethuys,937.8352468571736,5.0,Zaltbommel
7044,Taormina,1149.6070313784464,5.0,Zaltbommel
7045,Ristobar Italica,1083.0744620729238,2.4,Zaltbommel
7046,Le Bon,1008.7088239418918,4.0,Zaltbommel
7047,De Bonte Bengel,574.7221520255662,2.8,Zaltbommel
7048,Subway,861.8243738210845,5.0,Zaltbommel
7049,Cafe Bali,920.3244724023469,3.7,Zaltbommel
7050,De Binnenkomer,599.4072940907039,4.7,'s-Hertogenbosch Oost
7051,Vers Eten & Drinken,77.34336015072499,4.5,'s-Hertogenbosch Oost
7052,Daikichi,54.04131208278735,4.0,'s-Hertogenbosch Oost
7053,Burger King,38.753209797124605,3.0,'s-Hertogenbosch Oost
7054,Deli,1009.748379483375,4.8,'s-Hertogenbosch Oost
7055,Anne & Max,1050.9389047964175,4.8,'s-Hertogenbosch Oost
7056,De Buren,1060.7939670377473,4.1,'s-Hertogenbosch Oost
7057,King Sing,212.2733144925375,3.0,'s-Hertogenbosch Oost
7058,Aloha,852.7449434363177,4.0,'s-Hertogenbosch Oost
7059,Stadsstrand de Kade,620.6513341917654,5.0,'s-Hertogenbosch Oost
7060,Alkmaars Koffiehuis,723.9196172713763,5.0,'s-Hertogenbosch Oost
7061,Schots Restaurant Hielander,1008.5839781538273,3.8,'s-Hertogenbosch Oost
7062,Saladebar Oogst,479.2986157354422,5.0,'s-Hertogenbosch Oost
7063,Irish Pub Gunnery's,1101.3625315377635,5.0,'s-Hertogenbosch Oost
7064,Mojo's,942.0027393749233,5.0,'s-Hertogenbosch Oost
7065,Het Grand Cafeetje,935.7281656931732,4.0,'s-Hertogenbosch Oost
7066,Horecacentrum De Studio,516.498093746401,5.0,'s-Hertogenbosch Oost
7067,Vito,1485.8453538466451,4.3,'s-Hertogenbosch Oost
7068,Abby's,852.017140325663,4.3,'s-Hertogenbosch Oost
7069,Proeflokaal Bregje,525.2107427451322,2.3,'s-Hertogenbosch Oost
7070,restaurant zegels,744.6440355872974,4.7,'s-Hertogenbosch Oost
7071,Meat & Co,1020.6355087576528,4.3,'s-Hertogenbosch Oost
7072,Fresh Food,93.87041630226362,0.0,'s-Hertogenbosch Oost
7073,Petershoek Café,90.49918999393957,0.0,'s-Hertogenbosch Oost
7074,Burgers & Zo,566.070511391871,3.5,'s-Hertogenbosch Oost
7075,Pizzeria Ristorante La Famiglia,499.8180731679537,4.0,'s-Hertogenbosch Oost
7076,Heeren van Sonoy,811.7969541676354,3.0,'s-Hertogenbosch Oost
7077,Gulden Vlies,749.6198242086455,4.0,'s-Hertogenbosch Oost
7078,La Cubanita Alkmaar,1019.1139257354848,5.0,'s-Hertogenbosch Oost
7079,SuperThai Restaurant ,749.6106910535735,3.3,'s-Hertogenbosch Oost
7080,Café-Bar Odeon,1117.6786219087742,4.0,'s-Hertogenbosch Oost
7081,Grand Café Klunder,491.1964571528282,0.0,'s-Hertogenbosch Oost
7082,1480 Food Bar,1019.4541370951409,4.0,'s-Hertogenbosch Oost
7083,Restaurant Tapas &,1057.2459116972116,5.0,'s-Hertogenbosch Oost
7084,Happy Italy,518.4117475871739,3.3,'s-Hertogenbosch Oost
7085,Granada Grand Cafe & Restaurant,597.1834813755764,5.0,'s-Hertogenbosch Oost
7086,Proeflokaal De Boom,942.184391949158,0.0,'s-Hertogenbosch Oost
7087,Kunchai,994.5218072237367,4.5,'s-Hertogenbosch Oost
7088,Cafe De Pilaren,1085.9413393183647,5.0,'s-Hertogenbosch Oost
7089,Moeke,484.4824365505958,0.0,'s-Hertogenbosch Oost
7090,De Amstelhoek,967.9020076874574,4.0,'s-Hertogenbosch Oost
7091,Il Colosseo,738.3859911669595,5.0,'s-Hertogenbosch Oost
7092,Rue de la Plume,789.023446360917,5.0,'s-Hertogenbosch Oost
7093,'t Friethuys,937.8352468571736,5.0,'s-Hertogenbosch Oost
7094,Taormina,1149.6070313784464,5.0,'s-Hertogenbosch Oost
7095,Ristobar Italica,1083.0744620729238,2.4,'s-Hertogenbosch Oost
7096,Le Bon,1008.7088239418918,4.0,'s-Hertogenbosch Oost
7097,De Bonte Bengel,574.7221520255662,2.8,'s-Hertogenbosch Oost
7098,Subway,861.8243738210845,5.0,'s-Hertogenbosch Oost
7099,Cafe Bali,920.3244724023469,3.7,'s-Hertogenbosch Oost
7100,De Binnenkomer,599.4072940907039,4.7,Driehuis
7101,Vers Eten & Drinken,77.34336015072499,4.5,Driehuis
7102,Daikichi,54.04131208278735,4.0,Driehuis
7103,Burger King,38.753209797124605,3.0,Driehuis
7104,Deli,1009.748379483375,4.8,Driehuis
7105,Anne & Max,1050.9389047964175,4.8,Driehuis
7106,De Buren,1060.7939670377473,4.1,Driehuis
7107,King Sing,212.2733144925375,3.0,Driehuis
7108,Aloha,852.7449434363177,4.0,Driehuis
7109,Stadsstrand de Kade,620.6513341917654,5.0,Driehuis
7110,Alkmaars Koffiehuis,723.9196172713763,5.0,Driehuis
7111,Schots Restaurant Hielander,1008.5839781538273,3.8,Driehuis
7112,Saladebar Oogst,479.2986157354422,5.0,Driehuis
7113,Irish Pub Gunnery's,1101.3625315377635,5.0,Driehuis
7114,Mojo's,942.0027393749233,5.0,Driehuis
7115,Het Grand Cafeetje,935.7281656931732,4.0,Driehuis
7116,Horecacentrum De Studio,516.498093746401,5.0,Driehuis
7117,Vito,1485.8453538466451,4.3,Driehuis
7118,Abby's,852.017140325663,4.3,Driehuis
7119,Proeflokaal Bregje,525.2107427451322,2.3,Driehuis
7120,restaurant zegels,744.6440355872974,4.7,Driehuis
7121,Meat & Co,1020.6355087576528,4.3,Driehuis
7122,Fresh Food,93.87041630226362,0.0,Driehuis
7123,Petershoek Café,90.49918999393957,0.0,Driehuis
7124,Burgers & Zo,566.070511391871,3.5,Driehuis
7125,Pizzeria Ristorante La Famiglia,499.8180731679537,4.0,Driehuis
7126,Heeren van Sonoy,811.7969541676354,3.0,Driehuis
7127,Gulden Vlies,749.6198242086455,4.0,Driehuis
7128,La Cubanita Alkmaar,1019.1139257354848,5.0,Driehuis
7129,SuperThai Restaurant ,749.6106910535735,3.3,Driehuis
7130,Café-Bar Odeon,1117.6786219087742,4.0,Driehuis
7131,Grand Café Klunder,491.1964571528282,0.0,Driehuis
7132,1480 Food Bar,1019.4541370951409,4.0,Driehuis
7133,Restaurant Tapas &,1057.2459116972116,5.0,Driehuis
7134,Happy Italy,518.4117475871739,3.3,Driehuis
7135,Granada Grand Cafe & Restaurant,597.1834813755764,5.0,Driehuis
7136,Proeflokaal De Boom,942.184391949158,0.0,Driehuis
7137,Kunchai,994.5218072237367,4.5,Driehuis
7138,Cafe De Pilaren,1085.9413393183647,5.0,Driehuis
7139,Moeke,484.4824365505958,0.0,Driehuis
7140,De Amstelhoek,967.9020076874574,4.0,Driehuis
7141,Il Colosseo,738.3859911669595,5.0,Driehuis
7142,Rue de la Plume,789.023446360917,5.0,Driehuis
7143,'t Friethuys,937.8352468571736,5.0,Driehuis
7144,Taormina,1149.6070313784464,5.0,Driehuis
7145,Ristobar Italica,1083.0744620729238,2.4,Driehuis
7146,Le Bon,1008.7088239418918,4.0,Driehuis
7147,De Bonte Bengel,574.7221520255662,2.8,Driehuis
7148,Subway,861.8243738210845,5.0,Driehuis
7149,Cafe Bali,920.3244724023469,3.7,Driehuis
7150,De Binnenkomer,599.4072940907039,4.7,Maarssen
7151,Vers Eten & Drinken,77.34336015072499,4.5,Maarssen
7152,Daikichi,54.04131208278735,4.0,Maarssen
7153,Burger King,38.753209797124605,3.0,Maarssen
7154,Deli,1009.748379483375,4.8,Maarssen
7155,Anne & Max,1050.9389047964175,4.8,Maarssen
7156,De Buren,1060.7939670377473,4.1,Maarssen
7157,King Sing,212.2733144925375,3.0,Maarssen
7158,Aloha,852.7449434363177,4.0,Maarssen
7159,Stadsstrand de Kade,620.6513341917654,5.0,Maarssen
7160,Alkmaars Koffiehuis,723.9196172713763,5.0,Maarssen
7161,Schots Restaurant Hielander,1008.5839781538273,3.8,Maarssen
7162,Saladebar Oogst,479.2986157354422,5.0,Maarssen
7163,Irish Pub Gunnery's,1101.3625315377635,5.0,Maarssen
7164,Mojo's,942.0027393749233,5.0,Maarssen
7165,Het Grand Cafeetje,935.7281656931732,4.0,Maarssen
7166,Horecacentrum De Studio,516.498093746401,5.0,Maarssen
7167,Vito,1485.8453538466451,4.3,Maarssen
7168,Abby's,852.017140325663,4.3,Maarssen
7169,Proeflokaal Bregje,525.2107427451322,2.3,Maarssen
7170,restaurant zegels,744.6440355872974,4.7,Maarssen
7171,Meat & Co,1020.6355087576528,4.3,Maarssen
7172,Fresh Food,93.87041630226362,0.0,Maarssen
7173,Petershoek Café,90.49918999393957,0.0,Maarssen
7174,Burgers & Zo,566.070511391871,3.5,Maarssen
7175,Pizzeria Ristorante La Famiglia,499.8180731679537,4.0,Maarssen
7176,Heeren van Sonoy,811.7969541676354,3.0,Maarssen
7177,Gulden Vlies,749.6198242086455,4.0,Maarssen
7178,La Cubanita Alkmaar,1019.1139257354848,5.0,Maarssen
7179,SuperThai Restaurant ,749.6106910535735,3.3,Maarssen
7180,Café-Bar Odeon,1117.6786219087742,4.0,Maarssen
7181,Grand Café Klunder,491.1964571528282,0.0,Maarssen
7182,1480 Food Bar,1019.4541370951409,4.0,Maarssen
7183,Restaurant Tapas &,1057.2459116972116,5.0,Maarssen
7184,Happy Italy,518.4117475871739,3.3,Maarssen
7185,Granada Grand Cafe & Restaurant,597.1834813755764,5.0,Maarssen
7186,Proeflokaal De Boom,942.184391949158,0.0,Maarssen
7187,Kunchai,994.5218072237367,4.5,Maarssen
7188,Cafe De Pilaren,1085.9413393183647,5.0,Maarssen
7189,Moeke,484.4824365505958,0.0,Maarssen
7190,De Amstelhoek,967.9020076874574,4.0,Maarssen
7191,Il Colosseo,738.3859911669595,5.0,Maarssen
7192,Rue de la Plume,789.023446360917,5.0,Maarssen
7193,'t Friethuys,937.8352468571736,5.0,Maarssen
7194,Taormina,1149.6070313784464,5.0,Maarssen
7195,Ristobar Italica,1083.0744620729238,2.4,Maarssen
7196,Le Bon,1008.7088239418918,4.0,Maarssen
7197,De Bonte Bengel,574.7221520255662,2.8,Maarssen
7198,Subway,861.8243738210845,5.0,Maarssen
7199,Cafe Bali,920.3244724023469,3.7,Maarssen
7200,De Binnenkomer,599.4072940907039,4.7,IJsselstijn UT
7201,Vers Eten & Drinken,77.34336015072499,4.5,IJsselstijn UT
7202,Daikichi,54.04131208278735,4.0,IJsselstijn UT
7203,Burger King,38.753209797124605,3.0,IJsselstijn UT
7204,Deli,1009.748379483375,4.8,IJsselstijn UT
7205,Anne & Max,1050.9389047964175,4.8,IJsselstijn UT
7206,De Buren,1060.7939670377473,4.1,IJsselstijn UT
7207,King Sing,212.2733144925375,3.0,IJsselstijn UT
7208,Aloha,852.7449434363177,4.0,IJsselstijn UT
7209,Stadsstrand de Kade,620.6513341917654,5.0,IJsselstijn UT
7210,Alkmaars Koffiehuis,723.9196172713763,5.0,IJsselstijn UT
7211,Schots Restaurant Hielander,1008.5839781538273,3.8,IJsselstijn UT
7212,Saladebar Oogst,479.2986157354422,5.0,IJsselstijn UT
7213,Irish Pub Gunnery's,1101.3625315377635,5.0,IJsselstijn UT
7214,Mojo's,942.0027393749233,5.0,IJsselstijn UT
7215,Het Grand Cafeetje,935.7281656931732,4.0,IJsselstijn UT
7216,Horecacentrum De Studio,516.498093746401,5.0,IJsselstijn UT
7217,Vito,1485.8453538466451,4.3,IJsselstijn UT
7218,Abby's,852.017140325663,4.3,IJsselstijn UT
7219,Proeflokaal Bregje,525.2107427451322,2.3,IJsselstijn UT
7220,restaurant zegels,744.6440355872974,4.7,IJsselstijn UT
7221,Meat & Co,1020.6355087576528,4.3,IJsselstijn UT
7222,Fresh Food,93.87041630226362,0.0,IJsselstijn UT
7223,Petershoek Café,90.49918999393957,0.0,IJsselstijn UT
7224,Burgers & Zo,566.070511391871,3.5,IJsselstijn UT
7225,Pizzeria Ristorante La Famiglia,499.8180731679537,4.0,IJsselstijn UT
7226,Heeren van Sonoy,811.7969541676354,3.0,IJsselstijn UT
7227,Gulden Vlies,749.6198242086455,4.0,IJsselstijn UT
7228,La Cubanita Alkmaar,1019.1139257354848,5.0,IJsselstijn UT
7229,SuperThai Restaurant ,749.6106910535735,3.3,IJsselstijn UT
7230,Café-Bar Odeon,1117.6786219087742,4.0,IJsselstijn UT
7231,Grand Café Klunder,491.1964571528282,0.0,IJsselstijn UT
7232,1480 Food Bar,1019.4541370951409,4.0,IJsselstijn UT
7233,Restaurant Tapas &,1057.2459116972116,5.0,IJsselstijn UT
7234,Happy Italy,518.4117475871739,3.3,IJsselstijn UT
7235,Granada Grand Cafe & Restaurant,597.1834813755764,5.0,IJsselstijn UT
7236,Proeflokaal De Boom,942.184391949158,0.0,IJsselstijn UT
7237,Kunchai,994.5218072237367,4.5,IJsselstijn UT
7238,Cafe De Pilaren,1085.9413393183647,5.0,IJsselstijn UT
7239,Moeke,484.4824365505958,0.0,IJsselstijn UT
7240,De Amstelhoek,967.9020076874574,4.0,IJsselstijn UT
7241,Il Colosseo,738.3859911669595,5.0,IJsselstijn UT
7242,Rue de la Plume,789.023446360917,5.0,IJsselstijn UT
7243,'t Friethuys,937.8352468571736,5.0,IJsselstijn UT
7244,Taormina,1149.6070313784464,5.0,IJsselstijn UT
7245,Ristobar Italica,1083.0744620729238,2.4,IJsselstijn UT
7246,Le Bon,1008.7088239418918,4.0,IJsselstijn UT
7247,De Bonte Bengel,574.7221520255662,2.8,IJsselstijn UT
7248,Subway,861.8243738210845,5.0,IJsselstijn UT
7249,Cafe Bali,920.3244724023469,3.7,IJsselstijn UT
7250,De Binnenkomer,599.4072940907039,4.7,Houten Castellum
7251,Vers Eten & Drinken,77.34336015072499,4.5,Houten Castellum
7252,Daikichi,54.04131208278735,4.0,Houten Castellum
7253,Burger King,38.753209797124605,3.0,Houten Castellum
7254,Deli,1009.748379483375,4.8,Houten Castellum
7255,Anne & Max,1050.9389047964175,4.8,Houten Castellum
7256,De Buren,1060.7939670377473,4.1,Houten Castellum
7257,King Sing,212.2733144925375,3.0,Houten Castellum
7258,Aloha,852.7449434363177,4.0,Houten Castellum
7259,Stadsstrand de Kade,620.6513341917654,5.0,Houten Castellum
7260,Alkmaars Koffiehuis,723.9196172713763,5.0,Houten Castellum
7261,Schots Restaurant Hielander,1008.5839781538273,3.8,Houten Castellum
7262,Saladebar Oogst,479.2986157354422,5.0,Houten Castellum
7263,Irish Pub Gunnery's,1101.3625315377635,5.0,Houten Castellum
7264,Mojo's,942.0027393749233,5.0,Houten Castellum
7265,Het Grand Cafeetje,935.7281656931732,4.0,Houten Castellum
7266,Horecacentrum De Studio,516.498093746401,5.0,Houten Castellum
7267,Vito,1485.8453538466451,4.3,Houten Castellum
7268,Abby's,852.017140325663,4.3,Houten Castellum
7269,Proeflokaal Bregje,525.2107427451322,2.3,Houten Castellum
7270,restaurant zegels,744.6440355872974,4.7,Houten Castellum
7271,Meat & Co,1020.6355087576528,4.3,Houten Castellum
7272,Fresh Food,93.87041630226362,0.0,Houten Castellum
7273,Petershoek Café,90.49918999393957,0.0,Houten Castellum
7274,Burgers & Zo,566.070511391871,3.5,Houten Castellum
7275,Pizzeria Ristorante La Famiglia,499.8180731679537,4.0,Houten Castellum
7276,Heeren van Sonoy,811.7969541676354,3.0,Houten Castellum
7277,Gulden Vlies,749.6198242086455,4.0,Houten Castellum
7278,La Cubanita Alkmaar,1019.1139257354848,5.0,Houten Castellum
7279,SuperThai Restaurant ,749.6106910535735,3.3,Houten Castellum
7280,Café-Bar Odeon,1117.6786219087742,4.0,Houten Castellum
7281,Grand Café Klunder,491.1964571528282,0.0,Houten Castellum
7282,1480 Food Bar,1019.4541370951409,4.0,Houten Castellum
7283,Restaurant Tapas &,1057.2459116972116,5.0,Houten Castellum
7284,Happy Italy,518.4117475871739,3.3,Houten Castellum
7285,Granada Grand Cafe & Restaurant,597.1834813755764,5.0,Houten Castellum
7286,Proeflokaal De Boom,942.184391949158,0.0,Houten Castellum
7287,Kunchai,994.5218072237367,4.5,Houten Castellum
7288,Cafe De Pilaren,1085.9413393183647,5.0,Houten Castellum
7289,Moeke,484.4824365505958,0.0,Houten Castellum
7290,De Amstelhoek,967.9020076874574,4.0,Houten Castellum
7291,Il Colosseo,738.3859911669595,5.0,Houten Castellum
7292,Rue de la Plume,789.023446360917,5.0,Houten Castellum
7293,'t Friethuys,937.8352468571736,5.0,Houten Castellum
7294,Taormina,1149.6070313784464,5.0,Houten Castellum
7295,Ristobar Italica,1083.0744620729238,2.4,Houten Castellum
7296,Le Bon,1008.7088239418918,4.0,Houten Castellum
7297,De Bonte Bengel,574.7221520255662,2.8,Houten Castellum
7298,Subway,861.8243738210845,5.0,Houten Castellum
7299,Cafe Bali,920.3244724023469,3.7,Houten Castellum
7300,De Binnenkomer,599.4072940907039,4.7,Gouda
7301,Vers Eten & Drinken,77.34336015072499,4.5,Gouda
7302,Daikichi,54.04131208278735,4.0,Gouda
7303,Burger King,38.753209797124605,3.0,Gouda
7304,Deli,1009.748379483375,4.8,Gouda
7305,Anne & Max,1050.9389047964175,4.8,Gouda
7306,De Buren,1060.7939670377473,4.1,Gouda
7307,King Sing,212.2733144925375,3.0,Gouda
7308,Aloha,852.7449434363177,4.0,Gouda
7309,Stadsstrand de Kade,620.6513341917654,5.0,Gouda
7310,Alkmaars Koffiehuis,723.9196172713763,5.0,Gouda
7311,Schots Restaurant Hielander,1008.5839781538273,3.8,Gouda
7312,Saladebar Oogst,479.2986157354422,5.0,Gouda
7313,Irish Pub Gunnery's,1101.3625315377635,5.0,Gouda
7314,Mojo's,942.0027393749233,5.0,Gouda
7315,Het Grand Cafeetje,935.7281656931732,4.0,Gouda
7316,Horecacentrum De Studio,516.498093746401,5.0,Gouda
7317,Vito,1485.8453538466451,4.3,Gouda
7318,Abby's,852.017140325663,4.3,Gouda
7319,Proeflokaal Bregje,525.2107427451322,2.3,Gouda
7320,restaurant zegels,744.6440355872974,4.7,Gouda
7321,Meat & Co,1020.6355087576528,4.3,Gouda
7322,Fresh Food,93.87041630226362,0.0,Gouda
7323,Petershoek Café,90.49918999393957,0.0,Gouda
7324,Burgers & Zo,566.070511391871,3.5,Gouda
7325,Pizzeria Ristorante La Famiglia,499.8180731679537,4.0,Gouda
7326,Heeren van Sonoy,811.7969541676354,3.0,Gouda
7327,Gulden Vlies,749.6198242086455,4.0,Gouda
7328,La Cubanita Alkmaar,1019.1139257354848,5.0,Gouda
7329,SuperThai Restaurant ,749.6106910535735,3.3,Gouda
7330,Café-Bar Odeon,1117.6786219087742,4.0,Gouda
7331,Grand Café Klunder,491.1964571528282,0.0,Gouda
7332,1480 Food Bar,1019.4541370951409,4.0,Gouda
7333,Restaurant Tapas &,1057.2459116972116,5.0,Gouda
7334,Happy Italy,518.4117475871739,3.3,Gouda
7335,Granada Grand Cafe & Restaurant,597.1834813755764,5.0,Gouda
7336,Proeflokaal De Boom,942.184391949158,0.0,Gouda
7337,Kunchai,994.5218072237367,4.5,Gouda
7338,Cafe De Pilaren,1085.9413393183647,5.0,Gouda
7339,Moeke,484.4824365505958,0.0,Gouda
7340,De Amstelhoek,967.9020076874574,4.0,Gouda
7341,Il Colosseo,738.3859911669595,5.0,Gouda
7342,Rue de la Plume,789.023446360917,5.0,Gouda
7343,'t Friethuys,937.8352468571736,5.0,Gouda
7344,Taormina,1149.6070313784464,5.0,Gouda
7345,Ristobar Italica,1083.0744620729238,2.4,Gouda
7346,Le Bon,1008.7088239418918,4.0,Gouda
7347,De Bonte Bengel,574.7221520255662,2.8,Gouda
7348,Subway,861.8243738210845,5.0,Gouda
7349,Cafe Bali,920.3244724023469,3.7,Gouda
7350,De Binnenkomer,599.4072940907039,4.7,Wijchen
7351,Vers Eten & Drinken,77.34336015072499,4.5,Wijchen
7352,Daikichi,54.04131208278735,4.0,Wijchen
7353,Burger King,38.753209797124605,3.0,Wijchen
7354,Deli,1009.748379483375,4.8,Wijchen
7355,Anne & Max,1050.9389047964175,4.8,Wijchen
7356,De Buren,1060.7939670377473,4.1,Wijchen
7357,King Sing,212.2733144925375,3.0,Wijchen
7358,Aloha,852.7449434363177,4.0,Wijchen
7359,Stadsstrand de Kade,620.6513341917654,5.0,Wijchen
7360,Alkmaars Koffiehuis,723.9196172713763,5.0,Wijchen
7361,Schots Restaurant Hielander,1008.5839781538273,3.8,Wijchen
7362,Saladebar Oogst,479.2986157354422,5.0,Wijchen
7363,Irish Pub Gunnery's,1101.3625315377635,5.0,Wijchen
7364,Mojo's,942.0027393749233,5.0,Wijchen
7365,Het Grand Cafeetje,935.7281656931732,4.0,Wijchen
7366,Horecacentrum De Studio,516.498093746401,5.0,Wijchen
7367,Vito,1485.8453538466451,4.3,Wijchen
7368,Abby's,852.017140325663,4.3,Wijchen
7369,Proeflokaal Bregje,525.2107427451322,2.3,Wijchen
7370,restaurant zegels,744.6440355872974,4.7,Wijchen
7371,Meat & Co,1020.6355087576528,4.3,Wijchen
7372,Fresh Food,93.87041630226362,0.0,Wijchen
7373,Petershoek Café,90.49918999393957,0.0,Wijchen
7374,Burgers & Zo,566.070511391871,3.5,Wijchen
7375,Pizzeria Ristorante La Famiglia,499.8180731679537,4.0,Wijchen
7376,Heeren van Sonoy,811.7969541676354,3.0,Wijchen
7377,Gulden Vlies,749.6198242086455,4.0,Wijchen
7378,La Cubanita Alkmaar,1019.1139257354848,5.0,Wijchen
7379,SuperThai Restaurant ,749.6106910535735,3.3,Wijchen
7380,Café-Bar Odeon,1117.6786219087742,4.0,Wijchen
7381,Grand Café Klunder,491.1964571528282,0.0,Wijchen
7382,1480 Food Bar,1019.4541370951409,4.0,Wijchen
7383,Restaurant Tapas &,1057.2459116972116,5.0,Wijchen
7384,Happy Italy,518.4117475871739,3.3,Wijchen
7385,Granada Grand Cafe & Restaurant,597.1834813755764,5.0,Wijchen
7386,Proeflokaal De Boom,942.184391949158,0.0,Wijchen
7387,Kunchai,994.5218072237367,4.5,Wijchen
7388,Cafe De Pilaren,1085.9413393183647,5.0,Wijchen
7389,Moeke,484.4824365505958,0.0,Wijchen
7390,De Amstelhoek,967.9020076874574,4.0,Wijchen
7391,Il Colosseo,738.3859911669595,5.0,Wijchen
7392,Rue de la Plume,789.023446360917,5.0,Wijchen
7393,'t Friethuys,937.8352468571736,5.0,Wijchen
7394,Taormina,1149.6070313784464,5.0,Wijchen
7395,Ristobar Italica,1083.0744620729238,2.4,Wijchen
7396,Le Bon,1008.7088239418918,4.0,Wijchen
7397,De Bonte Bengel,574.7221520255662,2.8,Wijchen
7398,Subway,861.8243738210845,5.0,Wijchen
7399,Cafe Bali,920.3244724023469,3.7,Wijchen
7400,De Binnenkomer,599.4072940907039,4.7,Raalte
7401,Vers Eten & Drinken,77.34336015072499,4.5,Raalte
7402,Daikichi,54.04131208278735,4.0,Raalte
7403,Burger King,38.753209797124605,3.0,Raalte
7404,Deli,1009.748379483375,4.8,Raalte
7405,Anne & Max,1050.9389047964175,4.8,Raalte
7406,De Buren,1060.7939670377473,4.1,Raalte
7407,King Sing,212.2733144925375,3.0,Raalte
7408,Aloha,852.7449434363177,4.0,Raalte
7409,Stadsstrand de Kade,620.6513341917654,5.0,Raalte
7410,Alkmaars Koffiehuis,723.9196172713763,5.0,Raalte
7411,Schots Restaurant Hielander,1008.5839781538273,3.8,Raalte
7412,Saladebar Oogst,479.2986157354422,5.0,Raalte
7413,Irish Pub Gunnery's,1101.3625315377635,5.0,Raalte
7414,Mojo's,942.0027393749233,5.0,Raalte
7415,Het Grand Cafeetje,935.7281656931732,4.0,Raalte
7416,Horecacentrum De Studio,516.498093746401,5.0,Raalte
7417,Vito,1485.8453538466451,4.3,Raalte
7418,Abby's,852.017140325663,4.3,Raalte
7419,Proeflokaal Bregje,525.2107427451322,2.3,Raalte
7420,restaurant zegels,744.6440355872974,4.7,Raalte
7421,Meat & Co,1020.6355087576528,4.3,Raalte
7422,Fresh Food,93.87041630226362,0.0,Raalte
7423,Petershoek Café,90.49918999393957,0.0,Raalte
7424,Burgers & Zo,566.070511391871,3.5,Raalte
7425,Pizzeria Ristorante La Famiglia,499.8180731679537,4.0,Raalte
7426,Heeren van Sonoy,811.7969541676354,3.0,Raalte
7427,Gulden Vlies,749.6198242086455,4.0,Raalte
7428,La Cubanita Alkmaar,1019.1139257354848,5.0,Raalte
7429,SuperThai Restaurant ,749.6106910535735,3.3,Raalte
7430,Café-Bar Odeon,1117.6786219087742,4.0,Raalte
7431,Grand Café Klunder,491.1964571528282,0.0,Raalte
7432,1480 Food Bar,1019.4541370951409,4.0,Raalte
7433,Restaurant Tapas &,1057.2459116972116,5.0,Raalte
7434,Happy Italy,518.4117475871739,3.3,Raalte
7435,Granada Grand Cafe & Restaurant,597.1834813755764,5.0,Raalte
7436,Proeflokaal De Boom,942.184391949158,0.0,Raalte
7437,Kunchai,994.5218072237367,4.5,Raalte
7438,Cafe De Pilaren,1085.9413393183647,5.0,Raalte
7439,Moeke,484.4824365505958,0.0,Raalte
7440,De Amstelhoek,967.9020076874574,4.0,Raalte
7441,Il Colosseo,738.3859911669595,5.0,Raalte
7442,Rue de la Plume,789.023446360917,5.0,Raalte
7443,'t Friethuys,937.8352468571736,5.0,Raalte
7444,Taormina,1149.6070313784464,5.0,Raalte
7445,Ristobar Italica,1083.0744620729238,2.4,Raalte
7446,Le Bon,1008.7088239418918,4.0,Raalte
7447,De Bonte Bengel,574.7221520255662,2.8,Raalte
7448,Subway,861.8243738210845,5.0,Raalte
7449,Cafe Bali,920.3244724023469,3.7,Raalte
7450,De Binnenkomer,599.4072940907039,4.7,Ravenstein
7451,Vers Eten & Drinken,77.34336015072499,4.5,Ravenstein
7452,Daikichi,54.04131208278735,4.0,Ravenstein
7453,Burger King,38.753209797124605,3.0,Ravenstein
7454,Deli,1009.748379483375,4.8,Ravenstein
7455,Anne & Max,1050.9389047964175,4.8,Ravenstein
7456,De Buren,1060.7939670377473,4.1,Ravenstein
7457,King Sing,212.2733144925375,3.0,Ravenstein
7458,Aloha,852.7449434363177,4.0,Ravenstein
7459,Stadsstrand de Kade,620.6513341917654,5.0,Ravenstein
7460,Alkmaars Koffiehuis,723.9196172713763,5.0,Ravenstein
7461,Schots Restaurant Hielander,1008.5839781538273,3.8,Ravenstein
7462,Saladebar Oogst,479.2986157354422,5.0,Ravenstein
7463,Irish Pub Gunnery's,1101.3625315377635,5.0,Ravenstein
7464,Mojo's,942.0027393749233,5.0,Ravenstein
7465,Het Grand Cafeetje,935.7281656931732,4.0,Ravenstein
7466,Horecacentrum De Studio,516.498093746401,5.0,Ravenstein
7467,Vito,1485.8453538466451,4.3,Ravenstein
7468,Abby's,852.017140325663,4.3,Ravenstein
7469,Proeflokaal Bregje,525.2107427451322,2.3,Ravenstein
7470,restaurant zegels,744.6440355872974,4.7,Ravenstein
7471,Meat & Co,1020.6355087576528,4.3,Ravenstein
7472,Fresh Food,93.87041630226362,0.0,Ravenstein
7473,Petershoek Café,90.49918999393957,0.0,Ravenstein
7474,Burgers & Zo,566.070511391871,3.5,Ravenstein
7475,Pizzeria Ristorante La Famiglia,499.8180731679537,4.0,Ravenstein
7476,Heeren van Sonoy,811.7969541676354,3.0,Ravenstein
7477,Gulden Vlies,749.6198242086455,4.0,Ravenstein
7478,La Cubanita Alkmaar,1019.1139257354848,5.0,Ravenstein
7479,SuperThai Restaurant ,749.6106910535735,3.3,Ravenstein
7480,Café-Bar Odeon,1117.6786219087742,4.0,Ravenstein
7481,Grand Café Klunder,491.1964571528282,0.0,Ravenstein
7482,1480 Food Bar,1019.4541370951409,4.0,Ravenstein
7483,Restaurant Tapas &,1057.2459116972116,5.0,Ravenstein
7484,Happy Italy,518.4117475871739,3.3,Ravenstein
7485,Granada Grand Cafe & Restaurant,597.1834813755764,5.0,Ravenstein
7486,Proeflokaal De Boom,942.184391949158,0.0,Ravenstein
7487,Kunchai,994.5218072237367,4.5,Ravenstein
7488,Cafe De Pilaren,1085.9413393183647,5.0,Ravenstein
7489,Moeke,484.4824365505958,0.0,Ravenstein
7490,De Amstelhoek,967.9020076874574,4.0,Ravenstein
7491,Il Colosseo,738.3859911669595,5.0,Ravenstein
7492,Rue de la Plume,789.023446360917,5.0,Ravenstein
7493,'t Friethuys,937.8352468571736,5.0,Ravenstein
7494,Taormina,1149.6070313784464,5.0,Ravenstein
7495,Ristobar Italica,1083.0744620729238,2.4,Ravenstein
7496,Le Bon,1008.7088239418918,4.0,Ravenstein
7497,De Bonte Bengel,574.7221520255662,2.8,Ravenstein
7498,Subway,861.8243738210845,5.0,Ravenstein
7499,Cafe Bali,920.3244724023469,3.7,Ravenstein
